/*
 Navicat Premium Data Transfer

 Source Server         : 服务器
 Source Server Type    : MySQL
 Source Server Version : 80022
 Source Host           : 192.168.1.23:3306
 Source Schema         : ry-vue

 Target Server Type    : MySQL
 Target Server Version : 80022
 File Encoding         : 65001

 Date: 12/07/2023 11:02:37
*/

SET NAMES utf8mb4;
SET FOREIGN_KEY_CHECKS = 0;

-- ----------------------------
-- Table structure for gen_table
-- ----------------------------
DROP TABLE IF EXISTS `gen_table`;
CREATE TABLE `gen_table`  (
  `table_id` bigint(0) NOT NULL AUTO_INCREMENT COMMENT '编号',
  `table_name` varchar(200) CHARACTER SET utf8mb4 COLLATE utf8mb4_0900_ai_ci NULL DEFAULT '' COMMENT '表名称',
  `table_comment` varchar(500) CHARACTER SET utf8mb4 COLLATE utf8mb4_0900_ai_ci NULL DEFAULT '' COMMENT '表描述',
  `sub_table_name` varchar(64) CHARACTER SET utf8mb4 COLLATE utf8mb4_0900_ai_ci NULL DEFAULT NULL COMMENT '关联子表的表名',
  `sub_table_fk_name` varchar(64) CHARACTER SET utf8mb4 COLLATE utf8mb4_0900_ai_ci NULL DEFAULT NULL COMMENT '子表关联的外键名',
  `class_name` varchar(100) CHARACTER SET utf8mb4 COLLATE utf8mb4_0900_ai_ci NULL DEFAULT '' COMMENT '实体类名称',
  `tpl_category` varchar(200) CHARACTER SET utf8mb4 COLLATE utf8mb4_0900_ai_ci NULL DEFAULT 'crud' COMMENT '使用的模板（crud单表操作 tree树表操作）',
  `package_name` varchar(100) CHARACTER SET utf8mb4 COLLATE utf8mb4_0900_ai_ci NULL DEFAULT NULL COMMENT '生成包路径',
  `module_name` varchar(30) CHARACTER SET utf8mb4 COLLATE utf8mb4_0900_ai_ci NULL DEFAULT NULL COMMENT '生成模块名',
  `business_name` varchar(30) CHARACTER SET utf8mb4 COLLATE utf8mb4_0900_ai_ci NULL DEFAULT NULL COMMENT '生成业务名',
  `function_name` varchar(50) CHARACTER SET utf8mb4 COLLATE utf8mb4_0900_ai_ci NULL DEFAULT NULL COMMENT '生成功能名',
  `function_author` varchar(50) CHARACTER SET utf8mb4 COLLATE utf8mb4_0900_ai_ci NULL DEFAULT NULL COMMENT '生成功能作者',
  `gen_type` char(1) CHARACTER SET utf8mb4 COLLATE utf8mb4_0900_ai_ci NULL DEFAULT '0' COMMENT '生成代码方式（0zip压缩包 1自定义路径）',
  `gen_path` varchar(200) CHARACTER SET utf8mb4 COLLATE utf8mb4_0900_ai_ci NULL DEFAULT '/' COMMENT '生成路径（不填默认项目路径）',
  `options` varchar(1000) CHARACTER SET utf8mb4 COLLATE utf8mb4_0900_ai_ci NULL DEFAULT NULL COMMENT '其它生成选项',
  `create_by` varchar(64) CHARACTER SET utf8mb4 COLLATE utf8mb4_0900_ai_ci NULL DEFAULT '' COMMENT '创建者',
  `create_time` datetime(0) NULL DEFAULT NULL COMMENT '创建时间',
  `update_by` varchar(64) CHARACTER SET utf8mb4 COLLATE utf8mb4_0900_ai_ci NULL DEFAULT '' COMMENT '更新者',
  `update_time` datetime(0) NULL DEFAULT NULL COMMENT '更新时间',
  `remark` varchar(500) CHARACTER SET utf8mb4 COLLATE utf8mb4_0900_ai_ci NULL DEFAULT NULL COMMENT '备注',
  PRIMARY KEY (`table_id`) USING BTREE
) ENGINE = InnoDB AUTO_INCREMENT = 10 CHARACTER SET = utf8mb4 COLLATE = utf8mb4_0900_ai_ci COMMENT = '代码生成业务表' ROW_FORMAT = Dynamic;

-- ----------------------------
-- Records of gen_table
-- ----------------------------
INSERT INTO `gen_table` VALUES (3, 'address', '地址管理 ', NULL, NULL, 'Address', 'crud', 'com.ruoyi.system', 'system', 'address', '地址管理 ', 'ruoyi', '0', '/', NULL, 'admin', '2023-06-26 10:40:10', '', NULL, NULL);
INSERT INTO `gen_table` VALUES (8, 'user_friends', '用户好友 ', NULL, NULL, 'UserFriends', 'crud', 'com.ruoyi.qwk', 'qwk', 'friends', '用户好友 ', 'cjf', '0', '/', '{}', 'admin', '2023-06-27 13:59:47', '', '2023-06-27 14:00:14', NULL);
INSERT INTO `gen_table` VALUES (9, 'sys_user', '用户信息表', NULL, NULL, 'SysUser', 'crud', 'com.ruoyi.qwk', 'qwk', 'user', '用户信息', 'cjf', '0', '/', NULL, 'admin', '2023-07-10 15:16:01', '', NULL, NULL);

-- ----------------------------
-- Table structure for gen_table_column
-- ----------------------------
DROP TABLE IF EXISTS `gen_table_column`;
CREATE TABLE `gen_table_column`  (
  `column_id` bigint(0) NOT NULL AUTO_INCREMENT COMMENT '编号',
  `table_id` varchar(64) CHARACTER SET utf8mb4 COLLATE utf8mb4_0900_ai_ci NULL DEFAULT NULL COMMENT '归属表编号',
  `column_name` varchar(200) CHARACTER SET utf8mb4 COLLATE utf8mb4_0900_ai_ci NULL DEFAULT NULL COMMENT '列名称',
  `column_comment` varchar(500) CHARACTER SET utf8mb4 COLLATE utf8mb4_0900_ai_ci NULL DEFAULT NULL COMMENT '列描述',
  `column_type` varchar(100) CHARACTER SET utf8mb4 COLLATE utf8mb4_0900_ai_ci NULL DEFAULT NULL COMMENT '列类型',
  `java_type` varchar(500) CHARACTER SET utf8mb4 COLLATE utf8mb4_0900_ai_ci NULL DEFAULT NULL COMMENT 'JAVA类型',
  `java_field` varchar(200) CHARACTER SET utf8mb4 COLLATE utf8mb4_0900_ai_ci NULL DEFAULT NULL COMMENT 'JAVA字段名',
  `is_pk` char(1) CHARACTER SET utf8mb4 COLLATE utf8mb4_0900_ai_ci NULL DEFAULT NULL COMMENT '是否主键（1是）',
  `is_increment` char(1) CHARACTER SET utf8mb4 COLLATE utf8mb4_0900_ai_ci NULL DEFAULT NULL COMMENT '是否自增（1是）',
  `is_required` char(1) CHARACTER SET utf8mb4 COLLATE utf8mb4_0900_ai_ci NULL DEFAULT NULL COMMENT '是否必填（1是）',
  `is_insert` char(1) CHARACTER SET utf8mb4 COLLATE utf8mb4_0900_ai_ci NULL DEFAULT NULL COMMENT '是否为插入字段（1是）',
  `is_edit` char(1) CHARACTER SET utf8mb4 COLLATE utf8mb4_0900_ai_ci NULL DEFAULT NULL COMMENT '是否编辑字段（1是）',
  `is_list` char(1) CHARACTER SET utf8mb4 COLLATE utf8mb4_0900_ai_ci NULL DEFAULT NULL COMMENT '是否列表字段（1是）',
  `is_query` char(1) CHARACTER SET utf8mb4 COLLATE utf8mb4_0900_ai_ci NULL DEFAULT NULL COMMENT '是否查询字段（1是）',
  `query_type` varchar(200) CHARACTER SET utf8mb4 COLLATE utf8mb4_0900_ai_ci NULL DEFAULT 'EQ' COMMENT '查询方式（等于、不等于、大于、小于、范围）',
  `html_type` varchar(200) CHARACTER SET utf8mb4 COLLATE utf8mb4_0900_ai_ci NULL DEFAULT NULL COMMENT '显示类型（文本框、文本域、下拉框、复选框、单选框、日期控件）',
  `dict_type` varchar(200) CHARACTER SET utf8mb4 COLLATE utf8mb4_0900_ai_ci NULL DEFAULT '' COMMENT '字典类型',
  `sort` int(0) NULL DEFAULT NULL COMMENT '排序',
  `create_by` varchar(64) CHARACTER SET utf8mb4 COLLATE utf8mb4_0900_ai_ci NULL DEFAULT '' COMMENT '创建者',
  `create_time` datetime(0) NULL DEFAULT NULL COMMENT '创建时间',
  `update_by` varchar(64) CHARACTER SET utf8mb4 COLLATE utf8mb4_0900_ai_ci NULL DEFAULT '' COMMENT '更新者',
  `update_time` datetime(0) NULL DEFAULT NULL COMMENT '更新时间',
  PRIMARY KEY (`column_id`) USING BTREE
) ENGINE = InnoDB AUTO_INCREMENT = 80 CHARACTER SET = utf8mb4 COLLATE = utf8mb4_0900_ai_ci COMMENT = '代码生成业务表字段' ROW_FORMAT = Dynamic;

-- ----------------------------
-- Records of gen_table_column
-- ----------------------------
INSERT INTO `gen_table_column` VALUES (52, '8', 'user_id', '用户id', 'bigint', 'Long', 'userId', '0', '0', '1', '1', '1', '1', '1', 'EQ', 'input', '', 1, 'admin', '2023-06-27 13:59:47', '', '2023-06-27 14:00:14');
INSERT INTO `gen_table_column` VALUES (53, '8', 'friends_id', '好友id', 'varchar(32)', 'String', 'friendsId', '0', '0', '1', '1', '1', '1', '1', 'EQ', 'input', '', 2, 'admin', '2023-06-27 13:59:47', '', '2023-06-27 14:00:14');
INSERT INTO `gen_table_column` VALUES (54, '8', 'create_time', '创建时间', 'datetime', 'Date', 'createTime', '0', '0', '1', '1', '1', '1', '1', 'BETWEEN', 'datetime', '', 3, 'admin', '2023-06-27 13:59:47', '', '2023-06-27 14:00:14');
INSERT INTO `gen_table_column` VALUES (55, '8', 'deleted', '是否删除', 'bit(1)', 'Integer', 'deleted', '0', '0', '1', '1', '1', '1', '1', 'EQ', 'input', '', 4, 'admin', '2023-06-27 13:59:47', '', '2023-06-27 14:00:14');
INSERT INTO `gen_table_column` VALUES (56, '9', 'user_id', '用户ID', 'bigint', 'Long', 'userId', '1', '1', NULL, '1', NULL, NULL, NULL, 'EQ', 'input', '', 1, 'admin', '2023-07-10 15:16:01', '', NULL);
INSERT INTO `gen_table_column` VALUES (57, '9', 'dept_id', '部门ID', 'bigint', 'Long', 'deptId', '0', '0', NULL, '1', '1', '1', '1', 'EQ', 'input', '', 2, 'admin', '2023-07-10 15:16:01', '', NULL);
INSERT INTO `gen_table_column` VALUES (58, '9', 'real_name', '真实姓名', 'varchar(30)', 'String', 'realName', '0', '0', NULL, '1', '1', '1', '1', 'LIKE', 'input', '', 3, 'admin', '2023-07-10 15:16:01', '', NULL);
INSERT INTO `gen_table_column` VALUES (59, '9', 'user_name', '用户账号', 'varchar(30)', 'String', 'userName', '0', '0', '1', '1', '1', '1', '1', 'LIKE', 'input', '', 4, 'admin', '2023-07-10 15:16:01', '', NULL);
INSERT INTO `gen_table_column` VALUES (60, '9', 'nick_name', '用户昵称', 'varchar(30)', 'String', 'nickName', '0', '0', '1', '1', '1', '1', '1', 'LIKE', 'input', '', 5, 'admin', '2023-07-10 15:16:01', '', NULL);
INSERT INTO `gen_table_column` VALUES (61, '9', 'user_type', '用户类型（00系统用户）', 'varchar(2)', 'String', 'userType', '0', '0', NULL, '1', '1', '1', '1', 'EQ', 'select', '', 6, 'admin', '2023-07-10 15:16:01', '', NULL);
INSERT INTO `gen_table_column` VALUES (62, '9', 'im_user_id', '即时通讯的用户id', 'varchar(255)', 'String', 'imUserId', '0', '0', NULL, '1', '1', '1', '1', 'EQ', 'input', '', 7, 'admin', '2023-07-10 15:16:01', '', NULL);
INSERT INTO `gen_table_column` VALUES (63, '9', 'im_user_sig', '即时通讯的密码', 'varchar(255)', 'String', 'imUserSig', '0', '0', NULL, '1', '1', '1', '1', 'EQ', 'input', '', 8, 'admin', '2023-07-10 15:16:01', '', NULL);
INSERT INTO `gen_table_column` VALUES (64, '9', 'email', '用户邮箱', 'varchar(50)', 'String', 'email', '0', '0', NULL, '1', '1', '1', '1', 'EQ', 'input', '', 9, 'admin', '2023-07-10 15:16:01', '', NULL);
INSERT INTO `gen_table_column` VALUES (65, '9', 'id_card', '身份证号', 'varchar(50)', 'String', 'idCard', '0', '0', NULL, '1', '1', '1', '1', 'EQ', 'input', '', 10, 'admin', '2023-07-10 15:16:01', '', NULL);
INSERT INTO `gen_table_column` VALUES (66, '9', 'phonenumber', '手机号码', 'varchar(11)', 'String', 'phonenumber', '0', '0', NULL, '1', '1', '1', '1', 'EQ', 'input', '', 11, 'admin', '2023-07-10 15:16:01', '', NULL);
INSERT INTO `gen_table_column` VALUES (67, '9', 'wechat', '关联微信', 'varchar(255)', 'String', 'wechat', '0', '0', NULL, '1', '1', '1', '1', 'EQ', 'input', '', 12, 'admin', '2023-07-10 15:16:01', '', NULL);
INSERT INTO `gen_table_column` VALUES (68, '9', 'sex', '用户性别（0男 1女 2未知）', 'char(1)', 'String', 'sex', '0', '0', NULL, '1', '1', '1', '1', 'EQ', 'select', '', 13, 'admin', '2023-07-10 15:16:01', '', NULL);
INSERT INTO `gen_table_column` VALUES (69, '9', 'avatar', '头像地址', 'varchar(100)', 'String', 'avatar', '0', '0', NULL, '1', '1', '1', '1', 'EQ', 'input', '', 14, 'admin', '2023-07-10 15:16:01', '', NULL);
INSERT INTO `gen_table_column` VALUES (70, '9', 'password', '密码', 'varchar(100)', 'String', 'password', '0', '0', NULL, '1', '1', '1', '1', 'EQ', 'input', '', 15, 'admin', '2023-07-10 15:16:01', '', NULL);
INSERT INTO `gen_table_column` VALUES (71, '9', 'status', '帐号状态（0正常 1停用）', 'char(1)', 'String', 'status', '0', '0', NULL, '1', '1', '1', '1', 'EQ', 'radio', '', 16, 'admin', '2023-07-10 15:16:01', '', NULL);
INSERT INTO `gen_table_column` VALUES (72, '9', 'del_flag', '删除标志（0代表存在 2代表删除）', 'char(1)', 'String', 'delFlag', '0', '0', NULL, '1', NULL, NULL, NULL, 'EQ', 'input', '', 17, 'admin', '2023-07-10 15:16:01', '', NULL);
INSERT INTO `gen_table_column` VALUES (73, '9', 'login_ip', '最后登录IP', 'varchar(128)', 'String', 'loginIp', '0', '0', NULL, '1', '1', '1', '1', 'EQ', 'input', '', 18, 'admin', '2023-07-10 15:16:01', '', NULL);
INSERT INTO `gen_table_column` VALUES (74, '9', 'login_date', '最后登录时间', 'datetime', 'Date', 'loginDate', '0', '0', NULL, '1', '1', '1', '1', 'EQ', 'datetime', '', 19, 'admin', '2023-07-10 15:16:01', '', NULL);
INSERT INTO `gen_table_column` VALUES (75, '9', 'create_by', '创建者', 'varchar(64)', 'String', 'createBy', '0', '0', NULL, '1', NULL, NULL, NULL, 'EQ', 'input', '', 20, 'admin', '2023-07-10 15:16:01', '', NULL);
INSERT INTO `gen_table_column` VALUES (76, '9', 'create_time', '创建时间', 'datetime', 'Date', 'createTime', '0', '0', NULL, '1', NULL, NULL, NULL, 'EQ', 'datetime', '', 21, 'admin', '2023-07-10 15:16:01', '', NULL);
INSERT INTO `gen_table_column` VALUES (77, '9', 'update_by', '更新者', 'varchar(64)', 'String', 'updateBy', '0', '0', NULL, '1', '1', NULL, NULL, 'EQ', 'input', '', 22, 'admin', '2023-07-10 15:16:01', '', NULL);
INSERT INTO `gen_table_column` VALUES (78, '9', 'update_time', '更新时间', 'datetime', 'Date', 'updateTime', '0', '0', NULL, '1', '1', NULL, NULL, 'EQ', 'datetime', '', 23, 'admin', '2023-07-10 15:16:01', '', NULL);
INSERT INTO `gen_table_column` VALUES (79, '9', 'remark', '备注', 'varchar(500)', 'String', 'remark', '0', '0', NULL, '1', '1', '1', NULL, 'EQ', 'textarea', '', 24, 'admin', '2023-07-10 15:16:01', '', NULL);

-- ----------------------------
-- Table structure for qrtz_blob_triggers
-- ----------------------------
DROP TABLE IF EXISTS `qrtz_blob_triggers`;
CREATE TABLE `qrtz_blob_triggers`  (
  `sched_name` varchar(120) CHARACTER SET utf8mb4 COLLATE utf8mb4_0900_ai_ci NOT NULL COMMENT '调度名称',
  `trigger_name` varchar(200) CHARACTER SET utf8mb4 COLLATE utf8mb4_0900_ai_ci NOT NULL COMMENT 'qrtz_triggers表trigger_name的外键',
  `trigger_group` varchar(200) CHARACTER SET utf8mb4 COLLATE utf8mb4_0900_ai_ci NOT NULL COMMENT 'qrtz_triggers表trigger_group的外键',
  `blob_data` blob NULL COMMENT '存放持久化Trigger对象',
  PRIMARY KEY (`sched_name`, `trigger_name`, `trigger_group`) USING BTREE,
  CONSTRAINT `qrtz_blob_triggers_ibfk_1` FOREIGN KEY (`sched_name`, `trigger_name`, `trigger_group`) REFERENCES `qrtz_triggers` (`sched_name`, `trigger_name`, `trigger_group`) ON DELETE RESTRICT ON UPDATE RESTRICT
) ENGINE = InnoDB CHARACTER SET = utf8mb4 COLLATE = utf8mb4_0900_ai_ci COMMENT = 'Blob类型的触发器表' ROW_FORMAT = Dynamic;

-- ----------------------------
-- Table structure for qrtz_calendars
-- ----------------------------
DROP TABLE IF EXISTS `qrtz_calendars`;
CREATE TABLE `qrtz_calendars`  (
  `sched_name` varchar(120) CHARACTER SET utf8mb4 COLLATE utf8mb4_0900_ai_ci NOT NULL COMMENT '调度名称',
  `calendar_name` varchar(200) CHARACTER SET utf8mb4 COLLATE utf8mb4_0900_ai_ci NOT NULL COMMENT '日历名称',
  `calendar` blob NOT NULL COMMENT '存放持久化calendar对象',
  PRIMARY KEY (`sched_name`, `calendar_name`) USING BTREE
) ENGINE = InnoDB CHARACTER SET = utf8mb4 COLLATE = utf8mb4_0900_ai_ci COMMENT = '日历信息表' ROW_FORMAT = Dynamic;

-- ----------------------------
-- Table structure for qrtz_cron_triggers
-- ----------------------------
DROP TABLE IF EXISTS `qrtz_cron_triggers`;
CREATE TABLE `qrtz_cron_triggers`  (
  `sched_name` varchar(120) CHARACTER SET utf8mb4 COLLATE utf8mb4_0900_ai_ci NOT NULL COMMENT '调度名称',
  `trigger_name` varchar(200) CHARACTER SET utf8mb4 COLLATE utf8mb4_0900_ai_ci NOT NULL COMMENT 'qrtz_triggers表trigger_name的外键',
  `trigger_group` varchar(200) CHARACTER SET utf8mb4 COLLATE utf8mb4_0900_ai_ci NOT NULL COMMENT 'qrtz_triggers表trigger_group的外键',
  `cron_expression` varchar(200) CHARACTER SET utf8mb4 COLLATE utf8mb4_0900_ai_ci NOT NULL COMMENT 'cron表达式',
  `time_zone_id` varchar(80) CHARACTER SET utf8mb4 COLLATE utf8mb4_0900_ai_ci NULL DEFAULT NULL COMMENT '时区',
  PRIMARY KEY (`sched_name`, `trigger_name`, `trigger_group`) USING BTREE,
  CONSTRAINT `qrtz_cron_triggers_ibfk_1` FOREIGN KEY (`sched_name`, `trigger_name`, `trigger_group`) REFERENCES `qrtz_triggers` (`sched_name`, `trigger_name`, `trigger_group`) ON DELETE RESTRICT ON UPDATE RESTRICT
) ENGINE = InnoDB CHARACTER SET = utf8mb4 COLLATE = utf8mb4_0900_ai_ci COMMENT = 'Cron类型的触发器表' ROW_FORMAT = Dynamic;

-- ----------------------------
-- Table structure for qrtz_fired_triggers
-- ----------------------------
DROP TABLE IF EXISTS `qrtz_fired_triggers`;
CREATE TABLE `qrtz_fired_triggers`  (
  `sched_name` varchar(120) CHARACTER SET utf8mb4 COLLATE utf8mb4_0900_ai_ci NOT NULL COMMENT '调度名称',
  `entry_id` varchar(95) CHARACTER SET utf8mb4 COLLATE utf8mb4_0900_ai_ci NOT NULL COMMENT '调度器实例id',
  `trigger_name` varchar(200) CHARACTER SET utf8mb4 COLLATE utf8mb4_0900_ai_ci NOT NULL COMMENT 'qrtz_triggers表trigger_name的外键',
  `trigger_group` varchar(200) CHARACTER SET utf8mb4 COLLATE utf8mb4_0900_ai_ci NOT NULL COMMENT 'qrtz_triggers表trigger_group的外键',
  `instance_name` varchar(200) CHARACTER SET utf8mb4 COLLATE utf8mb4_0900_ai_ci NOT NULL COMMENT '调度器实例名',
  `fired_time` bigint(0) NOT NULL COMMENT '触发的时间',
  `sched_time` bigint(0) NOT NULL COMMENT '定时器制定的时间',
  `priority` int(0) NOT NULL COMMENT '优先级',
  `state` varchar(16) CHARACTER SET utf8mb4 COLLATE utf8mb4_0900_ai_ci NOT NULL COMMENT '状态',
  `job_name` varchar(200) CHARACTER SET utf8mb4 COLLATE utf8mb4_0900_ai_ci NULL DEFAULT NULL COMMENT '任务名称',
  `job_group` varchar(200) CHARACTER SET utf8mb4 COLLATE utf8mb4_0900_ai_ci NULL DEFAULT NULL COMMENT '任务组名',
  `is_nonconcurrent` varchar(1) CHARACTER SET utf8mb4 COLLATE utf8mb4_0900_ai_ci NULL DEFAULT NULL COMMENT '是否并发',
  `requests_recovery` varchar(1) CHARACTER SET utf8mb4 COLLATE utf8mb4_0900_ai_ci NULL DEFAULT NULL COMMENT '是否接受恢复执行',
  PRIMARY KEY (`sched_name`, `entry_id`) USING BTREE
) ENGINE = InnoDB CHARACTER SET = utf8mb4 COLLATE = utf8mb4_0900_ai_ci COMMENT = '已触发的触发器表' ROW_FORMAT = Dynamic;

-- ----------------------------
-- Table structure for qrtz_job_details
-- ----------------------------
DROP TABLE IF EXISTS `qrtz_job_details`;
CREATE TABLE `qrtz_job_details`  (
  `sched_name` varchar(120) CHARACTER SET utf8mb4 COLLATE utf8mb4_0900_ai_ci NOT NULL COMMENT '调度名称',
  `job_name` varchar(200) CHARACTER SET utf8mb4 COLLATE utf8mb4_0900_ai_ci NOT NULL COMMENT '任务名称',
  `job_group` varchar(200) CHARACTER SET utf8mb4 COLLATE utf8mb4_0900_ai_ci NOT NULL COMMENT '任务组名',
  `description` varchar(250) CHARACTER SET utf8mb4 COLLATE utf8mb4_0900_ai_ci NULL DEFAULT NULL COMMENT '相关介绍',
  `job_class_name` varchar(250) CHARACTER SET utf8mb4 COLLATE utf8mb4_0900_ai_ci NOT NULL COMMENT '执行任务类名称',
  `is_durable` varchar(1) CHARACTER SET utf8mb4 COLLATE utf8mb4_0900_ai_ci NOT NULL COMMENT '是否持久化',
  `is_nonconcurrent` varchar(1) CHARACTER SET utf8mb4 COLLATE utf8mb4_0900_ai_ci NOT NULL COMMENT '是否并发',
  `is_update_data` varchar(1) CHARACTER SET utf8mb4 COLLATE utf8mb4_0900_ai_ci NOT NULL COMMENT '是否更新数据',
  `requests_recovery` varchar(1) CHARACTER SET utf8mb4 COLLATE utf8mb4_0900_ai_ci NOT NULL COMMENT '是否接受恢复执行',
  `job_data` blob NULL COMMENT '存放持久化job对象',
  PRIMARY KEY (`sched_name`, `job_name`, `job_group`) USING BTREE
) ENGINE = InnoDB CHARACTER SET = utf8mb4 COLLATE = utf8mb4_0900_ai_ci COMMENT = '任务详细信息表' ROW_FORMAT = Dynamic;

-- ----------------------------
-- Table structure for qrtz_locks
-- ----------------------------
DROP TABLE IF EXISTS `qrtz_locks`;
CREATE TABLE `qrtz_locks`  (
  `sched_name` varchar(120) CHARACTER SET utf8mb4 COLLATE utf8mb4_0900_ai_ci NOT NULL COMMENT '调度名称',
  `lock_name` varchar(40) CHARACTER SET utf8mb4 COLLATE utf8mb4_0900_ai_ci NOT NULL COMMENT '悲观锁名称',
  PRIMARY KEY (`sched_name`, `lock_name`) USING BTREE
) ENGINE = InnoDB CHARACTER SET = utf8mb4 COLLATE = utf8mb4_0900_ai_ci COMMENT = '存储的悲观锁信息表' ROW_FORMAT = Dynamic;

-- ----------------------------
-- Table structure for qrtz_paused_trigger_grps
-- ----------------------------
DROP TABLE IF EXISTS `qrtz_paused_trigger_grps`;
CREATE TABLE `qrtz_paused_trigger_grps`  (
  `sched_name` varchar(120) CHARACTER SET utf8mb4 COLLATE utf8mb4_0900_ai_ci NOT NULL COMMENT '调度名称',
  `trigger_group` varchar(200) CHARACTER SET utf8mb4 COLLATE utf8mb4_0900_ai_ci NOT NULL COMMENT 'qrtz_triggers表trigger_group的外键',
  PRIMARY KEY (`sched_name`, `trigger_group`) USING BTREE
) ENGINE = InnoDB CHARACTER SET = utf8mb4 COLLATE = utf8mb4_0900_ai_ci COMMENT = '暂停的触发器表' ROW_FORMAT = Dynamic;

-- ----------------------------
-- Table structure for qrtz_scheduler_state
-- ----------------------------
DROP TABLE IF EXISTS `qrtz_scheduler_state`;
CREATE TABLE `qrtz_scheduler_state`  (
  `sched_name` varchar(120) CHARACTER SET utf8mb4 COLLATE utf8mb4_0900_ai_ci NOT NULL COMMENT '调度名称',
  `instance_name` varchar(200) CHARACTER SET utf8mb4 COLLATE utf8mb4_0900_ai_ci NOT NULL COMMENT '实例名称',
  `last_checkin_time` bigint(0) NOT NULL COMMENT '上次检查时间',
  `checkin_interval` bigint(0) NOT NULL COMMENT '检查间隔时间',
  PRIMARY KEY (`sched_name`, `instance_name`) USING BTREE
) ENGINE = InnoDB CHARACTER SET = utf8mb4 COLLATE = utf8mb4_0900_ai_ci COMMENT = '调度器状态表' ROW_FORMAT = Dynamic;

-- ----------------------------
-- Table structure for qrtz_simple_triggers
-- ----------------------------
DROP TABLE IF EXISTS `qrtz_simple_triggers`;
CREATE TABLE `qrtz_simple_triggers`  (
  `sched_name` varchar(120) CHARACTER SET utf8mb4 COLLATE utf8mb4_0900_ai_ci NOT NULL COMMENT '调度名称',
  `trigger_name` varchar(200) CHARACTER SET utf8mb4 COLLATE utf8mb4_0900_ai_ci NOT NULL COMMENT 'qrtz_triggers表trigger_name的外键',
  `trigger_group` varchar(200) CHARACTER SET utf8mb4 COLLATE utf8mb4_0900_ai_ci NOT NULL COMMENT 'qrtz_triggers表trigger_group的外键',
  `repeat_count` bigint(0) NOT NULL COMMENT '重复的次数统计',
  `repeat_interval` bigint(0) NOT NULL COMMENT '重复的间隔时间',
  `times_triggered` bigint(0) NOT NULL COMMENT '已经触发的次数',
  PRIMARY KEY (`sched_name`, `trigger_name`, `trigger_group`) USING BTREE,
  CONSTRAINT `qrtz_simple_triggers_ibfk_1` FOREIGN KEY (`sched_name`, `trigger_name`, `trigger_group`) REFERENCES `qrtz_triggers` (`sched_name`, `trigger_name`, `trigger_group`) ON DELETE RESTRICT ON UPDATE RESTRICT
) ENGINE = InnoDB CHARACTER SET = utf8mb4 COLLATE = utf8mb4_0900_ai_ci COMMENT = '简单触发器的信息表' ROW_FORMAT = Dynamic;

-- ----------------------------
-- Table structure for qrtz_simprop_triggers
-- ----------------------------
DROP TABLE IF EXISTS `qrtz_simprop_triggers`;
CREATE TABLE `qrtz_simprop_triggers`  (
  `sched_name` varchar(120) CHARACTER SET utf8mb4 COLLATE utf8mb4_0900_ai_ci NOT NULL COMMENT '调度名称',
  `trigger_name` varchar(200) CHARACTER SET utf8mb4 COLLATE utf8mb4_0900_ai_ci NOT NULL COMMENT 'qrtz_triggers表trigger_name的外键',
  `trigger_group` varchar(200) CHARACTER SET utf8mb4 COLLATE utf8mb4_0900_ai_ci NOT NULL COMMENT 'qrtz_triggers表trigger_group的外键',
  `str_prop_1` varchar(512) CHARACTER SET utf8mb4 COLLATE utf8mb4_0900_ai_ci NULL DEFAULT NULL COMMENT 'String类型的trigger的第一个参数',
  `str_prop_2` varchar(512) CHARACTER SET utf8mb4 COLLATE utf8mb4_0900_ai_ci NULL DEFAULT NULL COMMENT 'String类型的trigger的第二个参数',
  `str_prop_3` varchar(512) CHARACTER SET utf8mb4 COLLATE utf8mb4_0900_ai_ci NULL DEFAULT NULL COMMENT 'String类型的trigger的第三个参数',
  `int_prop_1` int(0) NULL DEFAULT NULL COMMENT 'int类型的trigger的第一个参数',
  `int_prop_2` int(0) NULL DEFAULT NULL COMMENT 'int类型的trigger的第二个参数',
  `long_prop_1` bigint(0) NULL DEFAULT NULL COMMENT 'long类型的trigger的第一个参数',
  `long_prop_2` bigint(0) NULL DEFAULT NULL COMMENT 'long类型的trigger的第二个参数',
  `dec_prop_1` decimal(13, 4) NULL DEFAULT NULL COMMENT 'decimal类型的trigger的第一个参数',
  `dec_prop_2` decimal(13, 4) NULL DEFAULT NULL COMMENT 'decimal类型的trigger的第二个参数',
  `bool_prop_1` varchar(1) CHARACTER SET utf8mb4 COLLATE utf8mb4_0900_ai_ci NULL DEFAULT NULL COMMENT 'Boolean类型的trigger的第一个参数',
  `bool_prop_2` varchar(1) CHARACTER SET utf8mb4 COLLATE utf8mb4_0900_ai_ci NULL DEFAULT NULL COMMENT 'Boolean类型的trigger的第二个参数',
  PRIMARY KEY (`sched_name`, `trigger_name`, `trigger_group`) USING BTREE,
  CONSTRAINT `qrtz_simprop_triggers_ibfk_1` FOREIGN KEY (`sched_name`, `trigger_name`, `trigger_group`) REFERENCES `qrtz_triggers` (`sched_name`, `trigger_name`, `trigger_group`) ON DELETE RESTRICT ON UPDATE RESTRICT
) ENGINE = InnoDB CHARACTER SET = utf8mb4 COLLATE = utf8mb4_0900_ai_ci COMMENT = '同步机制的行锁表' ROW_FORMAT = Dynamic;

-- ----------------------------
-- Table structure for qrtz_triggers
-- ----------------------------
DROP TABLE IF EXISTS `qrtz_triggers`;
CREATE TABLE `qrtz_triggers`  (
  `sched_name` varchar(120) CHARACTER SET utf8mb4 COLLATE utf8mb4_0900_ai_ci NOT NULL COMMENT '调度名称',
  `trigger_name` varchar(200) CHARACTER SET utf8mb4 COLLATE utf8mb4_0900_ai_ci NOT NULL COMMENT '触发器的名字',
  `trigger_group` varchar(200) CHARACTER SET utf8mb4 COLLATE utf8mb4_0900_ai_ci NOT NULL COMMENT '触发器所属组的名字',
  `job_name` varchar(200) CHARACTER SET utf8mb4 COLLATE utf8mb4_0900_ai_ci NOT NULL COMMENT 'qrtz_job_details表job_name的外键',
  `job_group` varchar(200) CHARACTER SET utf8mb4 COLLATE utf8mb4_0900_ai_ci NOT NULL COMMENT 'qrtz_job_details表job_group的外键',
  `description` varchar(250) CHARACTER SET utf8mb4 COLLATE utf8mb4_0900_ai_ci NULL DEFAULT NULL COMMENT '相关介绍',
  `next_fire_time` bigint(0) NULL DEFAULT NULL COMMENT '上一次触发时间（毫秒）',
  `prev_fire_time` bigint(0) NULL DEFAULT NULL COMMENT '下一次触发时间（默认为-1表示不触发）',
  `priority` int(0) NULL DEFAULT NULL COMMENT '优先级',
  `trigger_state` varchar(16) CHARACTER SET utf8mb4 COLLATE utf8mb4_0900_ai_ci NOT NULL COMMENT '触发器状态',
  `trigger_type` varchar(8) CHARACTER SET utf8mb4 COLLATE utf8mb4_0900_ai_ci NOT NULL COMMENT '触发器的类型',
  `start_time` bigint(0) NOT NULL COMMENT '开始时间',
  `end_time` bigint(0) NULL DEFAULT NULL COMMENT '结束时间',
  `calendar_name` varchar(200) CHARACTER SET utf8mb4 COLLATE utf8mb4_0900_ai_ci NULL DEFAULT NULL COMMENT '日程表名称',
  `misfire_instr` smallint(0) NULL DEFAULT NULL COMMENT '补偿执行的策略',
  `job_data` blob NULL COMMENT '存放持久化job对象',
  PRIMARY KEY (`sched_name`, `trigger_name`, `trigger_group`) USING BTREE,
  INDEX `sched_name`(`sched_name`, `job_name`, `job_group`) USING BTREE,
  CONSTRAINT `qrtz_triggers_ibfk_1` FOREIGN KEY (`sched_name`, `job_name`, `job_group`) REFERENCES `qrtz_job_details` (`sched_name`, `job_name`, `job_group`) ON DELETE RESTRICT ON UPDATE RESTRICT
) ENGINE = InnoDB CHARACTER SET = utf8mb4 COLLATE = utf8mb4_0900_ai_ci COMMENT = '触发器详细信息表' ROW_FORMAT = Dynamic;

-- ----------------------------
-- Table structure for sys_config
-- ----------------------------
DROP TABLE IF EXISTS `sys_config`;
CREATE TABLE `sys_config`  (
  `config_id` int(0) NOT NULL AUTO_INCREMENT COMMENT '参数主键',
  `config_name` varchar(100) CHARACTER SET utf8mb4 COLLATE utf8mb4_0900_ai_ci NULL DEFAULT '' COMMENT '参数名称',
  `config_key` varchar(100) CHARACTER SET utf8mb4 COLLATE utf8mb4_0900_ai_ci NULL DEFAULT '' COMMENT '参数键名',
  `config_value` varchar(500) CHARACTER SET utf8mb4 COLLATE utf8mb4_0900_ai_ci NULL DEFAULT '' COMMENT '参数键值',
  `config_type` char(1) CHARACTER SET utf8mb4 COLLATE utf8mb4_0900_ai_ci NULL DEFAULT 'N' COMMENT '系统内置（Y是 N否）',
  `create_by` varchar(64) CHARACTER SET utf8mb4 COLLATE utf8mb4_0900_ai_ci NULL DEFAULT '' COMMENT '创建者',
  `create_time` datetime(0) NULL DEFAULT NULL COMMENT '创建时间',
  `update_by` varchar(64) CHARACTER SET utf8mb4 COLLATE utf8mb4_0900_ai_ci NULL DEFAULT '' COMMENT '更新者',
  `update_time` datetime(0) NULL DEFAULT NULL COMMENT '更新时间',
  `remark` varchar(500) CHARACTER SET utf8mb4 COLLATE utf8mb4_0900_ai_ci NULL DEFAULT NULL COMMENT '备注',
  PRIMARY KEY (`config_id`) USING BTREE
) ENGINE = InnoDB AUTO_INCREMENT = 100 CHARACTER SET = utf8mb4 COLLATE = utf8mb4_0900_ai_ci COMMENT = '参数配置表' ROW_FORMAT = Dynamic;

-- ----------------------------
-- Records of sys_config
-- ----------------------------
INSERT INTO `sys_config` VALUES (1, '主框架页-默认皮肤样式名称', 'sys.index.skinName', 'skin-blue', 'Y', 'admin', '2023-06-26 10:22:00', '', NULL, '蓝色 skin-blue、绿色 skin-green、紫色 skin-purple、红色 skin-red、黄色 skin-yellow');
INSERT INTO `sys_config` VALUES (2, '用户管理-账号初始密码', 'sys.user.initPassword', '123456', 'Y', 'admin', '2023-06-26 10:22:00', '', NULL, '初始化密码 123456');
INSERT INTO `sys_config` VALUES (3, '主框架页-侧边栏主题', 'sys.index.sideTheme', 'theme-dark', 'Y', 'admin', '2023-06-26 10:22:00', '', NULL, '深色主题theme-dark，浅色主题theme-light');
INSERT INTO `sys_config` VALUES (4, '账号自助-验证码开关', 'sys.account.captchaEnabled', 'false', 'Y', 'admin', '2023-06-26 10:22:00', '', NULL, '是否开启验证码功能（true开启，false关闭）');
INSERT INTO `sys_config` VALUES (5, '账号自助-是否开启用户注册功能', 'sys.account.registerUser', 'falsetrue', 'Y', 'admin', '2023-06-26 10:22:00', '', NULL, '是否开启注册用户功能（true开启，false关闭）');
INSERT INTO `sys_config` VALUES (6, '用户登录-黑名单列表', 'sys.login.blackIPList', '', 'Y', 'admin', '2023-06-26 10:22:00', '', NULL, '设置登录IP黑名单限制，多个匹配项以;分隔，支持匹配（*通配、网段）');

-- ----------------------------
-- Table structure for sys_dept
-- ----------------------------
DROP TABLE IF EXISTS `sys_dept`;
CREATE TABLE `sys_dept`  (
  `dept_id` bigint(0) NOT NULL AUTO_INCREMENT COMMENT '部门id',
  `parent_id` bigint(0) NULL DEFAULT 0 COMMENT '父部门id',
  `ancestors` varchar(50) CHARACTER SET utf8mb4 COLLATE utf8mb4_0900_ai_ci NULL DEFAULT '' COMMENT '祖级列表',
  `dept_name` varchar(30) CHARACTER SET utf8mb4 COLLATE utf8mb4_0900_ai_ci NULL DEFAULT '' COMMENT '部门名称',
  `order_num` int(0) NULL DEFAULT 0 COMMENT '显示顺序',
  `leader` varchar(20) CHARACTER SET utf8mb4 COLLATE utf8mb4_0900_ai_ci NULL DEFAULT NULL COMMENT '负责人',
  `phone` varchar(11) CHARACTER SET utf8mb4 COLLATE utf8mb4_0900_ai_ci NULL DEFAULT NULL COMMENT '联系电话',
  `email` varchar(50) CHARACTER SET utf8mb4 COLLATE utf8mb4_0900_ai_ci NULL DEFAULT NULL COMMENT '邮箱',
  `status` char(1) CHARACTER SET utf8mb4 COLLATE utf8mb4_0900_ai_ci NULL DEFAULT '0' COMMENT '部门状态（0正常 1停用）',
  `del_flag` char(1) CHARACTER SET utf8mb4 COLLATE utf8mb4_0900_ai_ci NULL DEFAULT '0' COMMENT '删除标志（0代表存在 2代表删除）',
  `create_by` varchar(64) CHARACTER SET utf8mb4 COLLATE utf8mb4_0900_ai_ci NULL DEFAULT '' COMMENT '创建者',
  `create_time` datetime(0) NULL DEFAULT NULL COMMENT '创建时间',
  `update_by` varchar(64) CHARACTER SET utf8mb4 COLLATE utf8mb4_0900_ai_ci NULL DEFAULT '' COMMENT '更新者',
  `update_time` datetime(0) NULL DEFAULT NULL COMMENT '更新时间',
  PRIMARY KEY (`dept_id`) USING BTREE
) ENGINE = InnoDB AUTO_INCREMENT = 201 CHARACTER SET = utf8mb4 COLLATE = utf8mb4_0900_ai_ci COMMENT = '部门表' ROW_FORMAT = Dynamic;

-- ----------------------------
-- Records of sys_dept
-- ----------------------------
INSERT INTO `sys_dept` VALUES (100, 0, '0', '幸运乌拓邦', 0, '', '', '', '0', '0', 'admin', '2023-06-26 10:21:54', 'admin', '2023-06-27 09:25:44');
INSERT INTO `sys_dept` VALUES (101, 100, '0,100', '系统管理', 1, '', '', '', '0', '0', 'admin', '2023-06-26 10:21:54', 'admin', '2023-06-27 09:26:08');
INSERT INTO `sys_dept` VALUES (102, 100, '0,100', '长沙分公司', 2, '若依', '15888888888', 'ry@qq.com', '0', '2', 'admin', '2023-06-26 10:21:54', '', NULL);
INSERT INTO `sys_dept` VALUES (103, 101, '0,100,101', '研发部门', 1, '若依', '15888888888', 'ry@qq.com', '0', '0', 'admin', '2023-06-26 10:21:54', '', NULL);
INSERT INTO `sys_dept` VALUES (104, 101, '0,100,101', '市场部门', 2, '若依', '15888888888', 'ry@qq.com', '0', '2', 'admin', '2023-06-26 10:21:54', '', NULL);
INSERT INTO `sys_dept` VALUES (105, 101, '0,100,101', '测试部门', 3, '若依', '15888888888', 'ry@qq.com', '0', '0', 'admin', '2023-06-26 10:21:54', '', NULL);
INSERT INTO `sys_dept` VALUES (106, 101, '0,100,101', '财务部门', 4, '若依', '15888888888', 'ry@qq.com', '0', '2', 'admin', '2023-06-26 10:21:54', '', NULL);
INSERT INTO `sys_dept` VALUES (107, 101, '0,100,101', '运维部门', 5, '若依', '15888888888', 'ry@qq.com', '0', '2', 'admin', '2023-06-26 10:21:54', '', NULL);
INSERT INTO `sys_dept` VALUES (108, 102, '0,100,102', '市场部门', 1, '若依', '15888888888', 'ry@qq.com', '0', '2', 'admin', '2023-06-26 10:21:54', '', NULL);
INSERT INTO `sys_dept` VALUES (109, 102, '0,100,102', '财务部门', 2, '若依', '15888888888', 'ry@qq.com', '0', '2', 'admin', '2023-06-26 10:21:54', '', NULL);
INSERT INTO `sys_dept` VALUES (200, 100, '0,100', '游戏用户', 2, NULL, NULL, NULL, '0', '0', 'admin', '2023-06-27 09:26:25', '', NULL);

-- ----------------------------
-- Table structure for sys_dict_data
-- ----------------------------
DROP TABLE IF EXISTS `sys_dict_data`;
CREATE TABLE `sys_dict_data`  (
  `dict_code` bigint(0) NOT NULL AUTO_INCREMENT COMMENT '字典编码',
  `dict_sort` int(0) NULL DEFAULT 0 COMMENT '字典排序',
  `dict_label` varchar(100) CHARACTER SET utf8mb4 COLLATE utf8mb4_0900_ai_ci NULL DEFAULT '' COMMENT '字典标签',
  `dict_value` varchar(100) CHARACTER SET utf8mb4 COLLATE utf8mb4_0900_ai_ci NULL DEFAULT '' COMMENT '字典键值',
  `dict_type` varchar(100) CHARACTER SET utf8mb4 COLLATE utf8mb4_0900_ai_ci NULL DEFAULT '' COMMENT '字典类型',
  `css_class` varchar(100) CHARACTER SET utf8mb4 COLLATE utf8mb4_0900_ai_ci NULL DEFAULT NULL COMMENT '样式属性（其他样式扩展）',
  `list_class` varchar(100) CHARACTER SET utf8mb4 COLLATE utf8mb4_0900_ai_ci NULL DEFAULT NULL COMMENT '表格回显样式',
  `is_default` char(1) CHARACTER SET utf8mb4 COLLATE utf8mb4_0900_ai_ci NULL DEFAULT 'N' COMMENT '是否默认（Y是 N否）',
  `status` char(1) CHARACTER SET utf8mb4 COLLATE utf8mb4_0900_ai_ci NULL DEFAULT '0' COMMENT '状态（0正常 1停用）',
  `create_by` varchar(64) CHARACTER SET utf8mb4 COLLATE utf8mb4_0900_ai_ci NULL DEFAULT '' COMMENT '创建者',
  `create_time` datetime(0) NULL DEFAULT NULL COMMENT '创建时间',
  `update_by` varchar(64) CHARACTER SET utf8mb4 COLLATE utf8mb4_0900_ai_ci NULL DEFAULT '' COMMENT '更新者',
  `update_time` datetime(0) NULL DEFAULT NULL COMMENT '更新时间',
  `remark` varchar(500) CHARACTER SET utf8mb4 COLLATE utf8mb4_0900_ai_ci NULL DEFAULT NULL COMMENT '备注',
  PRIMARY KEY (`dict_code`) USING BTREE
) ENGINE = InnoDB AUTO_INCREMENT = 131 CHARACTER SET = utf8mb4 COLLATE = utf8mb4_0900_ai_ci COMMENT = '字典数据表' ROW_FORMAT = Dynamic;

-- ----------------------------
-- Records of sys_dict_data
-- ----------------------------
INSERT INTO `sys_dict_data` VALUES (1, 1, '男', '0', 'sys_user_sex', '', '', 'Y', '0', 'admin', '2023-06-26 10:22:00', '', NULL, '性别男');
INSERT INTO `sys_dict_data` VALUES (2, 2, '女', '1', 'sys_user_sex', '', '', 'N', '0', 'admin', '2023-06-26 10:22:00', '', NULL, '性别女');
INSERT INTO `sys_dict_data` VALUES (3, 3, '未知', '2', 'sys_user_sex', '', '', 'N', '0', 'admin', '2023-06-26 10:22:00', '', NULL, '性别未知');
INSERT INTO `sys_dict_data` VALUES (4, 1, '显示', '0', 'sys_show_hide', '', 'primary', 'Y', '0', 'admin', '2023-06-26 10:22:00', '', NULL, '显示菜单');
INSERT INTO `sys_dict_data` VALUES (5, 2, '隐藏', '1', 'sys_show_hide', '', 'danger', 'N', '0', 'admin', '2023-06-26 10:22:00', '', NULL, '隐藏菜单');
INSERT INTO `sys_dict_data` VALUES (6, 1, '正常', '0', 'sys_normal_disable', '', 'primary', 'Y', '0', 'admin', '2023-06-26 10:22:00', '', NULL, '正常状态');
INSERT INTO `sys_dict_data` VALUES (7, 2, '停用', '1', 'sys_normal_disable', '', 'danger', 'N', '0', 'admin', '2023-06-26 10:22:00', '', NULL, '停用状态');
INSERT INTO `sys_dict_data` VALUES (8, 1, '正常', '0', 'sys_job_status', '', 'primary', 'Y', '0', 'admin', '2023-06-26 10:22:00', '', NULL, '正常状态');
INSERT INTO `sys_dict_data` VALUES (9, 2, '暂停', '1', 'sys_job_status', '', 'danger', 'N', '0', 'admin', '2023-06-26 10:22:00', '', NULL, '停用状态');
INSERT INTO `sys_dict_data` VALUES (10, 1, '默认', 'DEFAULT', 'sys_job_group', '', '', 'Y', '0', 'admin', '2023-06-26 10:22:00', '', NULL, '默认分组');
INSERT INTO `sys_dict_data` VALUES (11, 2, '系统', 'SYSTEM', 'sys_job_group', '', '', 'N', '0', 'admin', '2023-06-26 10:22:00', '', NULL, '系统分组');
INSERT INTO `sys_dict_data` VALUES (12, 1, '是', '0', 'sys_yes_no', '', 'primary', 'Y', '0', 'admin', '2023-06-26 10:22:00', 'admin', '2023-06-27 11:51:55', '系统默认是');
INSERT INTO `sys_dict_data` VALUES (13, 2, '否', '1', 'sys_yes_no', '', 'danger', 'N', '0', 'admin', '2023-06-26 10:22:00', 'admin', '2023-06-27 11:52:02', '系统默认否');
INSERT INTO `sys_dict_data` VALUES (14, 1, '通知', '1', 'sys_notice_type', '', 'warning', 'Y', '0', 'admin', '2023-06-26 10:22:00', '', NULL, '通知');
INSERT INTO `sys_dict_data` VALUES (15, 2, '公告', '2', 'sys_notice_type', '', 'success', 'N', '0', 'admin', '2023-06-26 10:22:00', '', NULL, '公告');
INSERT INTO `sys_dict_data` VALUES (16, 1, '正常', '0', 'sys_notice_status', '', 'primary', 'Y', '0', 'admin', '2023-06-26 10:22:00', '', NULL, '正常状态');
INSERT INTO `sys_dict_data` VALUES (17, 2, '关闭', '1', 'sys_notice_status', '', 'danger', 'N', '0', 'admin', '2023-06-26 10:22:00', '', NULL, '关闭状态');
INSERT INTO `sys_dict_data` VALUES (18, 99, '其他', '0', 'sys_oper_type', '', 'info', 'N', '0', 'admin', '2023-06-26 10:22:00', '', NULL, '其他操作');
INSERT INTO `sys_dict_data` VALUES (19, 1, '新增', '1', 'sys_oper_type', '', 'info', 'N', '0', 'admin', '2023-06-26 10:22:00', '', NULL, '新增操作');
INSERT INTO `sys_dict_data` VALUES (20, 2, '修改', '2', 'sys_oper_type', '', 'info', 'N', '0', 'admin', '2023-06-26 10:22:00', '', NULL, '修改操作');
INSERT INTO `sys_dict_data` VALUES (21, 3, '删除', '3', 'sys_oper_type', '', 'danger', 'N', '0', 'admin', '2023-06-26 10:22:00', '', NULL, '删除操作');
INSERT INTO `sys_dict_data` VALUES (22, 4, '授权', '4', 'sys_oper_type', '', 'primary', 'N', '0', 'admin', '2023-06-26 10:22:00', '', NULL, '授权操作');
INSERT INTO `sys_dict_data` VALUES (23, 5, '导出', '5', 'sys_oper_type', '', 'warning', 'N', '0', 'admin', '2023-06-26 10:22:00', '', NULL, '导出操作');
INSERT INTO `sys_dict_data` VALUES (24, 6, '导入', '6', 'sys_oper_type', '', 'warning', 'N', '0', 'admin', '2023-06-26 10:22:00', '', NULL, '导入操作');
INSERT INTO `sys_dict_data` VALUES (25, 7, '强退', '7', 'sys_oper_type', '', 'danger', 'N', '0', 'admin', '2023-06-26 10:22:00', '', NULL, '强退操作');
INSERT INTO `sys_dict_data` VALUES (26, 8, '生成代码', '8', 'sys_oper_type', '', 'warning', 'N', '0', 'admin', '2023-06-26 10:22:00', '', NULL, '生成操作');
INSERT INTO `sys_dict_data` VALUES (27, 9, '清空数据', '9', 'sys_oper_type', '', 'danger', 'N', '0', 'admin', '2023-06-26 10:22:00', '', NULL, '清空操作');
INSERT INTO `sys_dict_data` VALUES (28, 1, '成功', '0', 'sys_common_status', '', 'primary', 'N', '0', 'admin', '2023-06-26 10:22:00', '', NULL, '正常状态');
INSERT INTO `sys_dict_data` VALUES (29, 2, '失败', '1', 'sys_common_status', '', 'danger', 'N', '0', 'admin', '2023-06-26 10:22:00', '', NULL, '停用状态');
INSERT INTO `sys_dict_data` VALUES (100, 1, '首页轮播', '1', 'wtb_home_sort', NULL, 'default', 'N', '0', 'admin', '2023-06-26 11:41:27', '', NULL, NULL);
INSERT INTO `sys_dict_data` VALUES (101, 2, '精选专区', '2', 'wtb_home_sort', NULL, 'default', 'N', '0', 'admin', '2023-06-26 11:41:57', '', NULL, NULL);
INSERT INTO `sys_dict_data` VALUES (102, 3, '福利专区', '3', 'wtb_home_sort', NULL, 'default', 'N', '0', 'admin', '2023-06-26 11:42:20', '', NULL, NULL);
INSERT INTO `sys_dict_data` VALUES (103, 1, '已启用', '1', 'wtb_on_off', NULL, 'success', 'N', '0', 'admin', '2023-06-26 11:47:53', '', NULL, NULL);
INSERT INTO `sys_dict_data` VALUES (104, 2, '已禁用', '0', 'wtb_on_off', NULL, 'warning', 'N', '0', 'admin', '2023-06-26 11:48:36', '', NULL, NULL);
INSERT INTO `sys_dict_data` VALUES (105, 1, '轮播图', '1', 'wtb_display_location', NULL, 'default', 'N', '0', 'admin', '2023-06-26 14:35:20', '', NULL, NULL);
INSERT INTO `sys_dict_data` VALUES (106, 2, '精选专区', '2', 'wtb_display_location', NULL, 'default', 'N', '0', 'admin', '2023-06-26 14:35:48', '', NULL, NULL);
INSERT INTO `sys_dict_data` VALUES (107, 3, '福利专区', '3', 'wtb_display_location', NULL, 'default', 'N', '0', 'admin', '2023-06-26 14:36:12', '', NULL, NULL);
INSERT INTO `sys_dict_data` VALUES (108, 0, '实物商品', '1', 'wtb_goods_type', NULL, 'default', 'N', '0', 'admin', '2023-06-26 19:31:49', '', NULL, NULL);
INSERT INTO `sys_dict_data` VALUES (109, 1, '虚拟商品', '2', 'wtb_goods_type', NULL, 'default', 'N', '0', 'admin', '2023-06-26 19:32:10', '', NULL, NULL);
INSERT INTO `sys_dict_data` VALUES (110, 0, '已上架', '1', 'wtb_goods_state', NULL, 'default', 'N', '0', 'admin', '2023-06-26 19:32:56', '', NULL, NULL);
INSERT INTO `sys_dict_data` VALUES (111, 1, '已下架', '2', 'wtb_goods_state', NULL, 'default', 'N', '0', 'admin', '2023-06-26 19:33:23', 'admin', '2023-06-26 19:33:29', NULL);
INSERT INTO `sys_dict_data` VALUES (112, 2, '待上架', '3', 'wtb_goods_state', NULL, 'default', 'N', '0', 'admin', '2023-06-26 19:33:47', '', NULL, NULL);
INSERT INTO `sys_dict_data` VALUES (113, 3, '已售罄', '4', 'wtb_goods_state', NULL, 'default', 'N', '0', 'admin', '2023-06-26 19:34:08', '', NULL, NULL);
INSERT INTO `sys_dict_data` VALUES (114, 1, '全部商品', '0', 'wtb_applicable', NULL, 'primary', 'N', '0', 'admin', '2023-06-28 16:47:39', 'admin', '2023-06-28 16:47:48', NULL);
INSERT INTO `sys_dict_data` VALUES (115, 2, '指定商品', '1', 'wtb_applicable', NULL, 'info', 'N', '0', 'admin', '2023-06-28 16:48:17', '', NULL, NULL);
INSERT INTO `sys_dict_data` VALUES (116, 1, '###游戏', '1', 'wtb_source', NULL, 'default', 'N', '0', 'admin', '2023-06-29 18:01:58', '', NULL, NULL);
INSERT INTO `sys_dict_data` VALUES (117, 2, 'XXX游戏', '2', 'wtb_source', NULL, 'default', 'N', '0', 'admin', '2023-06-29 18:02:14', '', NULL, NULL);
INSERT INTO `sys_dict_data` VALUES (118, 1, '可操作', '0', 'wtb_integral_status', NULL, 'default', 'N', '0', 'admin', '2023-06-29 18:26:19', 'admin', '2023-06-29 18:27:39', NULL);
INSERT INTO `sys_dict_data` VALUES (119, 2, '已兑换积分', '1', 'wtb_integral_status', NULL, 'default', 'N', '0', 'admin', '2023-06-29 18:26:58', 'admin', '2023-06-29 18:27:49', NULL);
INSERT INTO `sys_dict_data` VALUES (120, 4, '已兑换实物', '3', 'wtb_integral_status', NULL, 'default', 'N', '0', 'admin', '2023-06-29 18:27:21', 'admin', '2023-06-29 18:28:39', NULL);
INSERT INTO `sys_dict_data` VALUES (121, 3, '已转赠', '2', 'wtb_integral_status', NULL, 'default', 'N', '0', 'admin', '2023-06-29 18:28:09', 'admin', '2023-06-29 18:28:29', NULL);
INSERT INTO `sys_dict_data` VALUES (122, 1, '积分', '1', 'wtb_asset_type', NULL, 'default', 'N', '0', 'admin', '2023-06-29 20:08:23', '', NULL, NULL);
INSERT INTO `sys_dict_data` VALUES (123, 2, '钻石', '2', 'wtb_asset_type', NULL, 'default', 'N', '0', 'admin', '2023-06-29 20:08:37', '', NULL, NULL);
INSERT INTO `sys_dict_data` VALUES (124, 3, '金币', '3', 'wtb_asset_type', NULL, 'default', 'N', '0', 'admin', '2023-06-29 20:09:12', '', NULL, NULL);
INSERT INTO `sys_dict_data` VALUES (125, 1, '积分兑换', '1', 'wtb_payment_method', NULL, 'default', 'N', '0', 'admin', '2023-07-01 16:44:03', '', NULL, NULL);
INSERT INTO `sys_dict_data` VALUES (126, 2, '游戏获得', '2', 'wtb_payment_method', NULL, 'default', 'N', '0', 'admin', '2023-07-01 16:44:33', '', NULL, NULL);
INSERT INTO `sys_dict_data` VALUES (127, 3, '积分购买', '3', 'wtb_payment_method', NULL, 'default', 'N', '0', 'admin', '2023-07-01 16:44:57', '', NULL, NULL);
INSERT INTO `sys_dict_data` VALUES (128, 1, '未发货', '1', 'wtb_order_state', NULL, 'default', 'N', '0', 'admin', '2023-07-01 16:47:52', '', NULL, NULL);
INSERT INTO `sys_dict_data` VALUES (129, 2, '已发货', '2', 'wtb_order_state', NULL, 'default', 'N', '0', 'admin', '2023-07-01 16:48:12', '', NULL, NULL);
INSERT INTO `sys_dict_data` VALUES (130, 3, '已完成', '3', 'wtb_order_state', NULL, 'default', 'N', '0', 'admin', '2023-07-01 16:48:59', '', NULL, NULL);

-- ----------------------------
-- Table structure for sys_dict_type
-- ----------------------------
DROP TABLE IF EXISTS `sys_dict_type`;
CREATE TABLE `sys_dict_type`  (
  `dict_id` bigint(0) NOT NULL AUTO_INCREMENT COMMENT '字典主键',
  `dict_name` varchar(100) CHARACTER SET utf8mb4 COLLATE utf8mb4_0900_ai_ci NULL DEFAULT '' COMMENT '字典名称',
  `dict_type` varchar(100) CHARACTER SET utf8mb4 COLLATE utf8mb4_0900_ai_ci NULL DEFAULT '' COMMENT '字典类型',
  `status` char(1) CHARACTER SET utf8mb4 COLLATE utf8mb4_0900_ai_ci NULL DEFAULT '0' COMMENT '状态（0正常 1停用）',
  `create_by` varchar(64) CHARACTER SET utf8mb4 COLLATE utf8mb4_0900_ai_ci NULL DEFAULT '' COMMENT '创建者',
  `create_time` datetime(0) NULL DEFAULT NULL COMMENT '创建时间',
  `update_by` varchar(64) CHARACTER SET utf8mb4 COLLATE utf8mb4_0900_ai_ci NULL DEFAULT '' COMMENT '更新者',
  `update_time` datetime(0) NULL DEFAULT NULL COMMENT '更新时间',
  `remark` varchar(500) CHARACTER SET utf8mb4 COLLATE utf8mb4_0900_ai_ci NULL DEFAULT NULL COMMENT '备注',
  PRIMARY KEY (`dict_id`) USING BTREE,
  UNIQUE INDEX `dict_type`(`dict_type`) USING BTREE
) ENGINE = InnoDB AUTO_INCREMENT = 111 CHARACTER SET = utf8mb4 COLLATE = utf8mb4_0900_ai_ci COMMENT = '字典类型表' ROW_FORMAT = Dynamic;

-- ----------------------------
-- Records of sys_dict_type
-- ----------------------------
INSERT INTO `sys_dict_type` VALUES (1, '用户性别', 'sys_user_sex', '0', 'admin', '2023-06-26 10:21:59', '', NULL, '用户性别列表');
INSERT INTO `sys_dict_type` VALUES (2, '菜单状态', 'sys_show_hide', '0', 'admin', '2023-06-26 10:21:59', '', NULL, '菜单状态列表');
INSERT INTO `sys_dict_type` VALUES (3, '系统开关', 'sys_normal_disable', '0', 'admin', '2023-06-26 10:21:59', '', NULL, '系统开关列表');
INSERT INTO `sys_dict_type` VALUES (4, '任务状态', 'sys_job_status', '0', 'admin', '2023-06-26 10:21:59', '', NULL, '任务状态列表');
INSERT INTO `sys_dict_type` VALUES (5, '任务分组', 'sys_job_group', '0', 'admin', '2023-06-26 10:21:59', '', NULL, '任务分组列表');
INSERT INTO `sys_dict_type` VALUES (6, '系统是否', 'sys_yes_no', '0', 'admin', '2023-06-26 10:21:59', '', NULL, '系统是否列表');
INSERT INTO `sys_dict_type` VALUES (7, '通知类型', 'sys_notice_type', '0', 'admin', '2023-06-26 10:21:59', '', NULL, '通知类型列表');
INSERT INTO `sys_dict_type` VALUES (8, '通知状态', 'sys_notice_status', '0', 'admin', '2023-06-26 10:21:59', '', NULL, '通知状态列表');
INSERT INTO `sys_dict_type` VALUES (9, '操作类型', 'sys_oper_type', '0', 'admin', '2023-06-26 10:21:59', '', NULL, '操作类型列表');
INSERT INTO `sys_dict_type` VALUES (10, '系统状态', 'sys_common_status', '0', 'admin', '2023-06-26 10:21:59', '', NULL, '登录状态列表');
INSERT INTO `sys_dict_type` VALUES (100, '首页分类', 'wtb_home_sort', '0', 'admin', '2023-06-26 11:40:34', '', NULL, NULL);
INSERT INTO `sys_dict_type` VALUES (101, '是否启用', 'wtb_on_off', '0', 'admin', '2023-06-26 11:47:14', '', NULL, NULL);
INSERT INTO `sys_dict_type` VALUES (102, '显示位置', 'wtb_display_location', '0', 'admin', '2023-06-26 14:34:26', '', NULL, NULL);
INSERT INTO `sys_dict_type` VALUES (103, '商品类型', 'wtb_goods_type', '0', 'admin', '2023-06-26 19:29:59', '', NULL, NULL);
INSERT INTO `sys_dict_type` VALUES (104, '商品状态', 'wtb_goods_state', '0', 'admin', '2023-06-26 19:30:47', 'admin', '2023-06-26 19:31:07', NULL);
INSERT INTO `sys_dict_type` VALUES (105, '适用商品', 'wtb_applicable', '0', 'admin', '2023-06-28 16:46:21', 'admin', '2023-06-28 16:46:41', NULL);
INSERT INTO `sys_dict_type` VALUES (106, '商品来源', 'wtb_source', '0', 'admin', '2023-06-29 18:01:32', '', NULL, NULL);
INSERT INTO `sys_dict_type` VALUES (107, '积分状态', 'wtb_integral_status', '0', 'admin', '2023-06-29 18:25:54', '', NULL, NULL);
INSERT INTO `sys_dict_type` VALUES (108, '资产类型', 'wtb_asset_type', '0', 'admin', '2023-06-29 20:08:02', '', NULL, NULL);
INSERT INTO `sys_dict_type` VALUES (109, '支付方式', 'wtb_payment_method', '0', 'admin', '2023-07-01 16:43:33', '', NULL, NULL);
INSERT INTO `sys_dict_type` VALUES (110, '订单状态', 'wtb_order_state', '0', 'admin', '2023-07-01 16:46:43', '', NULL, NULL);

-- ----------------------------
-- Table structure for sys_job
-- ----------------------------
DROP TABLE IF EXISTS `sys_job`;
CREATE TABLE `sys_job`  (
  `job_id` bigint(0) NOT NULL AUTO_INCREMENT COMMENT '任务ID',
  `job_name` varchar(64) CHARACTER SET utf8mb4 COLLATE utf8mb4_0900_ai_ci NOT NULL DEFAULT '' COMMENT '任务名称',
  `job_group` varchar(64) CHARACTER SET utf8mb4 COLLATE utf8mb4_0900_ai_ci NOT NULL DEFAULT 'DEFAULT' COMMENT '任务组名',
  `invoke_target` varchar(500) CHARACTER SET utf8mb4 COLLATE utf8mb4_0900_ai_ci NOT NULL COMMENT '调用目标字符串',
  `cron_expression` varchar(255) CHARACTER SET utf8mb4 COLLATE utf8mb4_0900_ai_ci NULL DEFAULT '' COMMENT 'cron执行表达式',
  `misfire_policy` varchar(20) CHARACTER SET utf8mb4 COLLATE utf8mb4_0900_ai_ci NULL DEFAULT '3' COMMENT '计划执行错误策略（1立即执行 2执行一次 3放弃执行）',
  `concurrent` char(1) CHARACTER SET utf8mb4 COLLATE utf8mb4_0900_ai_ci NULL DEFAULT '1' COMMENT '是否并发执行（0允许 1禁止）',
  `status` char(1) CHARACTER SET utf8mb4 COLLATE utf8mb4_0900_ai_ci NULL DEFAULT '0' COMMENT '状态（0正常 1暂停）',
  `create_by` varchar(64) CHARACTER SET utf8mb4 COLLATE utf8mb4_0900_ai_ci NULL DEFAULT '' COMMENT '创建者',
  `create_time` datetime(0) NULL DEFAULT NULL COMMENT '创建时间',
  `update_by` varchar(64) CHARACTER SET utf8mb4 COLLATE utf8mb4_0900_ai_ci NULL DEFAULT '' COMMENT '更新者',
  `update_time` datetime(0) NULL DEFAULT NULL COMMENT '更新时间',
  `remark` varchar(500) CHARACTER SET utf8mb4 COLLATE utf8mb4_0900_ai_ci NULL DEFAULT '' COMMENT '备注信息',
  PRIMARY KEY (`job_id`, `job_name`, `job_group`) USING BTREE
) ENGINE = InnoDB AUTO_INCREMENT = 100 CHARACTER SET = utf8mb4 COLLATE = utf8mb4_0900_ai_ci COMMENT = '定时任务调度表' ROW_FORMAT = Dynamic;

-- ----------------------------
-- Records of sys_job
-- ----------------------------
INSERT INTO `sys_job` VALUES (1, '系统默认（无参）', 'DEFAULT', 'ryTask.ryNoParams', '0/10 * * * * ?', '3', '1', '1', 'admin', '2023-06-26 10:22:01', '', NULL, '');
INSERT INTO `sys_job` VALUES (2, '系统默认（有参）', 'DEFAULT', 'ryTask.ryParams(\'ry\')', '0/15 * * * * ?', '3', '1', '1', 'admin', '2023-06-26 10:22:01', '', NULL, '');
INSERT INTO `sys_job` VALUES (3, '系统默认（多参）', 'DEFAULT', 'ryTask.ryMultipleParams(\'ry\', true, 2000L, 316.50D, 100)', '0/20 * * * * ?', '3', '1', '1', 'admin', '2023-06-26 10:22:01', '', NULL, '');

-- ----------------------------
-- Table structure for sys_job_log
-- ----------------------------
DROP TABLE IF EXISTS `sys_job_log`;
CREATE TABLE `sys_job_log`  (
  `job_log_id` bigint(0) NOT NULL AUTO_INCREMENT COMMENT '任务日志ID',
  `job_name` varchar(64) CHARACTER SET utf8mb4 COLLATE utf8mb4_0900_ai_ci NOT NULL COMMENT '任务名称',
  `job_group` varchar(64) CHARACTER SET utf8mb4 COLLATE utf8mb4_0900_ai_ci NOT NULL COMMENT '任务组名',
  `invoke_target` varchar(500) CHARACTER SET utf8mb4 COLLATE utf8mb4_0900_ai_ci NOT NULL COMMENT '调用目标字符串',
  `job_message` varchar(500) CHARACTER SET utf8mb4 COLLATE utf8mb4_0900_ai_ci NULL DEFAULT NULL COMMENT '日志信息',
  `status` char(1) CHARACTER SET utf8mb4 COLLATE utf8mb4_0900_ai_ci NULL DEFAULT '0' COMMENT '执行状态（0正常 1失败）',
  `exception_info` varchar(2000) CHARACTER SET utf8mb4 COLLATE utf8mb4_0900_ai_ci NULL DEFAULT '' COMMENT '异常信息',
  `create_time` datetime(0) NULL DEFAULT NULL COMMENT '创建时间',
  PRIMARY KEY (`job_log_id`) USING BTREE
) ENGINE = InnoDB AUTO_INCREMENT = 1 CHARACTER SET = utf8mb4 COLLATE = utf8mb4_0900_ai_ci COMMENT = '定时任务调度日志表' ROW_FORMAT = Dynamic;

-- ----------------------------
-- Table structure for sys_logininfor
-- ----------------------------
DROP TABLE IF EXISTS `sys_logininfor`;
CREATE TABLE `sys_logininfor`  (
  `info_id` bigint(0) NOT NULL AUTO_INCREMENT COMMENT '访问ID',
  `user_name` varchar(50) CHARACTER SET utf8mb4 COLLATE utf8mb4_0900_ai_ci NULL DEFAULT '' COMMENT '用户账号',
  `ipaddr` varchar(128) CHARACTER SET utf8mb4 COLLATE utf8mb4_0900_ai_ci NULL DEFAULT '' COMMENT '登录IP地址',
  `login_location` varchar(255) CHARACTER SET utf8mb4 COLLATE utf8mb4_0900_ai_ci NULL DEFAULT '' COMMENT '登录地点',
  `browser` varchar(50) CHARACTER SET utf8mb4 COLLATE utf8mb4_0900_ai_ci NULL DEFAULT '' COMMENT '浏览器类型',
  `os` varchar(50) CHARACTER SET utf8mb4 COLLATE utf8mb4_0900_ai_ci NULL DEFAULT '' COMMENT '操作系统',
  `status` char(1) CHARACTER SET utf8mb4 COLLATE utf8mb4_0900_ai_ci NULL DEFAULT '0' COMMENT '登录状态（0成功 1失败）',
  `msg` varchar(255) CHARACTER SET utf8mb4 COLLATE utf8mb4_0900_ai_ci NULL DEFAULT '' COMMENT '提示消息',
  `login_time` datetime(0) NULL DEFAULT NULL COMMENT '访问时间',
  PRIMARY KEY (`info_id`) USING BTREE,
  INDEX `idx_sys_logininfor_s`(`status`) USING BTREE,
  INDEX `idx_sys_logininfor_lt`(`login_time`) USING BTREE
) ENGINE = InnoDB AUTO_INCREMENT = 243 CHARACTER SET = utf8mb4 COLLATE = utf8mb4_0900_ai_ci COMMENT = '系统访问记录' ROW_FORMAT = Dynamic;

-- ----------------------------
-- Records of sys_logininfor
-- ----------------------------
INSERT INTO `sys_logininfor` VALUES (100, 'admin', '127.0.0.1', '内网IP', 'Chrome 11', 'Windows 10', '1', '验证码错误', '2023-06-26 10:25:05');
INSERT INTO `sys_logininfor` VALUES (101, 'admin', '127.0.0.1', '内网IP', 'Chrome 11', 'Windows 10', '1', '验证码错误', '2023-06-26 10:25:17');
INSERT INTO `sys_logininfor` VALUES (102, 'admin', '127.0.0.1', '内网IP', 'Chrome 11', 'Windows 10', '0', '登录成功', '2023-06-26 10:25:22');
INSERT INTO `sys_logininfor` VALUES (103, 'admin', '127.0.0.1', '内网IP', 'Chrome 11', 'Windows 10', '0', '登录成功', '2023-06-26 12:47:17');
INSERT INTO `sys_logininfor` VALUES (104, 'admin', '127.0.0.1', '内网IP', 'Chrome 11', 'Windows 10', '0', '登录成功', '2023-06-26 14:11:13');
INSERT INTO `sys_logininfor` VALUES (105, 'admin', '127.0.0.1', '内网IP', 'Chrome 11', 'Windows 10', '1', '验证码错误', '2023-06-27 09:18:32');
INSERT INTO `sys_logininfor` VALUES (106, 'admin', '127.0.0.1', '内网IP', 'Chrome 11', 'Windows 10', '0', '登录成功', '2023-06-27 09:18:39');
INSERT INTO `sys_logininfor` VALUES (107, 'admin', '127.0.0.1', '内网IP', 'Chrome 11', 'Windows 10', '0', '退出成功', '2023-06-27 10:23:31');
INSERT INTO `sys_logininfor` VALUES (108, 'admin', '127.0.0.1', '内网IP', 'Chrome 11', 'Windows 10', '1', '验证码已失效', '2023-06-27 10:26:13');
INSERT INTO `sys_logininfor` VALUES (109, 'admin', '127.0.0.1', '内网IP', 'Chrome 11', 'Windows 10', '0', '登录成功', '2023-06-27 10:26:20');
INSERT INTO `sys_logininfor` VALUES (110, 'admin', '127.0.0.1', '内网IP', 'Chrome 11', 'Windows 10', '0', '登录成功', '2023-06-27 13:59:33');
INSERT INTO `sys_logininfor` VALUES (111, 'admin', '127.0.0.1', '内网IP', 'Chrome 11', 'Windows 10', '0', '登录成功', '2023-06-27 14:39:39');
INSERT INTO `sys_logininfor` VALUES (112, 'admin', '127.0.0.1', '内网IP', 'Chrome 11', 'Windows 10', '0', '登录成功', '2023-06-27 15:38:36');
INSERT INTO `sys_logininfor` VALUES (113, 'admin', '127.0.0.1', '内网IP', 'Chrome 11', 'Windows 10', '0', '退出成功', '2023-06-27 17:02:27');
INSERT INTO `sys_logininfor` VALUES (114, 'cs', '127.0.0.1', '内网IP', 'Chrome 11', 'Windows 10', '0', '登录成功', '2023-06-27 17:02:38');
INSERT INTO `sys_logininfor` VALUES (115, 'cs', '127.0.0.1', '内网IP', 'Chrome 11', 'Windows 10', '0', '退出成功', '2023-06-27 17:03:05');
INSERT INTO `sys_logininfor` VALUES (116, 'yx', '127.0.0.1', '内网IP', 'Chrome 11', 'Windows 10', '0', '登录成功', '2023-06-27 17:03:14');
INSERT INTO `sys_logininfor` VALUES (117, 'yx', '127.0.0.1', '内网IP', 'Chrome 11', 'Windows 10', '0', '退出成功', '2023-06-27 17:03:42');
INSERT INTO `sys_logininfor` VALUES (118, '123', '127.0.0.1', '内网IP', 'Chrome 11', 'Windows 10', '0', '登录成功', '2023-06-27 17:03:54');
INSERT INTO `sys_logininfor` VALUES (119, '123', '127.0.0.1', '内网IP', 'Chrome 11', 'Windows 10', '0', '退出成功', '2023-06-27 17:04:23');
INSERT INTO `sys_logininfor` VALUES (120, 'admin', '127.0.0.1', '内网IP', 'Chrome 11', 'Windows 10', '0', '登录成功', '2023-06-27 17:04:30');
INSERT INTO `sys_logininfor` VALUES (121, 'admin', '127.0.0.1', '内网IP', 'Chrome 11', 'Windows 10', '0', '登录成功', '2023-06-27 17:54:07');
INSERT INTO `sys_logininfor` VALUES (122, 'admin', '127.0.0.1', '内网IP', 'Chrome 11', 'Windows 10', '0', '登录成功', '2023-06-28 09:54:32');
INSERT INTO `sys_logininfor` VALUES (123, 'admin', '127.0.0.1', '内网IP', 'Chrome 11', 'Windows 10', '0', '退出成功', '2023-06-28 10:39:45');
INSERT INTO `sys_logininfor` VALUES (124, 'admin', '127.0.0.1', '内网IP', 'Chrome 11', 'Windows 10', '0', '登录成功', '2023-06-28 10:39:53');
INSERT INTO `sys_logininfor` VALUES (125, 'admin', '127.0.0.1', '内网IP', 'Chrome 11', 'Windows 10', '1', '验证码错误', '2023-06-28 11:23:13');
INSERT INTO `sys_logininfor` VALUES (126, 'admin', '127.0.0.1', '内网IP', 'Chrome 11', 'Windows 10', '0', '登录成功', '2023-06-28 11:23:19');
INSERT INTO `sys_logininfor` VALUES (127, 'admin', '127.0.0.1', '内网IP', 'Chrome 11', 'Windows 10', '1', '验证码错误', '2023-06-28 14:07:48');
INSERT INTO `sys_logininfor` VALUES (128, 'admin', '127.0.0.1', '内网IP', 'Chrome 11', 'Windows 10', '0', '登录成功', '2023-06-28 14:08:01');
INSERT INTO `sys_logininfor` VALUES (129, 'admin', '127.0.0.1', '内网IP', 'Chrome 11', 'Windows 10', '0', '登录成功', '2023-06-29 09:12:34');
INSERT INTO `sys_logininfor` VALUES (130, 'admin', '127.0.0.1', '内网IP', 'Chrome 11', 'Windows 10', '0', '登录成功', '2023-06-29 14:11:07');
INSERT INTO `sys_logininfor` VALUES (131, 'admin', '127.0.0.1', '内网IP', 'Chrome 11', 'Windows 10', '0', '登录成功', '2023-06-29 15:25:41');
INSERT INTO `sys_logininfor` VALUES (132, 'admin', '127.0.0.1', '内网IP', 'Chrome 11', 'Windows 10', '0', '退出成功', '2023-06-29 17:09:58');
INSERT INTO `sys_logininfor` VALUES (133, 'admin', '127.0.0.1', '内网IP', 'Chrome 11', 'Windows 10', '0', '登录成功', '2023-06-29 17:10:03');
INSERT INTO `sys_logininfor` VALUES (134, 'admin', '127.0.0.1', '内网IP', 'Chrome 11', 'Windows 10', '0', '退出成功', '2023-06-29 18:10:24');
INSERT INTO `sys_logininfor` VALUES (135, 'admin', '127.0.0.1', '内网IP', 'Chrome 11', 'Windows 10', '0', '登录成功', '2023-06-29 18:10:30');
INSERT INTO `sys_logininfor` VALUES (136, 'admin', '127.0.0.1', '内网IP', 'Chrome 11', 'Windows 10', '0', '登录成功', '2023-06-29 19:43:16');
INSERT INTO `sys_logininfor` VALUES (137, 'admin', '127.0.0.1', '内网IP', 'Chrome 11', 'Windows 10', '0', '退出成功', '2023-06-29 19:43:17');
INSERT INTO `sys_logininfor` VALUES (138, 'admin', '127.0.0.1', '内网IP', 'Chrome 11', 'Windows 10', '0', '登录成功', '2023-06-29 19:45:06');
INSERT INTO `sys_logininfor` VALUES (139, 'admin', '127.0.0.1', '内网IP', 'Chrome 11', 'Windows 10', '0', '登录成功', '2023-06-30 09:08:34');
INSERT INTO `sys_logininfor` VALUES (140, 'admin', '127.0.0.1', '内网IP', 'Chrome 11', 'Windows 10', '0', '退出成功', '2023-06-30 09:23:49');
INSERT INTO `sys_logininfor` VALUES (141, 'admin', '192.168.1.8', '内网IP', 'Unknown', 'Unknown', '0', '登录成功', '2023-06-30 09:24:43');
INSERT INTO `sys_logininfor` VALUES (142, 'admin', '127.0.0.1', '内网IP', 'Chrome 11', 'Windows 10', '0', '登录成功', '2023-06-30 09:26:10');
INSERT INTO `sys_logininfor` VALUES (143, 'admin', '192.168.1.13', '内网IP', 'Unknown', 'Unknown', '0', '登录成功', '2023-06-30 10:32:30');
INSERT INTO `sys_logininfor` VALUES (144, 'admin', '192.168.1.8', '内网IP', 'Unknown', 'Unknown', '0', '登录成功', '2023-06-30 10:38:20');
INSERT INTO `sys_logininfor` VALUES (145, 'admin', '192.168.1.13', '内网IP', 'Unknown', 'Unknown', '0', '登录成功', '2023-06-30 10:39:18');
INSERT INTO `sys_logininfor` VALUES (146, 'admin', '192.168.1.13', '内网IP', 'Unknown', 'Unknown', '0', '登录成功', '2023-06-30 10:45:59');
INSERT INTO `sys_logininfor` VALUES (147, 'admin', '127.0.0.1', '内网IP', 'Chrome 11', 'Windows 10', '0', '登录成功', '2023-06-30 10:51:50');
INSERT INTO `sys_logininfor` VALUES (148, 'yx', '192.168.1.8', '内网IP', 'Unknown', 'Unknown', '0', '登录成功', '2023-06-30 11:21:29');
INSERT INTO `sys_logininfor` VALUES (149, 'yx', '192.168.1.13', '内网IP', 'Unknown', 'Unknown', '0', '登录成功', '2023-06-30 11:22:01');
INSERT INTO `sys_logininfor` VALUES (150, 'yx', '192.168.1.13', '内网IP', 'Unknown', 'Unknown', '0', '登录成功', '2023-06-30 11:23:41');
INSERT INTO `sys_logininfor` VALUES (151, 'admin', '127.0.0.1', '内网IP', 'Chrome 11', 'Windows 10', '0', '登录成功', '2023-06-30 11:44:42');
INSERT INTO `sys_logininfor` VALUES (152, 'admin', '127.0.0.1', '内网IP', 'Chrome 11', 'Windows 10', '0', '登录成功', '2023-06-30 14:18:02');
INSERT INTO `sys_logininfor` VALUES (153, 'admin', '127.0.0.1', '内网IP', 'Chrome 11', 'Windows 10', '0', '退出成功', '2023-06-30 14:27:29');
INSERT INTO `sys_logininfor` VALUES (154, 'admin', '127.0.0.1', '内网IP', 'Chrome 11', 'Windows 10', '0', '登录成功', '2023-06-30 14:27:31');
INSERT INTO `sys_logininfor` VALUES (155, 'admin', '127.0.0.1', '内网IP', 'Chrome 11', 'Windows 10', '0', '登录成功', '2023-07-01 16:21:32');
INSERT INTO `sys_logininfor` VALUES (156, 'admin', '127.0.0.1', '内网IP', 'Chrome 11', 'Windows 10', '0', '登录成功', '2023-07-03 09:11:44');
INSERT INTO `sys_logininfor` VALUES (157, 'admin', '127.0.0.1', '内网IP', 'Chrome 11', 'Windows 10', '0', '退出成功', '2023-07-03 09:11:50');
INSERT INTO `sys_logininfor` VALUES (158, 'admin', '127.0.0.1', '内网IP', 'Chrome 11', 'Windows 10', '0', '登录成功', '2023-07-03 09:11:55');
INSERT INTO `sys_logininfor` VALUES (159, 'admin', '127.0.0.1', '内网IP', 'Chrome 11', 'Windows 10', '0', '退出成功', '2023-07-03 09:13:02');
INSERT INTO `sys_logininfor` VALUES (160, 'admin', '127.0.0.1', '内网IP', 'Chrome 11', 'Windows 10', '0', '登录成功', '2023-07-03 09:13:06');
INSERT INTO `sys_logininfor` VALUES (161, 'admin', '127.0.0.1', '内网IP', 'Chrome 11', 'Windows 10', '0', '登录成功', '2023-07-05 09:17:25');
INSERT INTO `sys_logininfor` VALUES (162, 'admin', '127.0.0.1', '内网IP', 'Chrome 11', 'Windows 10', '0', '退出成功', '2023-07-05 09:35:26');
INSERT INTO `sys_logininfor` VALUES (163, 'admin', '127.0.0.1', '内网IP', 'Chrome 11', 'Windows 10', '0', '登录成功', '2023-07-05 09:35:33');
INSERT INTO `sys_logininfor` VALUES (164, 'admin', '127.0.0.1', '内网IP', 'Chrome 11', 'Windows 10', '0', '退出成功', '2023-07-05 15:30:18');
INSERT INTO `sys_logininfor` VALUES (165, 'admin', '127.0.0.1', '内网IP', 'Chrome 11', 'Windows 10', '0', '登录成功', '2023-07-05 16:21:11');
INSERT INTO `sys_logininfor` VALUES (166, 'admin', '127.0.0.1', '内网IP', 'Chrome 11', 'Windows 10', '0', '退出成功', '2023-07-05 16:21:22');
INSERT INTO `sys_logininfor` VALUES (167, 'admin', '127.0.0.1', '内网IP', 'Chrome 11', 'Windows 10', '0', '登录成功', '2023-07-05 16:35:58');
INSERT INTO `sys_logininfor` VALUES (168, 'admin', '127.0.0.1', '内网IP', 'Chrome 11', 'Windows 10', '0', '退出成功', '2023-07-05 16:36:02');
INSERT INTO `sys_logininfor` VALUES (169, 'admin', '127.0.0.1', '内网IP', 'Chrome 11', 'Windows 10', '0', '登录成功', '2023-07-05 16:39:46');
INSERT INTO `sys_logininfor` VALUES (170, 'admin', '127.0.0.1', '内网IP', 'Chrome 11', 'Windows 10', '0', '退出成功', '2023-07-05 16:41:23');
INSERT INTO `sys_logininfor` VALUES (171, '18571940502', '127.0.0.1', '内网IP', 'Chrome 11', 'Windows 10', '0', '登录成功', '2023-07-05 16:41:48');
INSERT INTO `sys_logininfor` VALUES (172, '18571940502', '127.0.0.1', '内网IP', 'Chrome 11', 'Windows 10', '1', '验证码失效', '2023-07-05 16:41:48');
INSERT INTO `sys_logininfor` VALUES (173, 'admin', '127.0.0.1', '内网IP', 'Chrome 11', 'Windows 10', '0', '登录成功', '2023-07-05 16:43:12');
INSERT INTO `sys_logininfor` VALUES (174, '18571940502', '127.0.0.1', '内网IP', 'Chrome 11', 'Windows 10', '0', '登录成功', '2023-07-05 16:45:32');
INSERT INTO `sys_logininfor` VALUES (175, 'admin', '127.0.0.1', '内网IP', 'Chrome 11', 'Windows 10', '0', '退出成功', '2023-07-05 17:22:22');
INSERT INTO `sys_logininfor` VALUES (176, 'admin', '127.0.0.1', '内网IP', 'Chrome 11', 'Windows 10', '0', '登录成功', '2023-07-05 17:30:52');
INSERT INTO `sys_logininfor` VALUES (177, 'admin', '127.0.0.1', '内网IP', 'Chrome 11', 'Windows 10', '0', '退出成功', '2023-07-05 17:31:05');
INSERT INTO `sys_logininfor` VALUES (178, 'admin', '127.0.0.1', '内网IP', 'Chrome 11', 'Windows 10', '0', '登录成功', '2023-07-05 17:58:14');
INSERT INTO `sys_logininfor` VALUES (179, 'admin', '127.0.0.1', '内网IP', 'Chrome 11', 'Windows 10', '0', '退出成功', '2023-07-05 18:12:49');
INSERT INTO `sys_logininfor` VALUES (180, '18571940502', '127.0.0.1', '内网IP', 'Chrome 11', 'Windows 10', '1', '验证码失效', '2023-07-05 18:13:08');
INSERT INTO `sys_logininfor` VALUES (181, '18571940502', '127.0.0.1', '内网IP', 'Chrome 11', 'Windows 10', '0', '登录成功', '2023-07-05 18:13:08');
INSERT INTO `sys_logininfor` VALUES (182, '18571940502', '127.0.0.1', '内网IP', 'Chrome 11', 'Windows 10', '1', '验证码失效', '2023-07-05 18:15:02');
INSERT INTO `sys_logininfor` VALUES (183, '18571940502', '127.0.0.1', '内网IP', 'Chrome 11', 'Windows 10', '0', '登录成功', '2023-07-05 18:15:02');
INSERT INTO `sys_logininfor` VALUES (184, '18571940502', '127.0.0.1', '内网IP', 'Chrome 11', 'Windows 10', '0', '登录成功', '2023-07-05 18:16:31');
INSERT INTO `sys_logininfor` VALUES (185, '18571940502', '127.0.0.1', '内网IP', 'Chrome 11', 'Windows 10', '1', '验证码失效', '2023-07-05 18:16:31');
INSERT INTO `sys_logininfor` VALUES (186, '1571940502', '127.0.0.1', '内网IP', 'Chrome 11', 'Windows 10', '0', '登录成功', '2023-07-05 18:20:10');
INSERT INTO `sys_logininfor` VALUES (187, '1571940502', '127.0.0.1', '内网IP', 'Chrome 11', 'Windows 10', '1', '验证码失效', '2023-07-05 18:20:10');
INSERT INTO `sys_logininfor` VALUES (188, '1571940502', '127.0.0.1', '内网IP', 'Chrome 11', 'Windows 10', '0', '登录成功', '2023-07-05 18:20:48');
INSERT INTO `sys_logininfor` VALUES (189, '1571940502', '127.0.0.1', '内网IP', 'Chrome 11', 'Windows 10', '1', '验证码失效', '2023-07-05 18:20:48');
INSERT INTO `sys_logininfor` VALUES (190, '18571940502', '127.0.0.1', '内网IP', 'Chrome 11', 'Windows 10', '0', '登录成功', '2023-07-05 18:23:42');
INSERT INTO `sys_logininfor` VALUES (191, '18571940502', '127.0.0.1', '内网IP', 'Chrome 11', 'Windows 10', '1', '验证码失效', '2023-07-05 18:23:42');
INSERT INTO `sys_logininfor` VALUES (192, '18571940502', '127.0.0.1', '内网IP', 'Chrome 11', 'Windows 10', '0', '登录成功', '2023-07-05 18:25:14');
INSERT INTO `sys_logininfor` VALUES (193, 'admin', '127.0.0.1', '内网IP', 'Chrome 11', 'Windows 10', '0', '退出成功', '2023-07-05 18:26:16');
INSERT INTO `sys_logininfor` VALUES (194, 'admin', '127.0.0.1', '内网IP', 'Chrome 11', 'Windows 10', '0', '登录成功', '2023-07-05 18:26:19');
INSERT INTO `sys_logininfor` VALUES (195, 'admin', '127.0.0.1', '内网IP', 'Chrome 11', 'Windows 10', '0', '退出成功', '2023-07-05 18:30:23');
INSERT INTO `sys_logininfor` VALUES (196, 'admin', '127.0.0.1', '内网IP', 'Chrome 11', 'Windows 10', '0', '登录成功', '2023-07-05 18:30:25');
INSERT INTO `sys_logininfor` VALUES (197, 'admin', '127.0.0.1', '内网IP', 'Chrome 11', 'Windows 10', '0', '退出成功', '2023-07-05 18:39:37');
INSERT INTO `sys_logininfor` VALUES (198, 'ry', '127.0.0.1', '内网IP', 'Chrome 11', 'Windows 10', '0', '登录成功', '2023-07-05 18:39:46');
INSERT INTO `sys_logininfor` VALUES (199, 'ry', '127.0.0.1', '内网IP', 'Chrome 11', 'Windows 10', '0', '退出成功', '2023-07-06 09:15:00');
INSERT INTO `sys_logininfor` VALUES (200, 'admin', '127.0.0.1', '内网IP', 'Chrome 11', 'Windows 10', '0', '登录成功', '2023-07-06 09:15:05');
INSERT INTO `sys_logininfor` VALUES (201, 'yx', '192.168.1.6', '内网IP', 'Unknown', 'Unknown', '0', '登录成功', '2023-07-06 10:27:04');
INSERT INTO `sys_logininfor` VALUES (202, '18571940502', '127.0.0.1', '内网IP', 'Chrome 11', 'Windows 10', '1', '登录手机号：18571940502 不存在', '2023-07-06 11:06:23');
INSERT INTO `sys_logininfor` VALUES (203, '18571940502', '127.0.0.1', '内网IP', 'Chrome 11', 'Windows 10', '0', '登录成功', '2023-07-06 11:06:23');
INSERT INTO `sys_logininfor` VALUES (204, '18571940502', '127.0.0.1', '内网IP', 'Chrome 11', 'Windows 10', '1', '登录手机号：18571940502 不存在', '2023-07-06 11:08:21');
INSERT INTO `sys_logininfor` VALUES (205, '18571940502', '127.0.0.1', '内网IP', 'Chrome 11', 'Windows 10', '0', '登录成功', '2023-07-06 11:08:24');
INSERT INTO `sys_logininfor` VALUES (206, 'yx', '192.168.1.13', '内网IP', 'Unknown', 'Unknown', '0', '登录成功', '2023-07-06 11:28:37');
INSERT INTO `sys_logininfor` VALUES (207, 'yx', '192.168.1.13', '内网IP', 'Unknown', 'Unknown', '0', '登录成功', '2023-07-06 11:34:56');
INSERT INTO `sys_logininfor` VALUES (208, '18571940502', '127.0.0.1', '内网IP', 'Chrome 11', 'Windows 10', '0', '注册成功', '2023-07-06 11:49:55');
INSERT INTO `sys_logininfor` VALUES (209, '18571940502', '127.0.0.1', '内网IP', 'Chrome 11', 'Windows 10', '1', NULL, '2023-07-06 11:49:55');
INSERT INTO `sys_logininfor` VALUES (210, '18571940502', '127.0.0.1', '内网IP', 'Chrome 11', 'Windows 10', '0', '登录成功', '2023-07-06 11:49:55');
INSERT INTO `sys_logininfor` VALUES (211, '18571940502', '127.0.0.1', '内网IP', 'Chrome 11', 'Windows 10', '1', NULL, '2023-07-06 14:13:16');
INSERT INTO `sys_logininfor` VALUES (212, '18571940502', '127.0.0.1', '内网IP', 'Chrome 11', 'Windows 10', '0', '登录成功', '2023-07-06 14:13:16');
INSERT INTO `sys_logininfor` VALUES (213, '18571940502', '127.0.0.1', '内网IP', 'Chrome 11', 'Windows 10', '0', '注册成功', '2023-07-06 14:30:00');
INSERT INTO `sys_logininfor` VALUES (214, '18571940502', '127.0.0.1', '内网IP', 'Chrome 11', 'Windows 10', '1', NULL, '2023-07-06 14:30:00');
INSERT INTO `sys_logininfor` VALUES (215, '18571940502', '127.0.0.1', '内网IP', 'Chrome 11', 'Windows 10', '0', '登录成功', '2023-07-06 14:30:00');
INSERT INTO `sys_logininfor` VALUES (216, '18571940502', '127.0.0.1', '内网IP', 'Chrome 11', 'Windows 10', '0', '注册成功', '2023-07-06 14:39:11');
INSERT INTO `sys_logininfor` VALUES (217, '18571940502', '127.0.0.1', '内网IP', 'Chrome 11', 'Windows 10', '0', '登录成功', '2023-07-06 14:39:11');
INSERT INTO `sys_logininfor` VALUES (218, '18571940502', '127.0.0.1', '内网IP', 'Chrome 11', 'Windows 10', '0', '注册成功', '2023-07-06 14:50:47');
INSERT INTO `sys_logininfor` VALUES (219, '18571940502', '127.0.0.1', '内网IP', 'Chrome 11', 'Windows 10', '0', '登录成功', '2023-07-06 14:50:47');
INSERT INTO `sys_logininfor` VALUES (220, '18571940502', '127.0.0.1', '内网IP', 'Chrome 11', 'Windows 10', '0', '注册成功', '2023-07-06 15:01:09');
INSERT INTO `sys_logininfor` VALUES (221, '18571940502', '127.0.0.1', '内网IP', 'Chrome 11', 'Windows 10', '0', '登录成功', '2023-07-06 15:01:09');
INSERT INTO `sys_logininfor` VALUES (222, '13871252330', '192.168.1.13', '内网IP', 'Unknown', 'Unknown', '0', '注册成功', '2023-07-06 15:03:01');
INSERT INTO `sys_logininfor` VALUES (223, '13871252330', '192.168.1.13', '内网IP', 'Unknown', 'Unknown', '0', '登录成功', '2023-07-06 15:03:01');
INSERT INTO `sys_logininfor` VALUES (224, 'yx', '192.168.1.13', '内网IP', 'Unknown', 'Unknown', '0', '登录成功', '2023-07-06 15:07:33');
INSERT INTO `sys_logininfor` VALUES (225, '13871252330', '192.168.1.13', '内网IP', 'Unknown', 'Unknown', '1', '验证码失效', '2023-07-06 15:07:43');
INSERT INTO `sys_logininfor` VALUES (226, '13871252330', '192.168.1.13', '内网IP', 'Unknown', 'Unknown', '0', '登录成功', '2023-07-06 15:07:43');
INSERT INTO `sys_logininfor` VALUES (227, '13871252330', '192.168.1.13', '内网IP', 'Unknown', 'Unknown', '0', '登录成功', '2023-07-06 15:07:51');
INSERT INTO `sys_logininfor` VALUES (228, '13871252330', '192.168.1.13', '内网IP', 'Unknown', 'Unknown', '1', '验证码失效', '2023-07-06 15:07:51');
INSERT INTO `sys_logininfor` VALUES (229, 'admin', '127.0.0.1', '内网IP', 'Chrome 11', 'Windows 10', '0', '登录成功', '2023-07-07 18:29:58');
INSERT INTO `sys_logininfor` VALUES (230, 'admin', '127.0.0.1', '内网IP', 'Chrome 11', 'Windows 10', '0', '登录成功', '2023-07-10 13:44:57');
INSERT INTO `sys_logininfor` VALUES (231, 'admin', '127.0.0.1', '内网IP', 'Chrome 11', 'Windows 10', '0', '退出成功', '2023-07-10 15:45:05');
INSERT INTO `sys_logininfor` VALUES (232, 'admin', '127.0.0.1', '内网IP', 'Chrome 11', 'Windows 10', '0', '登录成功', '2023-07-10 15:45:18');
INSERT INTO `sys_logininfor` VALUES (233, '13871252330', '192.168.1.13', '内网IP', 'Unknown', 'Unknown', '0', '登录成功', '2023-07-10 16:05:08');
INSERT INTO `sys_logininfor` VALUES (234, '18571940502', '127.0.0.1', '内网IP', 'Chrome 11', 'Windows 10', '0', '登录成功', '2023-07-10 16:18:10');
INSERT INTO `sys_logininfor` VALUES (235, 'admin', '127.0.0.1', '内网IP', 'Chrome 11', 'Windows 10', '0', '退出成功', '2023-07-10 16:45:55');
INSERT INTO `sys_logininfor` VALUES (236, NULL, '192.168.1.10', '内网IP', 'Unknown', 'Unknown', '1', '* 必须填写', '2023-07-10 16:47:14');
INSERT INTO `sys_logininfor` VALUES (237, '18571940502', '192.168.1.10', '内网IP', 'Unknown', 'Unknown', '0', '登录成功', '2023-07-10 16:47:43');
INSERT INTO `sys_logininfor` VALUES (238, '13871252330', '192.168.1.13', '内网IP', 'Unknown', 'Unknown', '0', '登录成功', '2023-07-10 16:49:33');
INSERT INTO `sys_logininfor` VALUES (239, 'admin', '127.0.0.1', '内网IP', 'Chrome 11', 'Windows 10', '0', '登录成功', '2023-07-10 17:12:37');
INSERT INTO `sys_logininfor` VALUES (240, 'admin', '127.0.0.1', '内网IP', 'Chrome 11', 'Windows 10', '0', '退出成功', '2023-07-10 17:38:05');
INSERT INTO `sys_logininfor` VALUES (241, 'admin', '127.0.0.1', '内网IP', 'Chrome 11', 'Windows 10', '0', '登录成功', '2023-07-10 17:38:12');
INSERT INTO `sys_logininfor` VALUES (242, 'admin', '127.0.0.1', '内网IP', 'Chrome 11', 'Windows 10', '0', '登录成功', '2023-07-11 18:49:08');

-- ----------------------------
-- Table structure for sys_menu
-- ----------------------------
DROP TABLE IF EXISTS `sys_menu`;
CREATE TABLE `sys_menu`  (
  `menu_id` bigint(0) NOT NULL AUTO_INCREMENT COMMENT '菜单ID',
  `menu_name` varchar(50) CHARACTER SET utf8mb4 COLLATE utf8mb4_0900_ai_ci NOT NULL COMMENT '菜单名称',
  `parent_id` bigint(0) NULL DEFAULT 0 COMMENT '父菜单ID',
  `order_num` int(0) NULL DEFAULT 0 COMMENT '显示顺序',
  `path` varchar(200) CHARACTER SET utf8mb4 COLLATE utf8mb4_0900_ai_ci NULL DEFAULT '' COMMENT '路由地址',
  `component` varchar(255) CHARACTER SET utf8mb4 COLLATE utf8mb4_0900_ai_ci NULL DEFAULT NULL COMMENT '组件路径',
  `query` varchar(255) CHARACTER SET utf8mb4 COLLATE utf8mb4_0900_ai_ci NULL DEFAULT NULL COMMENT '路由参数',
  `is_frame` int(0) NULL DEFAULT 1 COMMENT '是否为外链（0是 1否）',
  `is_cache` int(0) NULL DEFAULT 0 COMMENT '是否缓存（0缓存 1不缓存）',
  `menu_type` char(1) CHARACTER SET utf8mb4 COLLATE utf8mb4_0900_ai_ci NULL DEFAULT '' COMMENT '菜单类型（M目录 C菜单 F按钮）',
  `visible` char(1) CHARACTER SET utf8mb4 COLLATE utf8mb4_0900_ai_ci NULL DEFAULT '0' COMMENT '菜单状态（0显示 1隐藏）',
  `status` char(1) CHARACTER SET utf8mb4 COLLATE utf8mb4_0900_ai_ci NULL DEFAULT '0' COMMENT '菜单状态（0正常 1停用）',
  `perms` varchar(100) CHARACTER SET utf8mb4 COLLATE utf8mb4_0900_ai_ci NULL DEFAULT NULL COMMENT '权限标识',
  `icon` varchar(100) CHARACTER SET utf8mb4 COLLATE utf8mb4_0900_ai_ci NULL DEFAULT '#' COMMENT '菜单图标',
  `create_by` varchar(64) CHARACTER SET utf8mb4 COLLATE utf8mb4_0900_ai_ci NULL DEFAULT '' COMMENT '创建者',
  `create_time` datetime(0) NULL DEFAULT NULL COMMENT '创建时间',
  `update_by` varchar(64) CHARACTER SET utf8mb4 COLLATE utf8mb4_0900_ai_ci NULL DEFAULT '' COMMENT '更新者',
  `update_time` datetime(0) NULL DEFAULT NULL COMMENT '更新时间',
  `remark` varchar(500) CHARACTER SET utf8mb4 COLLATE utf8mb4_0900_ai_ci NULL DEFAULT '' COMMENT '备注',
  PRIMARY KEY (`menu_id`) USING BTREE
) ENGINE = InnoDB AUTO_INCREMENT = 2079 CHARACTER SET = utf8mb4 COLLATE = utf8mb4_0900_ai_ci COMMENT = '菜单权限表' ROW_FORMAT = Dynamic;

-- ----------------------------
-- Records of sys_menu
-- ----------------------------
INSERT INTO `sys_menu` VALUES (1, '系统管理', 0, 1, 'system', NULL, '', 1, 0, 'M', '0', '0', '', 'system', 'admin', '2023-06-26 10:21:56', '', NULL, '系统管理目录');
INSERT INTO `sys_menu` VALUES (2, '系统监控', 0, 2, 'monitor', NULL, '', 1, 0, 'M', '0', '0', '', 'monitor', 'admin', '2023-06-26 10:21:56', '', NULL, '系统监控目录');
INSERT INTO `sys_menu` VALUES (3, '系统工具', 0, 3, 'tool', NULL, '', 1, 0, 'M', '0', '0', '', 'tool', 'admin', '2023-06-26 10:21:56', '', NULL, '系统工具目录');
INSERT INTO `sys_menu` VALUES (100, '用户管理', 1, 1, 'user', 'system/user/index', '', 1, 0, 'C', '0', '0', 'system:user:list', 'user', 'admin', '2023-06-26 10:21:56', '', NULL, '用户管理菜单');
INSERT INTO `sys_menu` VALUES (101, '角色管理', 1, 2, 'role', 'system/role/index', '', 1, 0, 'C', '0', '0', 'system:role:list', 'peoples', 'admin', '2023-06-26 10:21:56', '', NULL, '角色管理菜单');
INSERT INTO `sys_menu` VALUES (102, '菜单管理', 1, 3, 'menu', 'system/menu/index', '', 1, 0, 'C', '0', '0', 'system:menu:list', 'tree-table', 'admin', '2023-06-26 10:21:56', '', NULL, '菜单管理菜单');
INSERT INTO `sys_menu` VALUES (103, '部门管理', 1, 4, 'dept', 'system/dept/index', '', 1, 0, 'C', '0', '0', 'system:dept:list', 'tree', 'admin', '2023-06-26 10:21:56', '', NULL, '部门管理菜单');
INSERT INTO `sys_menu` VALUES (104, '岗位管理', 1, 5, 'post', 'system/post/index', '', 1, 0, 'C', '0', '0', 'system:post:list', 'post', 'admin', '2023-06-26 10:21:56', '', NULL, '岗位管理菜单');
INSERT INTO `sys_menu` VALUES (105, '字典管理', 1, 6, 'dict', 'system/dict/index', '', 1, 0, 'C', '0', '0', 'system:dict:list', 'dict', 'admin', '2023-06-26 10:21:56', '', NULL, '字典管理菜单');
INSERT INTO `sys_menu` VALUES (106, '参数设置', 1, 7, 'config', 'system/config/index', '', 1, 0, 'C', '0', '0', 'system:config:list', 'edit', 'admin', '2023-06-26 10:21:56', '', NULL, '参数设置菜单');
INSERT INTO `sys_menu` VALUES (107, '通知公告', 1, 8, 'notice', 'system/notice/index', '', 1, 0, 'C', '0', '0', 'system:notice:list', 'message', 'admin', '2023-06-26 10:21:56', '', NULL, '通知公告菜单');
INSERT INTO `sys_menu` VALUES (108, '日志管理', 1, 9, 'log', '', '', 1, 0, 'M', '0', '0', '', 'log', 'admin', '2023-06-26 10:21:56', '', NULL, '日志管理菜单');
INSERT INTO `sys_menu` VALUES (109, '在线用户', 2, 1, 'online', 'monitor/online/index', '', 1, 0, 'C', '0', '0', 'monitor:online:list', 'online', 'admin', '2023-06-26 10:21:56', '', NULL, '在线用户菜单');
INSERT INTO `sys_menu` VALUES (110, '定时任务', 2, 2, 'job', 'monitor/job/index', '', 1, 0, 'C', '0', '0', 'monitor:job:list', 'job', 'admin', '2023-06-26 10:21:56', '', NULL, '定时任务菜单');
INSERT INTO `sys_menu` VALUES (111, '数据监控', 2, 3, 'druid', 'monitor/druid/index', '', 1, 0, 'C', '0', '0', 'monitor:druid:list', 'druid', 'admin', '2023-06-26 10:21:56', '', NULL, '数据监控菜单');
INSERT INTO `sys_menu` VALUES (112, '服务监控', 2, 4, 'server', 'monitor/server/index', '', 1, 0, 'C', '0', '0', 'monitor:server:list', 'server', 'admin', '2023-06-26 10:21:56', '', NULL, '服务监控菜单');
INSERT INTO `sys_menu` VALUES (113, '缓存监控', 2, 5, 'cache', 'monitor/cache/index', '', 1, 0, 'C', '0', '0', 'monitor:cache:list', 'redis', 'admin', '2023-06-26 10:21:56', '', NULL, '缓存监控菜单');
INSERT INTO `sys_menu` VALUES (114, '缓存列表', 2, 6, 'cacheList', 'monitor/cache/list', '', 1, 0, 'C', '0', '0', 'monitor:cache:list', 'redis-list', 'admin', '2023-06-26 10:21:56', '', NULL, '缓存列表菜单');
INSERT INTO `sys_menu` VALUES (115, '表单构建', 3, 1, 'build', 'tool/build/index', '', 1, 0, 'C', '0', '0', 'tool:build:list', 'build', 'admin', '2023-06-26 10:21:56', '', NULL, '表单构建菜单');
INSERT INTO `sys_menu` VALUES (116, '代码生成', 3, 2, 'gen', 'tool/gen/index', '', 1, 0, 'C', '0', '0', 'tool:gen:list', 'code', 'admin', '2023-06-26 10:21:56', '', NULL, '代码生成菜单');
INSERT INTO `sys_menu` VALUES (117, '系统接口', 3, 3, 'swagger', 'tool/swagger/index', '', 1, 0, 'C', '0', '0', 'tool:swagger:list', 'swagger', 'admin', '2023-06-26 10:21:56', '', NULL, '系统接口菜单');
INSERT INTO `sys_menu` VALUES (500, '操作日志', 108, 1, 'operlog', 'monitor/operlog/index', '', 1, 0, 'C', '0', '0', 'monitor:operlog:list', 'form', 'admin', '2023-06-26 10:21:56', '', NULL, '操作日志菜单');
INSERT INTO `sys_menu` VALUES (501, '登录日志', 108, 2, 'logininfor', 'monitor/logininfor/index', '', 1, 0, 'C', '0', '0', 'monitor:logininfor:list', 'logininfor', 'admin', '2023-06-26 10:21:56', '', NULL, '登录日志菜单');
INSERT INTO `sys_menu` VALUES (1000, '用户查询', 100, 1, '', '', '', 1, 0, 'F', '0', '0', 'system:user:query', '#', 'admin', '2023-06-26 10:21:56', '', NULL, '');
INSERT INTO `sys_menu` VALUES (1001, '用户新增', 100, 2, '', '', '', 1, 0, 'F', '0', '0', 'system:user:add', '#', 'admin', '2023-06-26 10:21:56', '', NULL, '');
INSERT INTO `sys_menu` VALUES (1002, '用户修改', 100, 3, '', '', '', 1, 0, 'F', '0', '0', 'system:user:edit', '#', 'admin', '2023-06-26 10:21:56', '', NULL, '');
INSERT INTO `sys_menu` VALUES (1003, '用户删除', 100, 4, '', '', '', 1, 0, 'F', '0', '0', 'system:user:remove', '#', 'admin', '2023-06-26 10:21:56', '', NULL, '');
INSERT INTO `sys_menu` VALUES (1004, '用户导出', 100, 5, '', '', '', 1, 0, 'F', '0', '0', 'system:user:export', '#', 'admin', '2023-06-26 10:21:56', '', NULL, '');
INSERT INTO `sys_menu` VALUES (1005, '用户导入', 100, 6, '', '', '', 1, 0, 'F', '0', '0', 'system:user:import', '#', 'admin', '2023-06-26 10:21:56', '', NULL, '');
INSERT INTO `sys_menu` VALUES (1006, '重置密码', 100, 7, '', '', '', 1, 0, 'F', '0', '0', 'system:user:resetPwd', '#', 'admin', '2023-06-26 10:21:56', '', NULL, '');
INSERT INTO `sys_menu` VALUES (1007, '角色查询', 101, 1, '', '', '', 1, 0, 'F', '0', '0', 'system:role:query', '#', 'admin', '2023-06-26 10:21:56', '', NULL, '');
INSERT INTO `sys_menu` VALUES (1008, '角色新增', 101, 2, '', '', '', 1, 0, 'F', '0', '0', 'system:role:add', '#', 'admin', '2023-06-26 10:21:56', '', NULL, '');
INSERT INTO `sys_menu` VALUES (1009, '角色修改', 101, 3, '', '', '', 1, 0, 'F', '0', '0', 'system:role:edit', '#', 'admin', '2023-06-26 10:21:56', '', NULL, '');
INSERT INTO `sys_menu` VALUES (1010, '角色删除', 101, 4, '', '', '', 1, 0, 'F', '0', '0', 'system:role:remove', '#', 'admin', '2023-06-26 10:21:56', '', NULL, '');
INSERT INTO `sys_menu` VALUES (1011, '角色导出', 101, 5, '', '', '', 1, 0, 'F', '0', '0', 'system:role:export', '#', 'admin', '2023-06-26 10:21:56', '', NULL, '');
INSERT INTO `sys_menu` VALUES (1012, '菜单查询', 102, 1, '', '', '', 1, 0, 'F', '0', '0', 'system:menu:query', '#', 'admin', '2023-06-26 10:21:56', '', NULL, '');
INSERT INTO `sys_menu` VALUES (1013, '菜单新增', 102, 2, '', '', '', 1, 0, 'F', '0', '0', 'system:menu:add', '#', 'admin', '2023-06-26 10:21:56', '', NULL, '');
INSERT INTO `sys_menu` VALUES (1014, '菜单修改', 102, 3, '', '', '', 1, 0, 'F', '0', '0', 'system:menu:edit', '#', 'admin', '2023-06-26 10:21:56', '', NULL, '');
INSERT INTO `sys_menu` VALUES (1015, '菜单删除', 102, 4, '', '', '', 1, 0, 'F', '0', '0', 'system:menu:remove', '#', 'admin', '2023-06-26 10:21:56', '', NULL, '');
INSERT INTO `sys_menu` VALUES (1016, '部门查询', 103, 1, '', '', '', 1, 0, 'F', '0', '0', 'system:dept:query', '#', 'admin', '2023-06-26 10:21:56', '', NULL, '');
INSERT INTO `sys_menu` VALUES (1017, '部门新增', 103, 2, '', '', '', 1, 0, 'F', '0', '0', 'system:dept:add', '#', 'admin', '2023-06-26 10:21:56', '', NULL, '');
INSERT INTO `sys_menu` VALUES (1018, '部门修改', 103, 3, '', '', '', 1, 0, 'F', '0', '0', 'system:dept:edit', '#', 'admin', '2023-06-26 10:21:56', '', NULL, '');
INSERT INTO `sys_menu` VALUES (1019, '部门删除', 103, 4, '', '', '', 1, 0, 'F', '0', '0', 'system:dept:remove', '#', 'admin', '2023-06-26 10:21:56', '', NULL, '');
INSERT INTO `sys_menu` VALUES (1020, '岗位查询', 104, 1, '', '', '', 1, 0, 'F', '0', '0', 'system:post:query', '#', 'admin', '2023-06-26 10:21:56', '', NULL, '');
INSERT INTO `sys_menu` VALUES (1021, '岗位新增', 104, 2, '', '', '', 1, 0, 'F', '0', '0', 'system:post:add', '#', 'admin', '2023-06-26 10:21:56', '', NULL, '');
INSERT INTO `sys_menu` VALUES (1022, '岗位修改', 104, 3, '', '', '', 1, 0, 'F', '0', '0', 'system:post:edit', '#', 'admin', '2023-06-26 10:21:56', '', NULL, '');
INSERT INTO `sys_menu` VALUES (1023, '岗位删除', 104, 4, '', '', '', 1, 0, 'F', '0', '0', 'system:post:remove', '#', 'admin', '2023-06-26 10:21:56', '', NULL, '');
INSERT INTO `sys_menu` VALUES (1024, '岗位导出', 104, 5, '', '', '', 1, 0, 'F', '0', '0', 'system:post:export', '#', 'admin', '2023-06-26 10:21:56', '', NULL, '');
INSERT INTO `sys_menu` VALUES (1025, '字典查询', 105, 1, '#', '', '', 1, 0, 'F', '0', '0', 'system:dict:query', '#', 'admin', '2023-06-26 10:21:56', '', NULL, '');
INSERT INTO `sys_menu` VALUES (1026, '字典新增', 105, 2, '#', '', '', 1, 0, 'F', '0', '0', 'system:dict:add', '#', 'admin', '2023-06-26 10:21:56', '', NULL, '');
INSERT INTO `sys_menu` VALUES (1027, '字典修改', 105, 3, '#', '', '', 1, 0, 'F', '0', '0', 'system:dict:edit', '#', 'admin', '2023-06-26 10:21:56', '', NULL, '');
INSERT INTO `sys_menu` VALUES (1028, '字典删除', 105, 4, '#', '', '', 1, 0, 'F', '0', '0', 'system:dict:remove', '#', 'admin', '2023-06-26 10:21:56', '', NULL, '');
INSERT INTO `sys_menu` VALUES (1029, '字典导出', 105, 5, '#', '', '', 1, 0, 'F', '0', '0', 'system:dict:export', '#', 'admin', '2023-06-26 10:21:56', '', NULL, '');
INSERT INTO `sys_menu` VALUES (1030, '参数查询', 106, 1, '#', '', '', 1, 0, 'F', '0', '0', 'system:config:query', '#', 'admin', '2023-06-26 10:21:56', '', NULL, '');
INSERT INTO `sys_menu` VALUES (1031, '参数新增', 106, 2, '#', '', '', 1, 0, 'F', '0', '0', 'system:config:add', '#', 'admin', '2023-06-26 10:21:56', '', NULL, '');
INSERT INTO `sys_menu` VALUES (1032, '参数修改', 106, 3, '#', '', '', 1, 0, 'F', '0', '0', 'system:config:edit', '#', 'admin', '2023-06-26 10:21:56', '', NULL, '');
INSERT INTO `sys_menu` VALUES (1033, '参数删除', 106, 4, '#', '', '', 1, 0, 'F', '0', '0', 'system:config:remove', '#', 'admin', '2023-06-26 10:21:56', '', NULL, '');
INSERT INTO `sys_menu` VALUES (1034, '参数导出', 106, 5, '#', '', '', 1, 0, 'F', '0', '0', 'system:config:export', '#', 'admin', '2023-06-26 10:21:56', '', NULL, '');
INSERT INTO `sys_menu` VALUES (1035, '公告查询', 107, 1, '#', '', '', 1, 0, 'F', '0', '0', 'system:notice:query', '#', 'admin', '2023-06-26 10:21:56', '', NULL, '');
INSERT INTO `sys_menu` VALUES (1036, '公告新增', 107, 2, '#', '', '', 1, 0, 'F', '0', '0', 'system:notice:add', '#', 'admin', '2023-06-26 10:21:56', '', NULL, '');
INSERT INTO `sys_menu` VALUES (1037, '公告修改', 107, 3, '#', '', '', 1, 0, 'F', '0', '0', 'system:notice:edit', '#', 'admin', '2023-06-26 10:21:56', '', NULL, '');
INSERT INTO `sys_menu` VALUES (1038, '公告删除', 107, 4, '#', '', '', 1, 0, 'F', '0', '0', 'system:notice:remove', '#', 'admin', '2023-06-26 10:21:56', '', NULL, '');
INSERT INTO `sys_menu` VALUES (1039, '操作查询', 500, 1, '#', '', '', 1, 0, 'F', '0', '0', 'monitor:operlog:query', '#', 'admin', '2023-06-26 10:21:56', '', NULL, '');
INSERT INTO `sys_menu` VALUES (1040, '操作删除', 500, 2, '#', '', '', 1, 0, 'F', '0', '0', 'monitor:operlog:remove', '#', 'admin', '2023-06-26 10:21:56', '', NULL, '');
INSERT INTO `sys_menu` VALUES (1041, '日志导出', 500, 3, '#', '', '', 1, 0, 'F', '0', '0', 'monitor:operlog:export', '#', 'admin', '2023-06-26 10:21:56', '', NULL, '');
INSERT INTO `sys_menu` VALUES (1042, '登录查询', 501, 1, '#', '', '', 1, 0, 'F', '0', '0', 'monitor:logininfor:query', '#', 'admin', '2023-06-26 10:21:56', '', NULL, '');
INSERT INTO `sys_menu` VALUES (1043, '登录删除', 501, 2, '#', '', '', 1, 0, 'F', '0', '0', 'monitor:logininfor:remove', '#', 'admin', '2023-06-26 10:21:56', '', NULL, '');
INSERT INTO `sys_menu` VALUES (1044, '日志导出', 501, 3, '#', '', '', 1, 0, 'F', '0', '0', 'monitor:logininfor:export', '#', 'admin', '2023-06-26 10:21:56', '', NULL, '');
INSERT INTO `sys_menu` VALUES (1045, '账户解锁', 501, 4, '#', '', '', 1, 0, 'F', '0', '0', 'monitor:logininfor:unlock', '#', 'admin', '2023-06-26 10:21:56', '', NULL, '');
INSERT INTO `sys_menu` VALUES (1046, '在线查询', 109, 1, '#', '', '', 1, 0, 'F', '0', '0', 'monitor:online:query', '#', 'admin', '2023-06-26 10:21:56', '', NULL, '');
INSERT INTO `sys_menu` VALUES (1047, '批量强退', 109, 2, '#', '', '', 1, 0, 'F', '0', '0', 'monitor:online:batchLogout', '#', 'admin', '2023-06-26 10:21:56', '', NULL, '');
INSERT INTO `sys_menu` VALUES (1048, '单条强退', 109, 3, '#', '', '', 1, 0, 'F', '0', '0', 'monitor:online:forceLogout', '#', 'admin', '2023-06-26 10:21:56', '', NULL, '');
INSERT INTO `sys_menu` VALUES (1049, '任务查询', 110, 1, '#', '', '', 1, 0, 'F', '0', '0', 'monitor:job:query', '#', 'admin', '2023-06-26 10:21:56', '', NULL, '');
INSERT INTO `sys_menu` VALUES (1050, '任务新增', 110, 2, '#', '', '', 1, 0, 'F', '0', '0', 'monitor:job:add', '#', 'admin', '2023-06-26 10:21:56', '', NULL, '');
INSERT INTO `sys_menu` VALUES (1051, '任务修改', 110, 3, '#', '', '', 1, 0, 'F', '0', '0', 'monitor:job:edit', '#', 'admin', '2023-06-26 10:21:56', '', NULL, '');
INSERT INTO `sys_menu` VALUES (1052, '任务删除', 110, 4, '#', '', '', 1, 0, 'F', '0', '0', 'monitor:job:remove', '#', 'admin', '2023-06-26 10:21:56', '', NULL, '');
INSERT INTO `sys_menu` VALUES (1053, '状态修改', 110, 5, '#', '', '', 1, 0, 'F', '0', '0', 'monitor:job:changeStatus', '#', 'admin', '2023-06-26 10:21:56', '', NULL, '');
INSERT INTO `sys_menu` VALUES (1054, '任务导出', 110, 6, '#', '', '', 1, 0, 'F', '0', '0', 'monitor:job:export', '#', 'admin', '2023-06-26 10:21:56', '', NULL, '');
INSERT INTO `sys_menu` VALUES (1055, '生成查询', 116, 1, '#', '', '', 1, 0, 'F', '0', '0', 'tool:gen:query', '#', 'admin', '2023-06-26 10:21:56', '', NULL, '');
INSERT INTO `sys_menu` VALUES (1056, '生成修改', 116, 2, '#', '', '', 1, 0, 'F', '0', '0', 'tool:gen:edit', '#', 'admin', '2023-06-26 10:21:56', '', NULL, '');
INSERT INTO `sys_menu` VALUES (1057, '生成删除', 116, 3, '#', '', '', 1, 0, 'F', '0', '0', 'tool:gen:remove', '#', 'admin', '2023-06-26 10:21:56', '', NULL, '');
INSERT INTO `sys_menu` VALUES (1058, '导入代码', 116, 4, '#', '', '', 1, 0, 'F', '0', '0', 'tool:gen:import', '#', 'admin', '2023-06-26 10:21:56', '', NULL, '');
INSERT INTO `sys_menu` VALUES (1059, '预览代码', 116, 5, '#', '', '', 1, 0, 'F', '0', '0', 'tool:gen:preview', '#', 'admin', '2023-06-26 10:21:56', '', NULL, '');
INSERT INTO `sys_menu` VALUES (1060, '生成代码', 116, 6, '#', '', '', 1, 0, 'F', '0', '0', 'tool:gen:code', '#', 'admin', '2023-06-26 10:21:56', '', NULL, '');
INSERT INTO `sys_menu` VALUES (2000, '地址管理 ', 1, 1, 'address', 'qwk/address/index', NULL, 1, 0, 'C', '0', '0', 'qwk:address:list', '#', 'admin', '2023-06-26 11:25:29', '', NULL, '地址管理 菜单');
INSERT INTO `sys_menu` VALUES (2001, '地址管理 查询', 2000, 1, '#', '', NULL, 1, 0, 'F', '0', '0', 'qwk:address:query', '#', 'admin', '2023-06-26 11:25:29', '', NULL, '');
INSERT INTO `sys_menu` VALUES (2002, '地址管理 新增', 2000, 2, '#', '', NULL, 1, 0, 'F', '0', '0', 'qwk:address:add', '#', 'admin', '2023-06-26 11:25:29', '', NULL, '');
INSERT INTO `sys_menu` VALUES (2003, '地址管理 修改', 2000, 3, '#', '', NULL, 1, 0, 'F', '0', '0', 'qwk:address:edit', '#', 'admin', '2023-06-26 11:25:29', '', NULL, '');
INSERT INTO `sys_menu` VALUES (2004, '地址管理 删除', 2000, 4, '#', '', NULL, 1, 0, 'F', '0', '0', 'qwk:address:remove', '#', 'admin', '2023-06-26 11:25:30', '', NULL, '');
INSERT INTO `sys_menu` VALUES (2005, '地址管理 导出', 2000, 5, '#', '', NULL, 1, 0, 'F', '0', '0', 'qwk:address:export', '#', 'admin', '2023-06-26 11:25:30', '', NULL, '');
INSERT INTO `sys_menu` VALUES (2006, '首页配置 ', 1, 1, 'homepageConfig', 'qwk/homepageConfig/index', NULL, 1, 0, 'C', '0', '0', 'qwk:config:list', '#', 'admin', '2023-06-26 12:05:35', 'admin', '2023-06-26 15:34:50', '首页配置 菜单');
INSERT INTO `sys_menu` VALUES (2007, '首页配置 查询', 2006, 1, '#', '', NULL, 1, 0, 'F', '0', '0', 'qwk:config:query', '#', 'admin', '2023-06-26 12:05:35', '', NULL, '');
INSERT INTO `sys_menu` VALUES (2008, '首页配置 新增', 2006, 2, '#', '', NULL, 1, 0, 'F', '0', '0', 'qwk:config:add', '#', 'admin', '2023-06-26 12:05:35', '', NULL, '');
INSERT INTO `sys_menu` VALUES (2009, '首页配置 修改', 2006, 3, '#', '', NULL, 1, 0, 'F', '0', '0', 'qwk:config:edit', '#', 'admin', '2023-06-26 12:05:35', '', NULL, '');
INSERT INTO `sys_menu` VALUES (2010, '首页配置 删除', 2006, 4, '#', '', NULL, 1, 0, 'F', '0', '0', 'qwk:config:remove', '#', 'admin', '2023-06-26 12:05:36', '', NULL, '');
INSERT INTO `sys_menu` VALUES (2011, '首页配置 导出', 2006, 5, '#', '', NULL, 1, 0, 'F', '0', '0', 'qwk:config:export', '#', 'admin', '2023-06-26 12:05:36', '', NULL, '');
INSERT INTO `sys_menu` VALUES (2012, '商品管理', 0, 0, 'goods', NULL, NULL, 1, 0, 'M', '0', '0', '', 'shopping', 'admin', '2023-06-26 18:19:56', 'admin', '2023-06-26 19:46:17', '');
INSERT INTO `sys_menu` VALUES (2013, '商品列表', 2012, 1, 'goodsList', 'qwk/goods/index', NULL, 1, 0, 'C', '0', '0', 'qwk:goods:list', '#', 'admin', '2023-06-26 19:44:16', 'admin', '2023-06-26 19:48:59', '商品 菜单');
INSERT INTO `sys_menu` VALUES (2014, '商品 查询', 2013, 1, '#', '', NULL, 1, 0, 'F', '0', '0', 'qwk:goods:query', '#', 'admin', '2023-06-26 19:44:16', '', NULL, '');
INSERT INTO `sys_menu` VALUES (2015, '商品 新增', 2013, 2, '#', '', NULL, 1, 0, 'F', '0', '0', 'qwk:goods:add', '#', 'admin', '2023-06-26 19:44:16', '', NULL, '');
INSERT INTO `sys_menu` VALUES (2016, '商品 修改', 2013, 3, '#', '', NULL, 1, 0, 'F', '0', '0', 'qwk:goods:edit', '#', 'admin', '2023-06-26 19:44:16', '', NULL, '');
INSERT INTO `sys_menu` VALUES (2017, '商品 删除', 2013, 4, '#', '', NULL, 1, 0, 'F', '0', '0', 'qwk:goods:remove', '#', 'admin', '2023-06-26 19:44:16', '', NULL, '');
INSERT INTO `sys_menu` VALUES (2018, '商品 导出', 2013, 5, '#', '', NULL, 1, 0, 'F', '0', '0', 'qwk:goods:export', '#', 'admin', '2023-06-26 19:44:16', '', NULL, '');
INSERT INTO `sys_menu` VALUES (2019, '用户中心', 0, 4, 'gameUser', NULL, NULL, 1, 0, 'M', '0', '0', '', 'user', 'admin', '2023-06-27 10:37:07', 'admin', '2023-06-27 10:38:20', '');
INSERT INTO `sys_menu` VALUES (2020, '用户信息', 2019, 1, 'gameUserInfo', 'system/user/gameUserInfo', NULL, 1, 0, 'C', '0', '0', 'system:user:list', '#', 'admin', '2023-06-27 10:40:01', '', NULL, '');
INSERT INTO `sys_menu` VALUES (2021, '商品添加', 2012, 0, 'goodsAdd', 'qwk/goods/goodsAdd', NULL, 1, 0, 'C', '1', '1', 'qwk:goods:goodsAdd', '#', 'admin', '2023-06-28 11:48:03', 'admin', '2023-07-03 18:09:17', '');
INSERT INTO `sys_menu` VALUES (2022, '用户仓库', 0, 5, 'warehouse', NULL, NULL, 1, 0, 'M', '0', '0', '', '仓库_库存', 'admin', '2023-06-28 16:35:29', 'admin', '2023-06-29 09:20:47', '');
INSERT INTO `sys_menu` VALUES (2023, '兑换比例设置', 2022, 1, 'ratio', 'qwk/ratio/index', NULL, 1, 0, 'C', '0', '0', 'qwk:ratio:list', '#', 'admin', '2023-06-28 16:51:50', 'admin', '2023-06-29 17:23:07', '积分兑换比例设置菜单');
INSERT INTO `sys_menu` VALUES (2024, '积分兑换比例设置查询', 2023, 1, '#', '', NULL, 1, 0, 'F', '0', '0', 'qwk:ratio:query', '#', 'admin', '2023-06-28 16:51:50', '', NULL, '');
INSERT INTO `sys_menu` VALUES (2025, '积分兑换比例设置新增', 2023, 2, '#', '', NULL, 1, 0, 'F', '0', '0', 'qwk:ratio:add', '#', 'admin', '2023-06-28 16:51:50', '', NULL, '');
INSERT INTO `sys_menu` VALUES (2026, '积分兑换比例设置修改', 2023, 3, '#', '', NULL, 1, 0, 'F', '0', '0', 'qwk:ratio:edit', '#', 'admin', '2023-06-28 16:51:50', '', NULL, '');
INSERT INTO `sys_menu` VALUES (2027, '积分兑换比例设置删除', 2023, 4, '#', '', NULL, 1, 0, 'F', '0', '0', 'qwk:ratio:remove', '#', 'admin', '2023-06-28 16:51:50', '', NULL, '');
INSERT INTO `sys_menu` VALUES (2028, '积分兑换比例设置导出', 2023, 5, '#', '', NULL, 1, 0, 'F', '0', '0', 'qwk:ratio:export', '#', 'admin', '2023-06-28 16:51:50', '', NULL, '');
INSERT INTO `sys_menu` VALUES (2029, '仓库列表', 2022, 1, 'tabulation', 'qwk/warehouse/index', NULL, 1, 0, 'C', '0', '0', 'qwk:warehouse:list', '#', 'admin', '2023-06-29 17:27:10', 'admin', '2023-06-29 17:40:35', '仓库 菜单');
INSERT INTO `sys_menu` VALUES (2030, '仓库 查询', 2029, 1, '#', '', NULL, 1, 0, 'F', '0', '0', 'qwk:warehouse:query', '#', 'admin', '2023-06-29 17:27:10', '', NULL, '');
INSERT INTO `sys_menu` VALUES (2031, '仓库 新增', 2029, 2, '#', '', NULL, 1, 0, 'F', '0', '0', 'qwk:warehouse:add', '#', 'admin', '2023-06-29 17:27:11', '', NULL, '');
INSERT INTO `sys_menu` VALUES (2032, '仓库 修改', 2029, 3, '#', '', NULL, 1, 0, 'F', '0', '0', 'qwk:warehouse:edit', '#', 'admin', '2023-06-29 17:27:11', '', NULL, '');
INSERT INTO `sys_menu` VALUES (2033, '仓库 删除', 2029, 4, '#', '', NULL, 1, 0, 'F', '0', '0', 'qwk:warehouse:remove', '#', 'admin', '2023-06-29 17:27:11', '', NULL, '');
INSERT INTO `sys_menu` VALUES (2034, '仓库 导出', 2029, 5, '#', '', NULL, 1, 0, 'F', '0', '0', 'qwk:warehouse:export', '#', 'admin', '2023-06-29 17:27:11', '', NULL, '');
INSERT INTO `sys_menu` VALUES (2035, '仓库详情 ', 2022, 1, 'details', 'qwk/details/index', NULL, 1, 0, 'C', '0', '0', 'qwk:details:list', '#', 'admin', '2023-06-29 18:46:32', 'admin', '2023-06-29 18:47:54', '仓库详情 菜单');
INSERT INTO `sys_menu` VALUES (2036, '仓库详情 查询', 2035, 1, '#', '', NULL, 1, 0, 'F', '0', '0', 'qwk:details:query', '#', 'admin', '2023-06-29 18:46:32', '', NULL, '');
INSERT INTO `sys_menu` VALUES (2037, '仓库详情 新增', 2035, 2, '#', '', NULL, 1, 0, 'F', '0', '0', 'qwk:details:add', '#', 'admin', '2023-06-29 18:46:32', '', NULL, '');
INSERT INTO `sys_menu` VALUES (2038, '仓库详情 修改', 2035, 3, '#', '', NULL, 1, 0, 'F', '0', '0', 'qwk:details:edit', '#', 'admin', '2023-06-29 18:46:32', '', NULL, '');
INSERT INTO `sys_menu` VALUES (2039, '仓库详情 删除', 2035, 4, '#', '', NULL, 1, 0, 'F', '0', '0', 'qwk:details:remove', '#', 'admin', '2023-06-29 18:46:33', '', NULL, '');
INSERT INTO `sys_menu` VALUES (2040, '仓库详情 导出', 2035, 5, '#', '', NULL, 1, 0, 'F', '0', '0', 'qwk:details:export', '#', 'admin', '2023-06-29 18:46:33', '', NULL, '');
INSERT INTO `sys_menu` VALUES (2041, '用户资产 ', 2047, 1, 'assets', 'qwk/assets/index', NULL, 1, 0, 'C', '0', '0', 'qwk:assets:list', '#', 'admin', '2023-06-29 20:23:32', 'admin', '2023-06-30 09:55:59', '用户资产 菜单');
INSERT INTO `sys_menu` VALUES (2042, '用户资产 查询', 2041, 1, '#', '', NULL, 1, 0, 'F', '0', '0', 'qwk:assets:query', '#', 'admin', '2023-06-29 20:23:32', '', NULL, '');
INSERT INTO `sys_menu` VALUES (2043, '用户资产 新增', 2041, 2, '#', '', NULL, 1, 0, 'F', '0', '0', 'qwk:assets:add', '#', 'admin', '2023-06-29 20:23:32', '', NULL, '');
INSERT INTO `sys_menu` VALUES (2044, '用户资产 修改', 2041, 3, '#', '', NULL, 1, 0, 'F', '0', '0', 'qwk:assets:edit', '#', 'admin', '2023-06-29 20:23:32', '', NULL, '');
INSERT INTO `sys_menu` VALUES (2045, '用户资产 删除', 2041, 4, '#', '', NULL, 1, 0, 'F', '0', '0', 'qwk:assets:remove', '#', 'admin', '2023-06-29 20:23:32', '', NULL, '');
INSERT INTO `sys_menu` VALUES (2046, '用户资产 导出', 2041, 5, '#', '', NULL, 1, 0, 'F', '0', '0', 'qwk:assets:export', '#', 'admin', '2023-06-29 20:23:33', '', NULL, '');
INSERT INTO `sys_menu` VALUES (2047, '用户资产管理', 0, 6, 'assetManagement', NULL, NULL, 1, 0, 'M', '0', '0', NULL, 'money', 'admin', '2023-06-30 09:55:35', '', NULL, '');
INSERT INTO `sys_menu` VALUES (2048, '资产详情 ', 2047, 2, 'assetDetails', 'qwk/assetDetails/index', NULL, 1, 0, 'C', '1', '1', 'qwk:assetDetails:list', '#', 'admin', '2023-06-30 12:00:13', 'admin', '2023-07-05 09:20:32', '资产详情 菜单');
INSERT INTO `sys_menu` VALUES (2049, '资产详情 查询', 2048, 1, '#', '', NULL, 1, 0, 'F', '0', '0', 'qwk:assetDetails:query', '#', 'admin', '2023-06-30 12:00:13', '', NULL, '');
INSERT INTO `sys_menu` VALUES (2050, '资产详情 新增', 2048, 2, '#', '', NULL, 1, 0, 'F', '0', '0', 'qwk:assetDetails:add', '#', 'admin', '2023-06-30 12:00:13', '', NULL, '');
INSERT INTO `sys_menu` VALUES (2051, '资产详情 修改', 2048, 3, '#', '', NULL, 1, 0, 'F', '0', '0', 'qwk:assetDetails:edit', '#', 'admin', '2023-06-30 12:00:13', '', NULL, '');
INSERT INTO `sys_menu` VALUES (2052, '资产详情 删除', 2048, 4, '#', '', NULL, 1, 0, 'F', '0', '0', 'qwk:assetDetails:remove', '#', 'admin', '2023-06-30 12:00:13', '', NULL, '');
INSERT INTO `sys_menu` VALUES (2053, '资产详情 导出', 2048, 5, '#', '', NULL, 1, 0, 'F', '0', '0', 'qwk:assetDetails:export', '#', 'admin', '2023-06-30 12:00:13', '', NULL, '');
INSERT INTO `sys_menu` VALUES (2054, '充值档位及比例 ', 2060, 1, 'moneyRatio', 'qwk/moneyRatio/index', NULL, 1, 0, 'C', '0', '0', 'qwk:moneyRatio:list', '#', 'admin', '2023-06-30 15:50:18', 'admin', '2023-06-30 16:02:38', '充值档位及比例 菜单');
INSERT INTO `sys_menu` VALUES (2055, '充值档位及比例 查询', 2054, 1, '#', '', NULL, 1, 0, 'F', '0', '0', 'qwk:moneyRatio:query', '#', 'admin', '2023-06-30 15:50:18', '', NULL, '');
INSERT INTO `sys_menu` VALUES (2056, '充值档位及比例 新增', 2054, 2, '#', '', NULL, 1, 0, 'F', '0', '0', 'qwk:moneyRatio:add', '#', 'admin', '2023-06-30 15:50:18', '', NULL, '');
INSERT INTO `sys_menu` VALUES (2057, '充值档位及比例 修改', 2054, 3, '#', '', NULL, 1, 0, 'F', '0', '0', 'qwk:moneyRatio:edit', '#', 'admin', '2023-06-30 15:50:18', '', NULL, '');
INSERT INTO `sys_menu` VALUES (2058, '充值档位及比例 删除', 2054, 4, '#', '', NULL, 1, 0, 'F', '0', '0', 'qwk:moneyRatio:remove', '#', 'admin', '2023-06-30 15:50:18', '', NULL, '');
INSERT INTO `sys_menu` VALUES (2059, '充值档位及比例 导出', 2054, 5, '#', '', NULL, 1, 0, 'F', '0', '0', 'qwk:moneyRatio:export', '#', 'admin', '2023-06-30 15:50:19', '', NULL, '');
INSERT INTO `sys_menu` VALUES (2060, '充值中心', 0, 7, 'recharge', NULL, NULL, 1, 0, 'M', '0', '0', NULL, 'redis-list', 'admin', '2023-06-30 16:02:11', '', NULL, '');
INSERT INTO `sys_menu` VALUES (2061, '充值流水 ', 2060, 1, 'bill', 'qwk/bill/index', NULL, 1, 0, 'C', '0', '0', 'qwk:bill:list', '#', 'admin', '2023-06-30 16:29:20', '', NULL, '充值流水 菜单');
INSERT INTO `sys_menu` VALUES (2062, '充值流水 查询', 2061, 1, '#', '', NULL, 1, 0, 'F', '0', '0', 'qwk:bill:query', '#', 'admin', '2023-06-30 16:29:20', '', NULL, '');
INSERT INTO `sys_menu` VALUES (2063, '充值流水 新增', 2061, 2, '#', '', NULL, 1, 0, 'F', '0', '0', 'qwk:bill:add', '#', 'admin', '2023-06-30 16:29:20', '', NULL, '');
INSERT INTO `sys_menu` VALUES (2064, '充值流水 修改', 2061, 3, '#', '', NULL, 1, 0, 'F', '0', '0', 'qwk:bill:edit', '#', 'admin', '2023-06-30 16:29:20', '', NULL, '');
INSERT INTO `sys_menu` VALUES (2065, '充值流水 删除', 2061, 4, '#', '', NULL, 1, 0, 'F', '0', '0', 'qwk:bill:remove', '#', 'admin', '2023-06-30 16:29:20', '', NULL, '');
INSERT INTO `sys_menu` VALUES (2066, '充值流水 导出', 2061, 5, '#', '', NULL, 1, 0, 'F', '0', '0', 'qwk:bill:export', '#', 'admin', '2023-06-30 16:29:20', '', NULL, '');
INSERT INTO `sys_menu` VALUES (2067, '物流列表', 2012, 3, 'logistics', 'qwk/logistics/index', NULL, 1, 0, 'C', '0', '0', 'qwk:logistics:list', '#', 'admin', '2023-06-30 18:01:04', 'admin', '2023-07-03 18:10:33', '物流 菜单');
INSERT INTO `sys_menu` VALUES (2068, '物流 查询', 2067, 1, '#', '', NULL, 1, 0, 'F', '0', '0', 'qwk:logistics:query', '#', 'admin', '2023-06-30 18:01:04', '', NULL, '');
INSERT INTO `sys_menu` VALUES (2069, '物流 新增', 2067, 2, '#', '', NULL, 1, 0, 'F', '0', '0', 'qwk:logistics:add', '#', 'admin', '2023-06-30 18:01:04', '', NULL, '');
INSERT INTO `sys_menu` VALUES (2070, '物流 修改', 2067, 3, '#', '', NULL, 1, 0, 'F', '0', '0', 'qwk:logistics:edit', '#', 'admin', '2023-06-30 18:01:04', '', NULL, '');
INSERT INTO `sys_menu` VALUES (2071, '物流 删除', 2067, 4, '#', '', NULL, 1, 0, 'F', '0', '0', 'qwk:logistics:remove', '#', 'admin', '2023-06-30 18:01:04', '', NULL, '');
INSERT INTO `sys_menu` VALUES (2072, '物流 导出', 2067, 5, '#', '', NULL, 1, 0, 'F', '0', '0', 'qwk:logistics:export', '#', 'admin', '2023-06-30 18:01:04', '', NULL, '');
INSERT INTO `sys_menu` VALUES (2073, '订单列表 ', 2012, 2, 'orders', 'qwk/orders/index', NULL, 1, 0, 'C', '0', '0', 'qwk:orders:list', '#', 'admin', '2023-07-01 17:07:39', 'admin', '2023-07-03 18:10:17', '商品订单 菜单');
INSERT INTO `sys_menu` VALUES (2074, '商品订单 查询', 2073, 1, '#', '', NULL, 1, 0, 'F', '0', '0', 'qwk:orders:query', '#', 'admin', '2023-07-01 17:07:39', '', NULL, '');
INSERT INTO `sys_menu` VALUES (2075, '商品订单 新增', 2073, 2, '#', '', NULL, 1, 0, 'F', '0', '0', 'qwk:orders:add', '#', 'admin', '2023-07-01 17:07:39', '', NULL, '');
INSERT INTO `sys_menu` VALUES (2076, '商品订单 修改', 2073, 3, '#', '', NULL, 1, 0, 'F', '0', '0', 'qwk:orders:edit', '#', 'admin', '2023-07-01 17:07:39', '', NULL, '');
INSERT INTO `sys_menu` VALUES (2077, '商品订单 删除', 2073, 4, '#', '', NULL, 1, 0, 'F', '0', '0', 'qwk:orders:remove', '#', 'admin', '2023-07-01 17:07:39', '', NULL, '');
INSERT INTO `sys_menu` VALUES (2078, '商品订单 导出', 2073, 5, '#', '', NULL, 1, 0, 'F', '0', '0', 'qwk:orders:export', '#', 'admin', '2023-07-01 17:07:39', '', NULL, '');

-- ----------------------------
-- Table structure for sys_notice
-- ----------------------------
DROP TABLE IF EXISTS `sys_notice`;
CREATE TABLE `sys_notice`  (
  `notice_id` int(0) NOT NULL AUTO_INCREMENT COMMENT '公告ID',
  `notice_title` varchar(50) CHARACTER SET utf8mb4 COLLATE utf8mb4_0900_ai_ci NOT NULL COMMENT '公告标题',
  `notice_type` char(1) CHARACTER SET utf8mb4 COLLATE utf8mb4_0900_ai_ci NOT NULL COMMENT '公告类型（1通知 2公告）',
  `notice_content` longblob NULL COMMENT '公告内容',
  `status` char(1) CHARACTER SET utf8mb4 COLLATE utf8mb4_0900_ai_ci NULL DEFAULT '0' COMMENT '公告状态（0正常 1关闭）',
  `create_by` varchar(64) CHARACTER SET utf8mb4 COLLATE utf8mb4_0900_ai_ci NULL DEFAULT '' COMMENT '创建者',
  `create_time` datetime(0) NULL DEFAULT NULL COMMENT '创建时间',
  `update_by` varchar(64) CHARACTER SET utf8mb4 COLLATE utf8mb4_0900_ai_ci NULL DEFAULT '' COMMENT '更新者',
  `update_time` datetime(0) NULL DEFAULT NULL COMMENT '更新时间',
  `remark` varchar(255) CHARACTER SET utf8mb4 COLLATE utf8mb4_0900_ai_ci NULL DEFAULT NULL COMMENT '备注',
  PRIMARY KEY (`notice_id`) USING BTREE
) ENGINE = InnoDB AUTO_INCREMENT = 10 CHARACTER SET = utf8mb4 COLLATE = utf8mb4_0900_ai_ci COMMENT = '通知公告表' ROW_FORMAT = Dynamic;

-- ----------------------------
-- Records of sys_notice
-- ----------------------------
INSERT INTO `sys_notice` VALUES (1, '温馨提醒：2018-07-01 若依新版本发布啦', '2', 0xE696B0E78988E69CACE58685E5AEB9, '0', 'admin', '2023-06-26 10:22:02', '', NULL, '管理员');
INSERT INTO `sys_notice` VALUES (2, '维护通知：2018-07-01 若依系统凌晨维护', '1', 0xE7BBB4E68AA4E58685E5AEB9, '0', 'admin', '2023-06-26 10:22:02', '', NULL, '管理员');

-- ----------------------------
-- Table structure for sys_oper_log
-- ----------------------------
DROP TABLE IF EXISTS `sys_oper_log`;
CREATE TABLE `sys_oper_log`  (
  `oper_id` bigint(0) NOT NULL AUTO_INCREMENT COMMENT '日志主键',
  `title` varchar(50) CHARACTER SET utf8mb4 COLLATE utf8mb4_0900_ai_ci NULL DEFAULT '' COMMENT '模块标题',
  `business_type` int(0) NULL DEFAULT 0 COMMENT '业务类型（0其它 1新增 2修改 3删除）',
  `method` varchar(100) CHARACTER SET utf8mb4 COLLATE utf8mb4_0900_ai_ci NULL DEFAULT '' COMMENT '方法名称',
  `request_method` varchar(10) CHARACTER SET utf8mb4 COLLATE utf8mb4_0900_ai_ci NULL DEFAULT '' COMMENT '请求方式',
  `operator_type` int(0) NULL DEFAULT 0 COMMENT '操作类别（0其它 1后台用户 2手机端用户）',
  `oper_name` varchar(50) CHARACTER SET utf8mb4 COLLATE utf8mb4_0900_ai_ci NULL DEFAULT '' COMMENT '操作人员',
  `dept_name` varchar(50) CHARACTER SET utf8mb4 COLLATE utf8mb4_0900_ai_ci NULL DEFAULT '' COMMENT '部门名称',
  `oper_url` varchar(255) CHARACTER SET utf8mb4 COLLATE utf8mb4_0900_ai_ci NULL DEFAULT '' COMMENT '请求URL',
  `oper_ip` varchar(128) CHARACTER SET utf8mb4 COLLATE utf8mb4_0900_ai_ci NULL DEFAULT '' COMMENT '主机地址',
  `oper_location` varchar(255) CHARACTER SET utf8mb4 COLLATE utf8mb4_0900_ai_ci NULL DEFAULT '' COMMENT '操作地点',
  `oper_param` varchar(2000) CHARACTER SET utf8mb4 COLLATE utf8mb4_0900_ai_ci NULL DEFAULT '' COMMENT '请求参数',
  `json_result` varchar(2000) CHARACTER SET utf8mb4 COLLATE utf8mb4_0900_ai_ci NULL DEFAULT '' COMMENT '返回参数',
  `status` int(0) NULL DEFAULT 0 COMMENT '操作状态（0正常 1异常）',
  `error_msg` varchar(2000) CHARACTER SET utf8mb4 COLLATE utf8mb4_0900_ai_ci NULL DEFAULT '' COMMENT '错误消息',
  `oper_time` datetime(0) NULL DEFAULT NULL COMMENT '操作时间',
  `cost_time` bigint(0) NULL DEFAULT 0 COMMENT '消耗时间',
  PRIMARY KEY (`oper_id`) USING BTREE,
  INDEX `idx_sys_oper_log_bt`(`business_type`) USING BTREE,
  INDEX `idx_sys_oper_log_s`(`status`) USING BTREE,
  INDEX `idx_sys_oper_log_ot`(`oper_time`) USING BTREE
) ENGINE = InnoDB AUTO_INCREMENT = 471 CHARACTER SET = utf8mb4 COLLATE = utf8mb4_0900_ai_ci COMMENT = '操作日志记录' ROW_FORMAT = Dynamic;

-- ----------------------------
-- Records of sys_oper_log
-- ----------------------------
INSERT INTO `sys_oper_log` VALUES (100, '菜单管理', 3, 'com.ruoyi.web.controller.system.SysMenuController.remove()', 'DELETE', 1, 'admin', NULL, '/system/menu/4', '127.0.0.1', '内网IP', '{}', '{\"msg\":\"菜单已分配,不允许删除\",\"code\":601}', 0, NULL, '2023-06-26 10:25:46', 22);
INSERT INTO `sys_oper_log` VALUES (101, '角色管理', 2, 'com.ruoyi.web.controller.system.SysRoleController.edit()', 'PUT', 1, 'admin', NULL, '/system/role', '127.0.0.1', '内网IP', '{\"admin\":false,\"createTime\":\"2023-06-26 10:21:56\",\"dataScope\":\"2\",\"delFlag\":\"0\",\"deptCheckStrictly\":true,\"flag\":false,\"menuCheckStrictly\":true,\"menuIds\":[1,100,1000,1001,1002,1003,1004,1005,1006,101,1007,1008,1009,1010,1011,102,1012,1013,1014,1015,103,1016,1017,1018,1019,104,1020,1021,1022,1023,1024,105,1025,1026,1027,1028,1029,106,1030,1031,1032,1033,1034,107,1035,1036,1037,1038,108,500,1039,1040,1041,501,1042,1043,1044,1045,2,109,1046,1047,1048,110,1049,1050,1051,1052,1053,1054,111,112,113,114,3,115,116,1055,1056,1057,1058,1059,1060,117],\"params\":{},\"remark\":\"普通角色\",\"roleId\":2,\"roleKey\":\"common\",\"roleName\":\"普通角色\",\"roleSort\":2,\"status\":\"0\",\"updateBy\":\"admin\"}', '{\"msg\":\"操作成功\",\"code\":200}', 0, NULL, '2023-06-26 10:25:56', 180);
INSERT INTO `sys_oper_log` VALUES (102, '菜单管理', 3, 'com.ruoyi.web.controller.system.SysMenuController.remove()', 'DELETE', 1, 'admin', NULL, '/system/menu/4', '127.0.0.1', '内网IP', '{}', '{\"msg\":\"操作成功\",\"code\":200}', 0, NULL, '2023-06-26 10:26:13', 85);
INSERT INTO `sys_oper_log` VALUES (103, '代码生成', 6, 'com.ruoyi.generator.controller.GenController.importTableSave()', 'POST', 1, 'admin', NULL, '/tool/gen/importTable', '127.0.0.1', '内网IP', '{\"tables\":\"address\"}', '{\"msg\":\"操作成功\",\"code\":200}', 0, NULL, '2023-06-26 10:36:07', 154);
INSERT INTO `sys_oper_log` VALUES (104, '代码生成', 6, 'com.ruoyi.generator.controller.GenController.importTableSave()', 'POST', 1, 'admin', NULL, '/tool/gen/importTable', '127.0.0.1', '内网IP', '{\"tables\":\"address\"}', '{\"msg\":\"操作成功\",\"code\":200}', 0, NULL, '2023-06-26 10:37:57', 125);
INSERT INTO `sys_oper_log` VALUES (105, '代码生成', 6, 'com.ruoyi.generator.controller.GenController.importTableSave()', 'POST', 1, 'admin', NULL, '/tool/gen/importTable', '127.0.0.1', '内网IP', '{\"tables\":\"address\"}', '{\"msg\":\"操作成功\",\"code\":200}', 0, NULL, '2023-06-26 10:40:10', 173);
INSERT INTO `sys_oper_log` VALUES (106, '代码生成', 6, 'com.ruoyi.generator.controller.GenController.importTableSave()', 'POST', 1, 'admin', NULL, '/tool/gen/importTable', '127.0.0.1', '内网IP', '{\"tables\":\"address\"}', '{\"msg\":\"操作成功\",\"code\":200}', 0, NULL, '2023-06-26 10:46:09', 191);
INSERT INTO `sys_oper_log` VALUES (107, '代码生成', 2, 'com.ruoyi.generator.controller.GenController.editSave()', 'PUT', 1, 'admin', NULL, '/tool/gen', '127.0.0.1', '内网IP', '{\"businessName\":\"address\",\"className\":\"Address\",\"columns\":[{\"capJavaField\":\"Id\",\"columnComment\":\"id\",\"columnId\":1,\"columnName\":\"id\",\"columnType\":\"int\",\"createBy\":\"admin\",\"createTime\":\"2023-06-26 10:46:09\",\"dictType\":\"\",\"edit\":false,\"htmlType\":\"input\",\"increment\":true,\"insert\":true,\"isIncrement\":\"1\",\"isInsert\":\"1\",\"isPk\":\"1\",\"javaField\":\"id\",\"javaType\":\"Long\",\"list\":false,\"params\":{},\"pk\":true,\"query\":false,\"queryType\":\"EQ\",\"required\":false,\"sort\":1,\"superColumn\":false,\"tableId\":1,\"updateBy\":\"\",\"usableColumn\":false},{\"capJavaField\":\"Parent\",\"columnComment\":\"父级\",\"columnId\":2,\"columnName\":\"parent\",\"columnType\":\"int\",\"createBy\":\"admin\",\"createTime\":\"2023-06-26 10:46:09\",\"dictType\":\"\",\"edit\":true,\"htmlType\":\"input\",\"increment\":false,\"insert\":true,\"isEdit\":\"1\",\"isIncrement\":\"0\",\"isInsert\":\"1\",\"isList\":\"1\",\"isPk\":\"0\",\"isQuery\":\"1\",\"isRequired\":\"1\",\"javaField\":\"parent\",\"javaType\":\"Long\",\"list\":true,\"params\":{},\"pk\":false,\"query\":true,\"queryType\":\"EQ\",\"required\":true,\"sort\":2,\"superColumn\":false,\"tableId\":1,\"updateBy\":\"\",\"usableColumn\":false},{\"capJavaField\":\"Name\",\"columnComment\":\"名称\",\"columnId\":3,\"columnName\":\"name\",\"columnType\":\"varchar(64)\",\"createBy\":\"admin\",\"createTime\":\"2023-06-26 10:46:09\",\"dictType\":\"\",\"edit\":true,\"htmlType\":\"input\",\"increment\":false,\"insert\":true,\"isEdit\":\"1\",\"isIncrement\":\"0\",\"isInsert\":\"1\",\"isList\":\"1\",\"isPk\":\"0\",\"isQuery\":\"1\",\"isRequired\":\"1\",\"javaField\":\"name\",\"javaType\":\"String\",\"list\":true,\"params\":{},\"pk\":false,\"query\":true,\"queryType\":\"LIKE\",\"required\":true,\"sort\":3,\"superColumn\":false,\"tableId\":1,\"updateBy\":\"\",\"usableColumn\":false},{\"capJavaField\":\"ZipCode\",\"columnComment\":\"邮编\",\"columnId\":4,\"columnName\":\"zip_code\",\"columnType\":\"varchar(32)\",\"createBy\":\"admin\",\"createTime\":\"2023-06-26 10:46:09\",\"dictType\":\"\",\"edit\":true,\"htmlType\":\"input\",\"increment\":false,\"insert\":true,\"isEdit\":\"1\",\"isIncrement\":\"0\",\"isInsert\":\"1\",\"isList\":\"1\",\"isPk\":\"0\",\"isQuery\":\"1\",\"javaField\":\"zipCode\",\"javaType\":\"String\",\"list\":true,\"params\":{},\"pk\":false,\"query\":true', '{\"msg\":\"操作成功\",\"code\":200}', 0, NULL, '2023-06-26 10:54:06', 549);
INSERT INTO `sys_oper_log` VALUES (108, '代码生成', 8, 'com.ruoyi.generator.controller.GenController.batchGenCode()', 'GET', 1, 'admin', NULL, '/tool/gen/batchGenCode', '127.0.0.1', '内网IP', '{\"tables\":\"address\"}', NULL, 0, NULL, '2023-06-26 11:05:15', 351);
INSERT INTO `sys_oper_log` VALUES (109, '地址管理 ', 1, 'com.ruoyi.qwk.controller.AddressController.add()', 'POST', 1, 'admin', NULL, '/qwk/address', '127.0.0.1', '内网IP', '{\"children\":[],\"id\":2,\"name\":\"测试2\",\"params\":{},\"parent\":0}', '{\"msg\":\"操作成功\",\"code\":200}', 0, NULL, '2023-06-26 11:29:43', 116);
INSERT INTO `sys_oper_log` VALUES (110, '地址管理 ', 1, 'com.ruoyi.qwk.controller.AddressController.add()', 'POST', 1, 'admin', NULL, '/qwk/address', '127.0.0.1', '内网IP', '{\"children\":[],\"id\":3,\"name\":\"测试-1\",\"params\":{},\"parent\":1}', '{\"msg\":\"操作成功\",\"code\":200}', 0, NULL, '2023-06-26 11:29:55', 74);
INSERT INTO `sys_oper_log` VALUES (111, '代码生成', 6, 'com.ruoyi.generator.controller.GenController.importTableSave()', 'POST', 1, 'admin', NULL, '/tool/gen/importTable', '127.0.0.1', '内网IP', '{\"tables\":\"homepage_config\"}', '{\"msg\":\"操作成功\",\"code\":200}', 0, NULL, '2023-06-26 11:36:53', 309);
INSERT INTO `sys_oper_log` VALUES (112, '字典类型', 1, 'com.ruoyi.web.controller.system.SysDictTypeController.add()', 'POST', 1, 'admin', NULL, '/system/dict/type', '127.0.0.1', '内网IP', '{\"createBy\":\"admin\",\"dictName\":\"首页分类\",\"dictType\":\"wtb_home_sort\",\"params\":{},\"status\":\"0\"}', '{\"msg\":\"操作成功\",\"code\":200}', 0, NULL, '2023-06-26 11:40:34', 85);
INSERT INTO `sys_oper_log` VALUES (113, '字典数据', 1, 'com.ruoyi.web.controller.system.SysDictDataController.add()', 'POST', 1, 'admin', NULL, '/system/dict/data', '127.0.0.1', '内网IP', '{\"createBy\":\"admin\",\"default\":false,\"dictLabel\":\"首页轮播\",\"dictSort\":1,\"dictType\":\"wtb_home_sort\",\"dictValue\":\"1\",\"listClass\":\"default\",\"params\":{},\"status\":\"0\"}', '{\"msg\":\"操作成功\",\"code\":200}', 0, NULL, '2023-06-26 11:41:27', 87);
INSERT INTO `sys_oper_log` VALUES (114, '字典数据', 1, 'com.ruoyi.web.controller.system.SysDictDataController.add()', 'POST', 1, 'admin', NULL, '/system/dict/data', '127.0.0.1', '内网IP', '{\"createBy\":\"admin\",\"default\":false,\"dictLabel\":\"精选专区\",\"dictSort\":2,\"dictType\":\"wtb_home_sort\",\"dictValue\":\"2\",\"listClass\":\"default\",\"params\":{},\"status\":\"0\"}', '{\"msg\":\"操作成功\",\"code\":200}', 0, NULL, '2023-06-26 11:41:57', 81);
INSERT INTO `sys_oper_log` VALUES (115, '字典数据', 1, 'com.ruoyi.web.controller.system.SysDictDataController.add()', 'POST', 1, 'admin', NULL, '/system/dict/data', '127.0.0.1', '内网IP', '{\"createBy\":\"admin\",\"default\":false,\"dictLabel\":\"福利专区\",\"dictSort\":3,\"dictType\":\"wtb_home_sort\",\"dictValue\":\"3\",\"listClass\":\"default\",\"params\":{},\"status\":\"0\"}', '{\"msg\":\"操作成功\",\"code\":200}', 0, NULL, '2023-06-26 11:42:20', 82);
INSERT INTO `sys_oper_log` VALUES (116, '字典类型', 1, 'com.ruoyi.web.controller.system.SysDictTypeController.add()', 'POST', 1, 'admin', NULL, '/system/dict/type', '127.0.0.1', '内网IP', '{\"createBy\":\"admin\",\"dictName\":\"是否启用\",\"dictType\":\"wtb_on_off\",\"params\":{},\"status\":\"0\"}', '{\"msg\":\"操作成功\",\"code\":200}', 0, NULL, '2023-06-26 11:47:14', 85);
INSERT INTO `sys_oper_log` VALUES (117, '字典数据', 1, 'com.ruoyi.web.controller.system.SysDictDataController.add()', 'POST', 1, 'admin', NULL, '/system/dict/data', '127.0.0.1', '内网IP', '{\"createBy\":\"admin\",\"default\":false,\"dictLabel\":\"已启用\",\"dictSort\":1,\"dictType\":\"wtb_on_off\",\"dictValue\":\"1\",\"listClass\":\"success\",\"params\":{},\"status\":\"0\"}', '{\"msg\":\"操作成功\",\"code\":200}', 0, NULL, '2023-06-26 11:47:53', 134);
INSERT INTO `sys_oper_log` VALUES (118, '字典数据', 1, 'com.ruoyi.web.controller.system.SysDictDataController.add()', 'POST', 1, 'admin', NULL, '/system/dict/data', '127.0.0.1', '内网IP', '{\"createBy\":\"admin\",\"default\":false,\"dictLabel\":\"已禁用\",\"dictSort\":2,\"dictType\":\"wtb_on_off\",\"dictValue\":\"0\",\"listClass\":\"warning\",\"params\":{},\"status\":\"0\"}', '{\"msg\":\"操作成功\",\"code\":200}', 0, NULL, '2023-06-26 11:48:36', 110);
INSERT INTO `sys_oper_log` VALUES (119, '代码生成', 2, 'com.ruoyi.generator.controller.GenController.editSave()', 'PUT', 1, 'admin', NULL, '/tool/gen', '127.0.0.1', '内网IP', '{\"businessName\":\"config\",\"className\":\"HomepageConfig\",\"columns\":[{\"capJavaField\":\"Id\",\"columnComment\":\"id id唯一标识\",\"columnId\":9,\"columnName\":\"id\",\"columnType\":\"int\",\"createBy\":\"admin\",\"createTime\":\"2023-06-26 11:36:53\",\"dictType\":\"\",\"edit\":false,\"htmlType\":\"input\",\"increment\":true,\"insert\":true,\"isIncrement\":\"1\",\"isInsert\":\"1\",\"isPk\":\"1\",\"javaField\":\"id\",\"javaType\":\"Long\",\"list\":false,\"params\":{},\"pk\":true,\"query\":false,\"queryType\":\"EQ\",\"required\":false,\"sort\":1,\"superColumn\":false,\"tableId\":2,\"updateBy\":\"\",\"usableColumn\":false},{\"capJavaField\":\"Order\",\"columnComment\":\"排序 数值越大排序越靠前\",\"columnId\":10,\"columnName\":\"order\",\"columnType\":\"int\",\"createBy\":\"admin\",\"createTime\":\"2023-06-26 11:36:53\",\"dictType\":\"\",\"edit\":true,\"htmlType\":\"input\",\"increment\":false,\"insert\":true,\"isEdit\":\"1\",\"isIncrement\":\"0\",\"isInsert\":\"1\",\"isList\":\"1\",\"isPk\":\"0\",\"isQuery\":\"1\",\"isRequired\":\"1\",\"javaField\":\"order\",\"javaType\":\"Long\",\"list\":true,\"params\":{},\"pk\":false,\"query\":true,\"queryType\":\"EQ\",\"required\":true,\"sort\":2,\"superColumn\":false,\"tableId\":2,\"updateBy\":\"\",\"usableColumn\":false},{\"capJavaField\":\"Sort\",\"columnComment\":\"分类\",\"columnId\":11,\"columnName\":\"sort\",\"columnType\":\"int\",\"createBy\":\"admin\",\"createTime\":\"2023-06-26 11:36:53\",\"dictType\":\"wtb_home_sort\",\"edit\":true,\"htmlType\":\"select\",\"increment\":false,\"insert\":true,\"isEdit\":\"1\",\"isIncrement\":\"0\",\"isInsert\":\"1\",\"isList\":\"1\",\"isPk\":\"0\",\"isQuery\":\"1\",\"isRequired\":\"1\",\"javaField\":\"sort\",\"javaType\":\"Long\",\"list\":true,\"params\":{},\"pk\":false,\"query\":true,\"queryType\":\"EQ\",\"required\":true,\"sort\":3,\"superColumn\":false,\"tableId\":2,\"updateBy\":\"\",\"usableColumn\":false},{\"capJavaField\":\"ImgUrl\",\"columnComment\":\"图片\",\"columnId\":12,\"columnName\":\"img_url\",\"columnType\":\"varchar(32)\",\"createBy\":\"admin\",\"createTime\":\"2023-06-26 11:36:53\",\"dictType\":\"\",\"edit\":true,\"htmlType\":\"input\",\"increment\":false,\"insert\":true,\"isEdit\":\"1\",\"isIncrement\":\"0\",\"isInsert\":\"1\",\"isList\":\"1\",\"isPk\":\"0\",\"isQuery\":\"1\",\"javaField\":\"imgUrl\",\"javaType\":\"String\",\"list\":true,\"params\":{},\"', '{\"msg\":\"操作成功\",\"code\":200}', 0, NULL, '2023-06-26 11:49:10', 189);
INSERT INTO `sys_oper_log` VALUES (120, '代码生成', 2, 'com.ruoyi.generator.controller.GenController.editSave()', 'PUT', 1, 'admin', NULL, '/tool/gen', '127.0.0.1', '内网IP', '{\"businessName\":\"config\",\"className\":\"HomepageConfig\",\"columns\":[{\"capJavaField\":\"Id\",\"columnComment\":\"id id唯一标识\",\"columnId\":9,\"columnName\":\"id\",\"columnType\":\"int\",\"createBy\":\"admin\",\"createTime\":\"2023-06-26 11:36:53\",\"dictType\":\"\",\"edit\":false,\"htmlType\":\"input\",\"increment\":true,\"insert\":true,\"isIncrement\":\"1\",\"isInsert\":\"1\",\"isPk\":\"1\",\"javaField\":\"id\",\"javaType\":\"Long\",\"list\":false,\"params\":{},\"pk\":true,\"query\":false,\"queryType\":\"EQ\",\"required\":false,\"sort\":1,\"superColumn\":false,\"tableId\":2,\"updateBy\":\"\",\"updateTime\":\"2023-06-26 11:49:10\",\"usableColumn\":false},{\"capJavaField\":\"Order\",\"columnComment\":\"排序 数值越大排序越靠前\",\"columnId\":10,\"columnName\":\"order\",\"columnType\":\"int\",\"createBy\":\"admin\",\"createTime\":\"2023-06-26 11:36:53\",\"dictType\":\"\",\"edit\":true,\"htmlType\":\"input\",\"increment\":false,\"insert\":true,\"isEdit\":\"1\",\"isIncrement\":\"0\",\"isInsert\":\"1\",\"isList\":\"1\",\"isPk\":\"0\",\"isQuery\":\"1\",\"isRequired\":\"1\",\"javaField\":\"order\",\"javaType\":\"Long\",\"list\":true,\"params\":{},\"pk\":false,\"query\":true,\"queryType\":\"EQ\",\"required\":true,\"sort\":2,\"superColumn\":false,\"tableId\":2,\"updateBy\":\"\",\"updateTime\":\"2023-06-26 11:49:10\",\"usableColumn\":false},{\"capJavaField\":\"Sort\",\"columnComment\":\"分类\",\"columnId\":11,\"columnName\":\"sort\",\"columnType\":\"int\",\"createBy\":\"admin\",\"createTime\":\"2023-06-26 11:36:53\",\"dictType\":\"wtb_home_sort\",\"edit\":true,\"htmlType\":\"select\",\"increment\":false,\"insert\":true,\"isEdit\":\"1\",\"isIncrement\":\"0\",\"isInsert\":\"1\",\"isList\":\"1\",\"isPk\":\"0\",\"isQuery\":\"1\",\"isRequired\":\"1\",\"javaField\":\"sort\",\"javaType\":\"Long\",\"list\":true,\"params\":{},\"pk\":false,\"query\":true,\"queryType\":\"EQ\",\"required\":true,\"sort\":3,\"superColumn\":false,\"tableId\":2,\"updateBy\":\"\",\"updateTime\":\"2023-06-26 11:49:10\",\"usableColumn\":false},{\"capJavaField\":\"ImgUrl\",\"columnComment\":\"图片\",\"columnId\":12,\"columnName\":\"img_url\",\"columnType\":\"varchar(32)\",\"createBy\":\"admin\",\"createTime\":\"2023-06-26 11:36:53\",\"dictType\":\"\",\"edit\":true,\"htmlType\":\"input\",\"increment\":false,\"insert\":true,\"isEdit\":\"1\",\"isIncrement\":\"0\",\"isInsert\":\"1\"', '{\"msg\":\"操作成功\",\"code\":200}', 0, NULL, '2023-06-26 11:52:03', 222);
INSERT INTO `sys_oper_log` VALUES (121, '代码生成', 2, 'com.ruoyi.generator.controller.GenController.editSave()', 'PUT', 1, 'admin', NULL, '/tool/gen', '127.0.0.1', '内网IP', '{\"businessName\":\"config\",\"className\":\"HomepageConfig\",\"columns\":[{\"capJavaField\":\"Id\",\"columnComment\":\"id id唯一标识\",\"columnId\":9,\"columnName\":\"id\",\"columnType\":\"int\",\"createBy\":\"admin\",\"createTime\":\"2023-06-26 11:36:53\",\"dictType\":\"\",\"edit\":false,\"htmlType\":\"input\",\"increment\":true,\"insert\":true,\"isIncrement\":\"1\",\"isInsert\":\"1\",\"isPk\":\"1\",\"javaField\":\"id\",\"javaType\":\"Long\",\"list\":false,\"params\":{},\"pk\":true,\"query\":false,\"queryType\":\"EQ\",\"required\":false,\"sort\":1,\"superColumn\":false,\"tableId\":2,\"updateBy\":\"\",\"updateTime\":\"2023-06-26 11:52:03\",\"usableColumn\":false},{\"capJavaField\":\"Order\",\"columnComment\":\"排序 数值越大排序越靠前\",\"columnId\":10,\"columnName\":\"order\",\"columnType\":\"int\",\"createBy\":\"admin\",\"createTime\":\"2023-06-26 11:36:53\",\"dictType\":\"\",\"edit\":true,\"htmlType\":\"input\",\"increment\":false,\"insert\":true,\"isEdit\":\"1\",\"isIncrement\":\"0\",\"isInsert\":\"1\",\"isList\":\"1\",\"isPk\":\"0\",\"isQuery\":\"1\",\"isRequired\":\"1\",\"javaField\":\"order\",\"javaType\":\"Long\",\"list\":true,\"params\":{},\"pk\":false,\"query\":true,\"queryType\":\"EQ\",\"required\":true,\"sort\":2,\"superColumn\":false,\"tableId\":2,\"updateBy\":\"\",\"updateTime\":\"2023-06-26 11:52:03\",\"usableColumn\":false},{\"capJavaField\":\"Sort\",\"columnComment\":\"分类\",\"columnId\":11,\"columnName\":\"sort\",\"columnType\":\"int\",\"createBy\":\"admin\",\"createTime\":\"2023-06-26 11:36:53\",\"dictType\":\"wtb_home_sort\",\"edit\":true,\"htmlType\":\"select\",\"increment\":false,\"insert\":true,\"isEdit\":\"1\",\"isIncrement\":\"0\",\"isInsert\":\"1\",\"isList\":\"1\",\"isPk\":\"0\",\"isQuery\":\"1\",\"isRequired\":\"1\",\"javaField\":\"sort\",\"javaType\":\"Long\",\"list\":true,\"params\":{},\"pk\":false,\"query\":true,\"queryType\":\"EQ\",\"required\":true,\"sort\":3,\"superColumn\":false,\"tableId\":2,\"updateBy\":\"\",\"updateTime\":\"2023-06-26 11:52:03\",\"usableColumn\":false},{\"capJavaField\":\"ImgUrl\",\"columnComment\":\"图片\",\"columnId\":12,\"columnName\":\"img_url\",\"columnType\":\"varchar(32)\",\"createBy\":\"admin\",\"createTime\":\"2023-06-26 11:36:53\",\"dictType\":\"\",\"edit\":true,\"htmlType\":\"input\",\"increment\":false,\"insert\":true,\"isEdit\":\"1\",\"isIncrement\":\"0\",\"isInsert\":\"1\"', '{\"msg\":\"操作成功\",\"code\":200}', 0, NULL, '2023-06-26 12:01:20', 196);
INSERT INTO `sys_oper_log` VALUES (122, '代码生成', 8, 'com.ruoyi.generator.controller.GenController.batchGenCode()', 'GET', 1, 'admin', NULL, '/tool/gen/batchGenCode', '127.0.0.1', '内网IP', '{\"tables\":\"homepage_config\"}', NULL, 0, NULL, '2023-06-26 12:01:22', 108);
INSERT INTO `sys_oper_log` VALUES (123, '字典类型', 1, 'com.ruoyi.web.controller.system.SysDictTypeController.add()', 'POST', 1, 'admin', NULL, '/system/dict/type', '127.0.0.1', '内网IP', '{\"createBy\":\"admin\",\"dictName\":\"显示位置\",\"dictType\":\"wtb_display_location\",\"params\":{},\"status\":\"0\"}', '{\"msg\":\"操作成功\",\"code\":200}', 0, NULL, '2023-06-26 14:34:27', 554);
INSERT INTO `sys_oper_log` VALUES (124, '字典数据', 1, 'com.ruoyi.web.controller.system.SysDictDataController.add()', 'POST', 1, 'admin', NULL, '/system/dict/data', '127.0.0.1', '内网IP', '{\"createBy\":\"admin\",\"default\":false,\"dictLabel\":\"轮播图\",\"dictSort\":1,\"dictType\":\"wtb_display_location\",\"dictValue\":\"1\",\"listClass\":\"default\",\"params\":{},\"status\":\"0\"}', '{\"msg\":\"操作成功\",\"code\":200}', 0, NULL, '2023-06-26 14:35:20', 81);
INSERT INTO `sys_oper_log` VALUES (125, '字典数据', 1, 'com.ruoyi.web.controller.system.SysDictDataController.add()', 'POST', 1, 'admin', NULL, '/system/dict/data', '127.0.0.1', '内网IP', '{\"createBy\":\"admin\",\"default\":false,\"dictLabel\":\"精选专区\",\"dictSort\":2,\"dictType\":\"wtb_display_location\",\"dictValue\":\"2\",\"listClass\":\"default\",\"params\":{},\"status\":\"0\"}', '{\"msg\":\"操作成功\",\"code\":200}', 0, NULL, '2023-06-26 14:35:48', 82);
INSERT INTO `sys_oper_log` VALUES (126, '字典数据', 1, 'com.ruoyi.web.controller.system.SysDictDataController.add()', 'POST', 1, 'admin', NULL, '/system/dict/data', '127.0.0.1', '内网IP', '{\"createBy\":\"admin\",\"default\":false,\"dictLabel\":\"福利专区\",\"dictSort\":3,\"dictType\":\"wtb_display_location\",\"dictValue\":\"3\",\"listClass\":\"default\",\"params\":{},\"status\":\"0\"}', '{\"msg\":\"操作成功\",\"code\":200}', 0, NULL, '2023-06-26 14:36:12', 85);
INSERT INTO `sys_oper_log` VALUES (127, '代码生成', 2, 'com.ruoyi.generator.controller.GenController.editSave()', 'PUT', 1, 'admin', NULL, '/tool/gen', '127.0.0.1', '内网IP', '{\"businessName\":\"config\",\"className\":\"HomepageConfig\",\"columns\":[{\"capJavaField\":\"Id\",\"columnComment\":\"id id唯一标识\",\"columnId\":9,\"columnName\":\"id\",\"columnType\":\"int\",\"createBy\":\"admin\",\"createTime\":\"2023-06-26 11:36:53\",\"dictType\":\"\",\"edit\":false,\"htmlType\":\"input\",\"increment\":true,\"insert\":true,\"isIncrement\":\"1\",\"isInsert\":\"1\",\"isPk\":\"1\",\"javaField\":\"id\",\"javaType\":\"Long\",\"list\":false,\"params\":{},\"pk\":true,\"query\":false,\"queryType\":\"EQ\",\"required\":false,\"sort\":1,\"superColumn\":false,\"tableId\":2,\"updateBy\":\"\",\"updateTime\":\"2023-06-26 12:01:20\",\"usableColumn\":false},{\"capJavaField\":\"Order\",\"columnComment\":\"排序 数值越大排序越靠前\",\"columnId\":10,\"columnName\":\"order\",\"columnType\":\"int\",\"createBy\":\"admin\",\"createTime\":\"2023-06-26 11:36:53\",\"dictType\":\"\",\"edit\":true,\"htmlType\":\"input\",\"increment\":false,\"insert\":true,\"isEdit\":\"1\",\"isIncrement\":\"0\",\"isInsert\":\"1\",\"isList\":\"1\",\"isPk\":\"0\",\"isQuery\":\"1\",\"isRequired\":\"1\",\"javaField\":\"order\",\"javaType\":\"Long\",\"list\":true,\"params\":{},\"pk\":false,\"query\":true,\"queryType\":\"EQ\",\"required\":true,\"sort\":2,\"superColumn\":false,\"tableId\":2,\"updateBy\":\"\",\"updateTime\":\"2023-06-26 12:01:20\",\"usableColumn\":false},{\"capJavaField\":\"Sort\",\"columnComment\":\"分类\",\"columnId\":11,\"columnName\":\"sort\",\"columnType\":\"int\",\"createBy\":\"admin\",\"createTime\":\"2023-06-26 11:36:53\",\"dictType\":\"wtb_home_sort\",\"edit\":true,\"htmlType\":\"select\",\"increment\":false,\"insert\":true,\"isEdit\":\"1\",\"isIncrement\":\"0\",\"isInsert\":\"1\",\"isList\":\"1\",\"isPk\":\"0\",\"isQuery\":\"1\",\"isRequired\":\"1\",\"javaField\":\"sort\",\"javaType\":\"Long\",\"list\":true,\"params\":{},\"pk\":false,\"query\":true,\"queryType\":\"EQ\",\"required\":true,\"sort\":3,\"superColumn\":false,\"tableId\":2,\"updateBy\":\"\",\"updateTime\":\"2023-06-26 12:01:20\",\"usableColumn\":false},{\"capJavaField\":\"ImgUrl\",\"columnComment\":\"图片\",\"columnId\":12,\"columnName\":\"img_url\",\"columnType\":\"varchar(32)\",\"createBy\":\"admin\",\"createTime\":\"2023-06-26 11:36:53\",\"dictType\":\"\",\"edit\":true,\"htmlType\":\"input\",\"increment\":false,\"insert\":true,\"isEdit\":\"1\",\"isIncrement\":\"0\",\"isInsert\":\"1\"', '{\"msg\":\"操作成功\",\"code\":200}', 0, NULL, '2023-06-26 14:36:59', 309);
INSERT INTO `sys_oper_log` VALUES (128, '首页配置 ', 1, 'com.ruoyi.qwk.controller.HomepageConfigController.add()', 'POST', 1, 'admin', NULL, '/qwk/config', '127.0.0.1', '内网IP', '{\"creationTime\":\"2023-06-01\",\"displayLocation\":1,\"high\":\"3\",\"imgUrl\":\"1111\",\"linkAddress\":\"11111\",\"order\":1,\"params\":{},\"sort\":1,\"state\":1,\"wide\":\"2\"}', NULL, 1, '\r\n### Error updating database.  Cause: java.sql.SQLSyntaxErrorException: You have an error in your SQL syntax; check the manual that corresponds to your MySQL server version for the right syntax to use near \'order,\n            sort,\n            img_url,\n            wide,\n            high\' at line 2\r\n### The error may exist in file [F:\\java\\RuoYi-Vue-master\\ruoyi-wtb\\target\\classes\\mapper\\qwk\\HomepageConfigMapper.xml]\r\n### The error may involve com.ruoyi.qwk.mapper.HomepageConfigMapper.insertHomepageConfig-Inline\r\n### The error occurred while setting parameters\r\n### SQL: insert into homepage_config          ( order,             sort,             img_url,             wide,             high,             Link_Address,             Creation_time,             state,                          Display_Location )           values ( ?,             ?,             ?,             ?,             ?,             ?,             ?,             ?,                          ? )\r\n### Cause: java.sql.SQLSyntaxErrorException: You have an error in your SQL syntax; check the manual that corresponds to your MySQL server version for the right syntax to use near \'order,\n            sort,\n            img_url,\n            wide,\n            high\' at line 2\n; bad SQL grammar []; nested exception is java.sql.SQLSyntaxErrorException: You have an error in your SQL syntax; check the manual that corresponds to your MySQL server version for the right syntax to use near \'order,\n            sort,\n            img_url,\n            wide,\n            high\' at line 2', '2023-06-26 14:49:49', 84);
INSERT INTO `sys_oper_log` VALUES (129, '首页配置 ', 1, 'com.ruoyi.qwk.controller.HomepageConfigController.add()', 'POST', 1, 'admin', NULL, '/qwk/config', '127.0.0.1', '内网IP', '{\"creationTime\":\"2023-06-01\",\"displayLocation\":1,\"high\":\"3\",\"imgUrl\":\"1111\",\"linkAddress\":\"11111\",\"order\":1,\"params\":{},\"sort\":1,\"state\":1,\"wide\":\"2\"}', NULL, 1, '\r\n### Error updating database.  Cause: java.sql.SQLSyntaxErrorException: You have an error in your SQL syntax; check the manual that corresponds to your MySQL server version for the right syntax to use near \'order,\n            sort,\n            img_url,\n            wide,\n            high\' at line 2\r\n### The error may exist in file [F:\\java\\RuoYi-Vue-master\\ruoyi-wtb\\target\\classes\\mapper\\qwk\\HomepageConfigMapper.xml]\r\n### The error may involve com.ruoyi.qwk.mapper.HomepageConfigMapper.insertHomepageConfig-Inline\r\n### The error occurred while setting parameters\r\n### SQL: insert into homepage_config          ( order,             sort,             img_url,             wide,             high,             Link_Address,             Creation_time,             state,                          Display_Location )           values ( ?,             ?,             ?,             ?,             ?,             ?,             ?,             ?,                          ? )\r\n### Cause: java.sql.SQLSyntaxErrorException: You have an error in your SQL syntax; check the manual that corresponds to your MySQL server version for the right syntax to use near \'order,\n            sort,\n            img_url,\n            wide,\n            high\' at line 2\n; bad SQL grammar []; nested exception is java.sql.SQLSyntaxErrorException: You have an error in your SQL syntax; check the manual that corresponds to your MySQL server version for the right syntax to use near \'order,\n            sort,\n            img_url,\n            wide,\n            high\' at line 2', '2023-06-26 14:49:57', 13);
INSERT INTO `sys_oper_log` VALUES (130, '首页配置 ', 1, 'com.ruoyi.qwk.controller.HomepageConfigController.add()', 'POST', 1, 'admin', NULL, '/qwk/config', '127.0.0.1', '内网IP', '{\"creationTime\":\"2023-06-26\",\"displayLocation\":1,\"high\":\"1\",\"id\":1,\"imgUrl\":\"1111\",\"linkAddress\":\"1111\",\"order\":1,\"params\":{},\"sort\":1,\"state\":1,\"wide\":\"1\"}', '{\"msg\":\"操作成功\",\"code\":200}', 0, NULL, '2023-06-26 14:55:12', 133);
INSERT INTO `sys_oper_log` VALUES (131, '菜单管理', 2, 'com.ruoyi.web.controller.system.SysMenuController.edit()', 'PUT', 1, 'admin', NULL, '/system/menu', '127.0.0.1', '内网IP', '{\"children\":[],\"component\":\"qwk/homepageConfig/index\",\"createTime\":\"2023-06-26 12:05:35\",\"icon\":\"#\",\"isCache\":\"0\",\"isFrame\":\"1\",\"menuId\":2006,\"menuName\":\"首页配置 \",\"menuType\":\"C\",\"orderNum\":1,\"params\":{},\"parentId\":1,\"path\":\"config\",\"perms\":\"qwk:config:list\",\"status\":\"0\",\"updateBy\":\"admin\",\"visible\":\"0\"}', '{\"msg\":\"操作成功\",\"code\":200}', 0, NULL, '2023-06-26 15:19:53', 571);
INSERT INTO `sys_oper_log` VALUES (132, '菜单管理', 2, 'com.ruoyi.web.controller.system.SysMenuController.edit()', 'PUT', 1, 'admin', NULL, '/system/menu', '127.0.0.1', '内网IP', '{\"children\":[],\"component\":\"qwk/homepageConfig/index\",\"createTime\":\"2023-06-26 12:05:35\",\"icon\":\"#\",\"isCache\":\"0\",\"isFrame\":\"1\",\"menuId\":2006,\"menuName\":\"首页配置 \",\"menuType\":\"C\",\"orderNum\":1,\"params\":{},\"parentId\":1,\"path\":\"homepageConfig\",\"perms\":\"qwk:config:list\",\"status\":\"0\",\"updateBy\":\"admin\",\"visible\":\"0\"}', '{\"msg\":\"操作成功\",\"code\":200}', 0, NULL, '2023-06-26 15:34:50', 87);
INSERT INTO `sys_oper_log` VALUES (133, '代码生成', 3, 'com.ruoyi.generator.controller.GenController.remove()', 'DELETE', 1, 'admin', NULL, '/tool/gen/2', '127.0.0.1', '内网IP', '{}', '{\"msg\":\"操作成功\",\"code\":200}', 0, NULL, '2023-06-26 15:46:56', 109);
INSERT INTO `sys_oper_log` VALUES (134, '代码生成', 6, 'com.ruoyi.generator.controller.GenController.importTableSave()', 'POST', 1, 'admin', NULL, '/tool/gen/importTable', '127.0.0.1', '内网IP', '{\"tables\":\"homepage_config\"}', '{\"msg\":\"操作成功\",\"code\":200}', 0, NULL, '2023-06-26 15:47:06', 281);
INSERT INTO `sys_oper_log` VALUES (135, '代码生成', 2, 'com.ruoyi.generator.controller.GenController.editSave()', 'PUT', 1, 'admin', NULL, '/tool/gen', '127.0.0.1', '内网IP', '{\"businessName\":\"config\",\"className\":\"HomepageConfig\",\"columns\":[{\"capJavaField\":\"Id\",\"columnComment\":\"id id唯一标识\",\"columnId\":22,\"columnName\":\"id\",\"columnType\":\"int\",\"createBy\":\"admin\",\"createTime\":\"2023-06-26 15:47:05\",\"dictType\":\"\",\"edit\":false,\"htmlType\":\"input\",\"increment\":true,\"insert\":true,\"isIncrement\":\"1\",\"isInsert\":\"1\",\"isPk\":\"1\",\"javaField\":\"id\",\"javaType\":\"Long\",\"list\":false,\"params\":{},\"pk\":true,\"query\":false,\"queryType\":\"EQ\",\"required\":false,\"sort\":1,\"superColumn\":false,\"tableId\":3,\"updateBy\":\"\",\"usableColumn\":false},{\"capJavaField\":\"Sort\",\"columnComment\":\"排序\",\"columnId\":23,\"columnName\":\"sort\",\"columnType\":\"int\",\"createBy\":\"admin\",\"createTime\":\"2023-06-26 15:47:05\",\"dictType\":\"\",\"edit\":true,\"htmlType\":\"input\",\"increment\":false,\"insert\":true,\"isEdit\":\"1\",\"isIncrement\":\"0\",\"isInsert\":\"1\",\"isList\":\"1\",\"isPk\":\"0\",\"isQuery\":\"1\",\"isRequired\":\"1\",\"javaField\":\"sort\",\"javaType\":\"Long\",\"list\":true,\"params\":{},\"pk\":false,\"query\":true,\"queryType\":\"EQ\",\"required\":true,\"sort\":2,\"superColumn\":false,\"tableId\":3,\"updateBy\":\"\",\"usableColumn\":false},{\"capJavaField\":\"Classify\",\"columnComment\":\"分类\",\"columnId\":24,\"columnName\":\"classify\",\"columnType\":\"int\",\"createBy\":\"admin\",\"createTime\":\"2023-06-26 15:47:05\",\"dictType\":\"wtb_home_sort\",\"edit\":true,\"htmlType\":\"select\",\"increment\":false,\"insert\":true,\"isEdit\":\"1\",\"isIncrement\":\"0\",\"isInsert\":\"1\",\"isList\":\"1\",\"isPk\":\"0\",\"isQuery\":\"1\",\"isRequired\":\"1\",\"javaField\":\"classify\",\"javaType\":\"Long\",\"list\":true,\"params\":{},\"pk\":false,\"query\":true,\"queryType\":\"EQ\",\"required\":true,\"sort\":3,\"superColumn\":false,\"tableId\":3,\"updateBy\":\"\",\"usableColumn\":false},{\"capJavaField\":\"ImgUrl\",\"columnComment\":\"图片\",\"columnId\":25,\"columnName\":\"img_url\",\"columnType\":\"varchar(32)\",\"createBy\":\"admin\",\"createTime\":\"2023-06-26 15:47:05\",\"dictType\":\"\",\"edit\":true,\"htmlType\":\"input\",\"increment\":false,\"insert\":true,\"isEdit\":\"1\",\"isIncrement\":\"0\",\"isInsert\":\"1\",\"isList\":\"1\",\"isPk\":\"0\",\"isQuery\":\"1\",\"javaField\":\"imgUrl\",\"javaType\":\"String\",\"list\":true,\"params\":{},\"', '{\"msg\":\"操作成功\",\"code\":200}', 0, NULL, '2023-06-26 15:49:01', 251);
INSERT INTO `sys_oper_log` VALUES (136, '首页配置 ', 1, 'com.ruoyi.qwk.controller.HomepageConfigController.add()', 'POST', 1, 'admin', NULL, '/qwk/config', '127.0.0.1', '内网IP', '{\"classify\":1,\"creationTime\":\"2023-06-26\",\"displayLocation\":1,\"high\":\"2\",\"imgUrl\":\"/profile/upload/2023/06/26/1_20230626175838A007.jpg\",\"linkAddress\":\"1111\",\"params\":{},\"sort\":2,\"state\":1,\"wide\":\"1\"}', NULL, 1, '\r\n### Error updating database.  Cause: com.mysql.cj.jdbc.exceptions.MysqlDataTruncation: Data truncation: Data too long for column \'img_url\' at row 1\r\n### The error may exist in file [F:\\java\\RuoYi-Vue-master\\ruoyi-wtb\\target\\classes\\mapper\\qwk\\HomepageConfigMapper.xml]\r\n### The error may involve com.ruoyi.qwk.mapper.HomepageConfigMapper.insertHomepageConfig-Inline\r\n### The error occurred while setting parameters\r\n### SQL: insert into homepage_config          ( sort,             classify,             img_url,             wide,             high,             Link_Address,             Creation_time,             state,                          Display_Location )           values ( ?,             ?,             ?,             ?,             ?,             ?,             ?,             ?,                          ? )\r\n### Cause: com.mysql.cj.jdbc.exceptions.MysqlDataTruncation: Data truncation: Data too long for column \'img_url\' at row 1\n; Data truncation: Data too long for column \'img_url\' at row 1; nested exception is com.mysql.cj.jdbc.exceptions.MysqlDataTruncation: Data truncation: Data too long for column \'img_url\' at row 1', '2023-06-26 17:58:42', 87);
INSERT INTO `sys_oper_log` VALUES (137, '首页配置 ', 1, 'com.ruoyi.qwk.controller.HomepageConfigController.add()', 'POST', 1, 'admin', NULL, '/qwk/config', '127.0.0.1', '内网IP', '{\"classify\":1,\"creationTime\":\"2023-06-26\",\"displayLocation\":1,\"high\":\"1\",\"id\":2,\"imgUrl\":\"/profile/upload/2023/06/26/2_20230626180134A008.jpg\",\"linkAddress\":\"1\",\"params\":{},\"sort\":1,\"state\":1,\"wide\":\"1\"}', '{\"msg\":\"操作成功\",\"code\":200}', 0, NULL, '2023-06-26 18:01:44', 96);
INSERT INTO `sys_oper_log` VALUES (138, '首页配置 ', 2, 'com.ruoyi.qwk.controller.HomepageConfigController.edit()', 'PUT', 1, 'admin', NULL, '/qwk/config', '127.0.0.1', '内网IP', '{\"classify\":1,\"creationTime\":\"2023-06-26\",\"displayLocation\":1,\"high\":\"1\",\"id\":2,\"imgUrl\":\"/profile/upload/2023/06/26/2_20230626180134A008.jpg\",\"linkAddress\":\"1\",\"params\":{},\"sort\":2,\"state\":1,\"wide\":\"1\"}', '{\"msg\":\"操作成功\",\"code\":200}', 0, NULL, '2023-06-26 18:02:05', 79);
INSERT INTO `sys_oper_log` VALUES (139, '首页配置 ', 2, 'com.ruoyi.qwk.controller.HomepageConfigController.edit()', 'PUT', 1, 'admin', NULL, '/qwk/config', '127.0.0.1', '内网IP', '{\"classify\":1,\"creationTime\":\"2023-06-26\",\"displayLocation\":1,\"high\":\"1\",\"id\":1,\"imgUrl\":\"1111\",\"linkAddress\":\"1111\",\"params\":{},\"sort\":1,\"state\":0,\"wide\":\"1\"}', '{\"msg\":\"操作成功\",\"code\":200}', 0, NULL, '2023-06-26 18:17:44', 80);
INSERT INTO `sys_oper_log` VALUES (140, '菜单管理', 1, 'com.ruoyi.web.controller.system.SysMenuController.add()', 'POST', 1, 'admin', NULL, '/system/menu', '127.0.0.1', '内网IP', '{\"children\":[],\"createBy\":\"admin\",\"icon\":\"shopping\",\"isCache\":\"0\",\"isFrame\":\"1\",\"menuName\":\"商品管理\",\"menuType\":\"M\",\"orderNum\":0,\"params\":{},\"parentId\":0,\"path\":\"index\",\"status\":\"0\",\"visible\":\"0\"}', '{\"msg\":\"操作成功\",\"code\":200}', 0, NULL, '2023-06-26 18:19:56', 86);
INSERT INTO `sys_oper_log` VALUES (141, '代码生成', 6, 'com.ruoyi.generator.controller.GenController.importTableSave()', 'POST', 1, 'admin', NULL, '/tool/gen/importTable', '127.0.0.1', '内网IP', '{\"tables\":\"goods\"}', '{\"msg\":\"操作成功\",\"code\":200}', 0, NULL, '2023-06-26 18:21:11', 362);
INSERT INTO `sys_oper_log` VALUES (142, '首页配置 ', 2, 'com.ruoyi.qwk.controller.HomepageConfigController.edit()', 'PUT', 1, 'admin', NULL, '/qwk/config', '127.0.0.1', '内网IP', '{\"params\":{},\"state\":1}', '{\"msg\":\"操作失败\",\"code\":500}', 0, NULL, '2023-06-26 18:52:27', 11);
INSERT INTO `sys_oper_log` VALUES (143, '首页配置 ', 2, 'com.ruoyi.qwk.controller.HomepageConfigController.edit()', 'PUT', 1, 'admin', NULL, '/qwk/config', '127.0.0.1', '内网IP', '{\"params\":{},\"state\":1}', '{\"msg\":\"操作失败\",\"code\":500}', 0, NULL, '2023-06-26 18:54:32', 7);
INSERT INTO `sys_oper_log` VALUES (144, '首页配置 ', 2, 'com.ruoyi.qwk.controller.HomepageConfigController.edit()', 'PUT', 1, 'admin', NULL, '/qwk/config', '127.0.0.1', '内网IP', '{\"params\":{},\"state\":0}', '{\"msg\":\"操作失败\",\"code\":500}', 0, NULL, '2023-06-26 18:54:34', 220);
INSERT INTO `sys_oper_log` VALUES (145, '首页配置 ', 2, 'com.ruoyi.qwk.controller.HomepageConfigController.edit()', 'PUT', 1, 'admin', NULL, '/qwk/config', '127.0.0.1', '内网IP', '{\"id\":1,\"params\":{},\"state\":1}', '{\"msg\":\"操作成功\",\"code\":200}', 0, NULL, '2023-06-26 18:57:48', 74);
INSERT INTO `sys_oper_log` VALUES (146, '首页配置 ', 2, 'com.ruoyi.qwk.controller.HomepageConfigController.edit()', 'PUT', 1, 'admin', NULL, '/qwk/config', '127.0.0.1', '内网IP', '{\"id\":1,\"params\":{},\"state\":0}', '{\"msg\":\"操作成功\",\"code\":200}', 0, NULL, '2023-06-26 18:57:51', 67);
INSERT INTO `sys_oper_log` VALUES (147, '字典类型', 1, 'com.ruoyi.web.controller.system.SysDictTypeController.add()', 'POST', 1, 'admin', NULL, '/system/dict/type', '127.0.0.1', '内网IP', '{\"createBy\":\"admin\",\"dictName\":\"商品类型\",\"dictType\":\"wtb_goods_type\",\"params\":{},\"status\":\"0\"}', '{\"msg\":\"操作成功\",\"code\":200}', 0, NULL, '2023-06-26 19:29:59', 586);
INSERT INTO `sys_oper_log` VALUES (148, '字典类型', 1, 'com.ruoyi.web.controller.system.SysDictTypeController.add()', 'POST', 1, 'admin', NULL, '/system/dict/type', '127.0.0.1', '内网IP', '{\"createBy\":\"admin\",\"dictName\":\"商品状态\",\"dictType\":\"wtb_goods_stats\",\"params\":{},\"status\":\"0\"}', '{\"msg\":\"操作成功\",\"code\":200}', 0, NULL, '2023-06-26 19:30:47', 136);
INSERT INTO `sys_oper_log` VALUES (149, '字典类型', 2, 'com.ruoyi.web.controller.system.SysDictTypeController.edit()', 'PUT', 1, 'admin', NULL, '/system/dict/type', '127.0.0.1', '内网IP', '{\"createBy\":\"admin\",\"createTime\":\"2023-06-26 19:30:47\",\"dictId\":104,\"dictName\":\"商品状态\",\"dictType\":\"wtb_goods_state\",\"params\":{},\"status\":\"0\",\"updateBy\":\"admin\"}', '{\"msg\":\"操作成功\",\"code\":200}', 0, NULL, '2023-06-26 19:31:07', 131);
INSERT INTO `sys_oper_log` VALUES (150, '字典数据', 1, 'com.ruoyi.web.controller.system.SysDictDataController.add()', 'POST', 1, 'admin', NULL, '/system/dict/data', '127.0.0.1', '内网IP', '{\"createBy\":\"admin\",\"default\":false,\"dictLabel\":\"实物商品\",\"dictSort\":0,\"dictType\":\"wtb_goods_type\",\"dictValue\":\"1\",\"listClass\":\"default\",\"params\":{},\"status\":\"0\"}', '{\"msg\":\"操作成功\",\"code\":200}', 0, NULL, '2023-06-26 19:31:49', 84);
INSERT INTO `sys_oper_log` VALUES (151, '字典数据', 1, 'com.ruoyi.web.controller.system.SysDictDataController.add()', 'POST', 1, 'admin', NULL, '/system/dict/data', '127.0.0.1', '内网IP', '{\"createBy\":\"admin\",\"default\":false,\"dictLabel\":\"虚拟商品\",\"dictSort\":1,\"dictType\":\"wtb_goods_type\",\"dictValue\":\"2\",\"listClass\":\"default\",\"params\":{},\"status\":\"0\"}', '{\"msg\":\"操作成功\",\"code\":200}', 0, NULL, '2023-06-26 19:32:10', 90);
INSERT INTO `sys_oper_log` VALUES (152, '字典数据', 1, 'com.ruoyi.web.controller.system.SysDictDataController.add()', 'POST', 1, 'admin', NULL, '/system/dict/data', '127.0.0.1', '内网IP', '{\"createBy\":\"admin\",\"default\":false,\"dictLabel\":\"已上架\",\"dictSort\":0,\"dictType\":\"wtb_goods_state\",\"dictValue\":\"1\",\"listClass\":\"default\",\"params\":{},\"status\":\"0\"}', '{\"msg\":\"操作成功\",\"code\":200}', 0, NULL, '2023-06-26 19:32:56', 122);
INSERT INTO `sys_oper_log` VALUES (153, '字典数据', 1, 'com.ruoyi.web.controller.system.SysDictDataController.add()', 'POST', 1, 'admin', NULL, '/system/dict/data', '127.0.0.1', '内网IP', '{\"createBy\":\"admin\",\"default\":false,\"dictLabel\":\"已下架\",\"dictSort\":0,\"dictType\":\"wtb_goods_state\",\"dictValue\":\"2\",\"listClass\":\"default\",\"params\":{},\"status\":\"0\"}', '{\"msg\":\"操作成功\",\"code\":200}', 0, NULL, '2023-06-26 19:33:23', 81);
INSERT INTO `sys_oper_log` VALUES (154, '字典数据', 2, 'com.ruoyi.web.controller.system.SysDictDataController.edit()', 'PUT', 1, 'admin', NULL, '/system/dict/data', '127.0.0.1', '内网IP', '{\"createBy\":\"admin\",\"createTime\":\"2023-06-26 19:33:23\",\"default\":false,\"dictCode\":111,\"dictLabel\":\"已下架\",\"dictSort\":1,\"dictType\":\"wtb_goods_state\",\"dictValue\":\"2\",\"isDefault\":\"N\",\"listClass\":\"default\",\"params\":{},\"status\":\"0\",\"updateBy\":\"admin\"}', '{\"msg\":\"操作成功\",\"code\":200}', 0, NULL, '2023-06-26 19:33:29', 84);
INSERT INTO `sys_oper_log` VALUES (155, '字典数据', 1, 'com.ruoyi.web.controller.system.SysDictDataController.add()', 'POST', 1, 'admin', NULL, '/system/dict/data', '127.0.0.1', '内网IP', '{\"createBy\":\"admin\",\"default\":false,\"dictLabel\":\"待上架\",\"dictSort\":2,\"dictType\":\"wtb_goods_state\",\"dictValue\":\"3\",\"listClass\":\"default\",\"params\":{},\"status\":\"0\"}', '{\"msg\":\"操作成功\",\"code\":200}', 0, NULL, '2023-06-26 19:33:47', 70);
INSERT INTO `sys_oper_log` VALUES (156, '字典数据', 1, 'com.ruoyi.web.controller.system.SysDictDataController.add()', 'POST', 1, 'admin', NULL, '/system/dict/data', '127.0.0.1', '内网IP', '{\"createBy\":\"admin\",\"default\":false,\"dictLabel\":\"已售罄\",\"dictSort\":3,\"dictType\":\"wtb_goods_state\",\"dictValue\":\"4\",\"listClass\":\"default\",\"params\":{},\"status\":\"0\"}', '{\"msg\":\"操作成功\",\"code\":200}', 0, NULL, '2023-06-26 19:34:08', 75);
INSERT INTO `sys_oper_log` VALUES (157, '代码生成', 3, 'com.ruoyi.generator.controller.GenController.remove()', 'DELETE', 1, 'admin', NULL, '/tool/gen/4', '127.0.0.1', '内网IP', '{}', '{\"msg\":\"操作成功\",\"code\":200}', 0, NULL, '2023-06-26 19:37:36', 97);
INSERT INTO `sys_oper_log` VALUES (158, '代码生成', 6, 'com.ruoyi.generator.controller.GenController.importTableSave()', 'POST', 1, 'admin', NULL, '/tool/gen/importTable', '127.0.0.1', '内网IP', '{\"tables\":\"goods\"}', '{\"msg\":\"操作成功\",\"code\":200}', 0, NULL, '2023-06-26 19:37:43', 274);
INSERT INTO `sys_oper_log` VALUES (159, '代码生成', 2, 'com.ruoyi.generator.controller.GenController.editSave()', 'PUT', 1, 'admin', NULL, '/tool/gen', '127.0.0.1', '内网IP', '{\"businessName\":\"goods\",\"className\":\"Goods\",\"columns\":[{\"capJavaField\":\"Id\",\"columnComment\":\"id\",\"columnId\":54,\"columnName\":\"id\",\"columnType\":\"int\",\"createBy\":\"admin\",\"createTime\":\"2023-06-26 19:37:43\",\"dictType\":\"\",\"edit\":false,\"htmlType\":\"input\",\"increment\":true,\"insert\":true,\"isIncrement\":\"1\",\"isInsert\":\"1\",\"isPk\":\"1\",\"javaField\":\"id\",\"javaType\":\"Long\",\"list\":false,\"params\":{},\"pk\":true,\"query\":false,\"queryType\":\"EQ\",\"required\":false,\"sort\":1,\"superColumn\":false,\"tableId\":5,\"updateBy\":\"\",\"usableColumn\":false},{\"capJavaField\":\"Type\",\"columnComment\":\"商品类型\",\"columnId\":55,\"columnName\":\"type\",\"columnType\":\"int\",\"createBy\":\"admin\",\"createTime\":\"2023-06-26 19:37:43\",\"dictType\":\"wtb_goods_type\",\"edit\":true,\"htmlType\":\"select\",\"increment\":false,\"insert\":true,\"isEdit\":\"1\",\"isIncrement\":\"0\",\"isInsert\":\"1\",\"isList\":\"1\",\"isPk\":\"0\",\"isQuery\":\"1\",\"isRequired\":\"1\",\"javaField\":\"type\",\"javaType\":\"Long\",\"list\":true,\"params\":{},\"pk\":false,\"query\":true,\"queryType\":\"EQ\",\"required\":true,\"sort\":2,\"superColumn\":false,\"tableId\":5,\"updateBy\":\"\",\"usableColumn\":false},{\"capJavaField\":\"Name\",\"columnComment\":\"商品名称\",\"columnId\":56,\"columnName\":\"name\",\"columnType\":\"varchar(64)\",\"createBy\":\"admin\",\"createTime\":\"2023-06-26 19:37:43\",\"dictType\":\"\",\"edit\":true,\"htmlType\":\"input\",\"increment\":false,\"insert\":true,\"isEdit\":\"1\",\"isIncrement\":\"0\",\"isInsert\":\"1\",\"isList\":\"1\",\"isPk\":\"0\",\"isQuery\":\"1\",\"isRequired\":\"1\",\"javaField\":\"name\",\"javaType\":\"String\",\"list\":true,\"params\":{},\"pk\":false,\"query\":true,\"queryType\":\"LIKE\",\"required\":true,\"sort\":3,\"superColumn\":false,\"tableId\":5,\"updateBy\":\"\",\"usableColumn\":false},{\"capJavaField\":\"Image\",\"columnComment\":\"商品图片\",\"columnId\":57,\"columnName\":\"image\",\"columnType\":\"varchar(1024)\",\"createBy\":\"admin\",\"createTime\":\"2023-06-26 19:37:43\",\"dictType\":\"\",\"edit\":true,\"htmlType\":\"imageUpload\",\"increment\":false,\"insert\":true,\"isEdit\":\"1\",\"isIncrement\":\"0\",\"isInsert\":\"1\",\"isList\":\"1\",\"isPk\":\"0\",\"isQuery\":\"1\",\"isRequired\":\"1\",\"javaField\":\"image\",\"javaType\":\"String\",\"list\":true,\"p', '{\"msg\":\"操作成功\",\"code\":200}', 0, NULL, '2023-06-26 19:38:52', 372);
INSERT INTO `sys_oper_log` VALUES (160, '代码生成', 8, 'com.ruoyi.generator.controller.GenController.batchGenCode()', 'GET', 1, 'admin', NULL, '/tool/gen/batchGenCode', '127.0.0.1', '内网IP', '{\"tables\":\"goods\"}', NULL, 0, NULL, '2023-06-26 19:38:56', 241);
INSERT INTO `sys_oper_log` VALUES (161, '代码生成', 2, 'com.ruoyi.generator.controller.GenController.editSave()', 'PUT', 1, 'admin', NULL, '/tool/gen', '127.0.0.1', '内网IP', '{\"businessName\":\"goods\",\"className\":\"Goods\",\"columns\":[{\"capJavaField\":\"Id\",\"columnComment\":\"id\",\"columnId\":54,\"columnName\":\"id\",\"columnType\":\"int\",\"createBy\":\"admin\",\"createTime\":\"2023-06-26 19:37:43\",\"dictType\":\"\",\"edit\":false,\"htmlType\":\"input\",\"increment\":true,\"insert\":true,\"isIncrement\":\"1\",\"isInsert\":\"1\",\"isPk\":\"1\",\"javaField\":\"id\",\"javaType\":\"Long\",\"list\":false,\"params\":{},\"pk\":true,\"query\":false,\"queryType\":\"EQ\",\"required\":false,\"sort\":1,\"superColumn\":false,\"tableId\":5,\"updateBy\":\"\",\"updateTime\":\"2023-06-26 19:38:52\",\"usableColumn\":false},{\"capJavaField\":\"Type\",\"columnComment\":\"商品类型\",\"columnId\":55,\"columnName\":\"type\",\"columnType\":\"int\",\"createBy\":\"admin\",\"createTime\":\"2023-06-26 19:37:43\",\"dictType\":\"wtb_goods_type\",\"edit\":true,\"htmlType\":\"select\",\"increment\":false,\"insert\":true,\"isEdit\":\"1\",\"isIncrement\":\"0\",\"isInsert\":\"1\",\"isList\":\"1\",\"isPk\":\"0\",\"isQuery\":\"1\",\"isRequired\":\"1\",\"javaField\":\"type\",\"javaType\":\"Long\",\"list\":true,\"params\":{},\"pk\":false,\"query\":true,\"queryType\":\"EQ\",\"required\":true,\"sort\":2,\"superColumn\":false,\"tableId\":5,\"updateBy\":\"\",\"updateTime\":\"2023-06-26 19:38:52\",\"usableColumn\":false},{\"capJavaField\":\"Name\",\"columnComment\":\"商品名称\",\"columnId\":56,\"columnName\":\"name\",\"columnType\":\"varchar(64)\",\"createBy\":\"admin\",\"createTime\":\"2023-06-26 19:37:43\",\"dictType\":\"\",\"edit\":true,\"htmlType\":\"input\",\"increment\":false,\"insert\":true,\"isEdit\":\"1\",\"isIncrement\":\"0\",\"isInsert\":\"1\",\"isList\":\"1\",\"isPk\":\"0\",\"isQuery\":\"1\",\"isRequired\":\"1\",\"javaField\":\"name\",\"javaType\":\"String\",\"list\":true,\"params\":{},\"pk\":false,\"query\":true,\"queryType\":\"LIKE\",\"required\":true,\"sort\":3,\"superColumn\":false,\"tableId\":5,\"updateBy\":\"\",\"updateTime\":\"2023-06-26 19:38:52\",\"usableColumn\":false},{\"capJavaField\":\"Image\",\"columnComment\":\"商品图片\",\"columnId\":57,\"columnName\":\"image\",\"columnType\":\"varchar(1024)\",\"createBy\":\"admin\",\"createTime\":\"2023-06-26 19:37:43\",\"dictType\":\"\",\"edit\":true,\"htmlType\":\"imageUpload\",\"increment\":false,\"insert\":true,\"isEdit\":\"1\",\"isIncrement\":\"0\",\"isInsert\":\"1\",\"isL', '{\"msg\":\"操作成功\",\"code\":200}', 0, NULL, '2023-06-26 19:40:06', 347);
INSERT INTO `sys_oper_log` VALUES (162, '代码生成', 8, 'com.ruoyi.generator.controller.GenController.batchGenCode()', 'GET', 1, 'admin', NULL, '/tool/gen/batchGenCode', '127.0.0.1', '内网IP', '{\"tables\":\"goods\"}', NULL, 0, NULL, '2023-06-26 19:40:09', 130);
INSERT INTO `sys_oper_log` VALUES (163, '菜单管理', 2, 'com.ruoyi.web.controller.system.SysMenuController.edit()', 'PUT', 1, 'admin', NULL, '/system/menu', '127.0.0.1', '内网IP', '{\"children\":[],\"createTime\":\"2023-06-26 18:19:56\",\"icon\":\"shopping\",\"isCache\":\"0\",\"isFrame\":\"1\",\"menuId\":2012,\"menuName\":\"商品管理\",\"menuType\":\"M\",\"orderNum\":0,\"params\":{},\"parentId\":0,\"path\":\"goods\",\"perms\":\"\",\"status\":\"0\",\"updateBy\":\"admin\",\"visible\":\"0\"}', '{\"msg\":\"操作成功\",\"code\":200}', 0, NULL, '2023-06-26 19:46:18', 102);
INSERT INTO `sys_oper_log` VALUES (164, '菜单管理', 2, 'com.ruoyi.web.controller.system.SysMenuController.edit()', 'PUT', 1, 'admin', NULL, '/system/menu', '127.0.0.1', '内网IP', '{\"children\":[],\"component\":\"qwk/goods/index\",\"createTime\":\"2023-06-26 19:44:16\",\"icon\":\"#\",\"isCache\":\"0\",\"isFrame\":\"1\",\"menuId\":2013,\"menuName\":\"商品 列表\",\"menuType\":\"C\",\"orderNum\":1,\"params\":{},\"parentId\":2012,\"path\":\"goodsList\",\"perms\":\"qwk:goods:list\",\"status\":\"0\",\"updateBy\":\"admin\",\"visible\":\"0\"}', '{\"msg\":\"操作成功\",\"code\":200}', 0, NULL, '2023-06-26 19:46:55', 82);
INSERT INTO `sys_oper_log` VALUES (165, '菜单管理', 2, 'com.ruoyi.web.controller.system.SysMenuController.edit()', 'PUT', 1, 'admin', NULL, '/system/menu', '127.0.0.1', '内网IP', '{\"children\":[],\"component\":\"qwk/goods/index\",\"createTime\":\"2023-06-26 19:44:16\",\"icon\":\"#\",\"isCache\":\"0\",\"isFrame\":\"1\",\"menuId\":2013,\"menuName\":\"商品列表\",\"menuType\":\"C\",\"orderNum\":1,\"params\":{},\"parentId\":2012,\"path\":\"goodsList\",\"perms\":\"qwk:goods:list\",\"status\":\"0\",\"updateBy\":\"admin\",\"visible\":\"0\"}', '{\"msg\":\"操作成功\",\"code\":200}', 0, NULL, '2023-06-26 19:48:59', 86);
INSERT INTO `sys_oper_log` VALUES (166, '部门管理', 3, 'com.ruoyi.web.controller.system.SysDeptController.remove()', 'DELETE', 1, 'admin', NULL, '/system/dept/101', '127.0.0.1', '内网IP', '{}', '{\"msg\":\"存在下级部门,不允许删除\",\"code\":601}', 0, NULL, '2023-06-27 09:24:28', 22);
INSERT INTO `sys_oper_log` VALUES (167, '部门管理', 3, 'com.ruoyi.web.controller.system.SysDeptController.remove()', 'DELETE', 1, 'admin', NULL, '/system/dept/107', '127.0.0.1', '内网IP', '{}', '{\"msg\":\"操作成功\",\"code\":200}', 0, NULL, '2023-06-27 09:24:33', 89);
INSERT INTO `sys_oper_log` VALUES (168, '部门管理', 3, 'com.ruoyi.web.controller.system.SysDeptController.remove()', 'DELETE', 1, 'admin', NULL, '/system/dept/102', '127.0.0.1', '内网IP', '{}', '{\"msg\":\"存在下级部门,不允许删除\",\"code\":601}', 0, NULL, '2023-06-27 09:24:36', 9);
INSERT INTO `sys_oper_log` VALUES (169, '部门管理', 3, 'com.ruoyi.web.controller.system.SysDeptController.remove()', 'DELETE', 1, 'admin', NULL, '/system/dept/109', '127.0.0.1', '内网IP', '{}', '{\"msg\":\"操作成功\",\"code\":200}', 0, NULL, '2023-06-27 09:24:40', 87);
INSERT INTO `sys_oper_log` VALUES (170, '部门管理', 3, 'com.ruoyi.web.controller.system.SysDeptController.remove()', 'DELETE', 1, 'admin', NULL, '/system/dept/108', '127.0.0.1', '内网IP', '{}', '{\"msg\":\"操作成功\",\"code\":200}', 0, NULL, '2023-06-27 09:24:43', 90);
INSERT INTO `sys_oper_log` VALUES (171, '部门管理', 3, 'com.ruoyi.web.controller.system.SysDeptController.remove()', 'DELETE', 1, 'admin', NULL, '/system/dept/102', '127.0.0.1', '内网IP', '{}', '{\"msg\":\"操作成功\",\"code\":200}', 0, NULL, '2023-06-27 09:24:52', 78);
INSERT INTO `sys_oper_log` VALUES (172, '部门管理', 3, 'com.ruoyi.web.controller.system.SysDeptController.remove()', 'DELETE', 1, 'admin', NULL, '/system/dept/106', '127.0.0.1', '内网IP', '{}', '{\"msg\":\"操作成功\",\"code\":200}', 0, NULL, '2023-06-27 09:24:55', 71);
INSERT INTO `sys_oper_log` VALUES (173, '部门管理', 3, 'com.ruoyi.web.controller.system.SysDeptController.remove()', 'DELETE', 1, 'admin', NULL, '/system/dept/105', '127.0.0.1', '内网IP', '{}', '{\"msg\":\"部门存在用户,不允许删除\",\"code\":601}', 0, NULL, '2023-06-27 09:24:58', 13);
INSERT INTO `sys_oper_log` VALUES (174, '部门管理', 3, 'com.ruoyi.web.controller.system.SysDeptController.remove()', 'DELETE', 1, 'admin', NULL, '/system/dept/105', '127.0.0.1', '内网IP', '{}', '{\"msg\":\"部门存在用户,不允许删除\",\"code\":601}', 0, NULL, '2023-06-27 09:25:01', 20);
INSERT INTO `sys_oper_log` VALUES (175, '部门管理', 3, 'com.ruoyi.web.controller.system.SysDeptController.remove()', 'DELETE', 1, 'admin', NULL, '/system/dept/104', '127.0.0.1', '内网IP', '{}', '{\"msg\":\"操作成功\",\"code\":200}', 0, NULL, '2023-06-27 09:25:04', 87);
INSERT INTO `sys_oper_log` VALUES (176, '部门管理', 2, 'com.ruoyi.web.controller.system.SysDeptController.edit()', 'PUT', 1, 'admin', NULL, '/system/dept', '127.0.0.1', '内网IP', '{\"ancestors\":\"0\",\"children\":[],\"deptId\":100,\"deptName\":\"幸运乌拓邦\",\"email\":\"\",\"leader\":\"\",\"orderNum\":0,\"params\":{},\"parentId\":0,\"phone\":\"\",\"status\":\"0\",\"updateBy\":\"admin\"}', '{\"msg\":\"操作成功\",\"code\":200}', 0, NULL, '2023-06-27 09:25:44', 107);
INSERT INTO `sys_oper_log` VALUES (177, '部门管理', 2, 'com.ruoyi.web.controller.system.SysDeptController.edit()', 'PUT', 1, 'admin', NULL, '/system/dept', '127.0.0.1', '内网IP', '{\"ancestors\":\"0,100\",\"children\":[],\"deptId\":101,\"deptName\":\"系统管理\",\"email\":\"\",\"leader\":\"\",\"orderNum\":1,\"params\":{},\"parentId\":100,\"parentName\":\"幸运乌拓邦\",\"phone\":\"\",\"status\":\"0\",\"updateBy\":\"admin\"}', '{\"msg\":\"操作成功\",\"code\":200}', 0, NULL, '2023-06-27 09:26:08', 138);
INSERT INTO `sys_oper_log` VALUES (178, '部门管理', 1, 'com.ruoyi.web.controller.system.SysDeptController.add()', 'POST', 1, 'admin', NULL, '/system/dept', '127.0.0.1', '内网IP', '{\"ancestors\":\"0,100\",\"children\":[],\"createBy\":\"admin\",\"deptName\":\"游戏用户\",\"orderNum\":2,\"params\":{},\"parentId\":100,\"status\":\"0\"}', '{\"msg\":\"操作成功\",\"code\":200}', 0, NULL, '2023-06-27 09:26:25', 91);
INSERT INTO `sys_oper_log` VALUES (179, '用户管理', 1, 'com.ruoyi.web.controller.system.SysUserController.add()', 'POST', 1, 'admin', NULL, '/system/user', '127.0.0.1', '内网IP', '{\"admin\":false,\"deptId\":200,\"nickName\":\"游戏用户1\",\"params\":{},\"postIds\":[],\"roleIds\":[],\"sex\":\"0\",\"status\":\"0\",\"userName\":\"admin\"}', '{\"msg\":\"新增用户\'admin\'失败，登录账号已存在\",\"code\":500}', 0, NULL, '2023-06-27 09:27:45', 10);
INSERT INTO `sys_oper_log` VALUES (180, '用户管理', 1, 'com.ruoyi.web.controller.system.SysUserController.add()', 'POST', 1, 'admin', NULL, '/system/user', '127.0.0.1', '内网IP', '{\"admin\":false,\"createBy\":\"admin\",\"deptId\":200,\"nickName\":\"游戏用户1\",\"params\":{},\"postIds\":[],\"roleIds\":[],\"sex\":\"0\",\"status\":\"0\",\"userId\":100,\"userName\":\"yx\"}', '{\"msg\":\"操作成功\",\"code\":200}', 0, NULL, '2023-06-27 09:28:00', 179);
INSERT INTO `sys_oper_log` VALUES (181, '角色管理', 1, 'com.ruoyi.web.controller.system.SysRoleController.add()', 'POST', 1, 'admin', NULL, '/system/role', '127.0.0.1', '内网IP', '{\"admin\":false,\"createBy\":\"admin\",\"deptCheckStrictly\":true,\"deptIds\":[],\"flag\":false,\"menuCheckStrictly\":true,\"menuIds\":[2012,2013,2014,2015,2016,2017,2018],\"params\":{},\"roleId\":100,\"roleKey\":\"game\",\"roleName\":\"游戏用户\",\"roleSort\":3,\"status\":\"0\"}', '{\"msg\":\"操作成功\",\"code\":200}', 0, NULL, '2023-06-27 09:29:37', 132);
INSERT INTO `sys_oper_log` VALUES (182, '用户管理', 2, 'com.ruoyi.web.controller.system.SysUserController.edit()', 'PUT', 1, 'admin', NULL, '/system/user', '127.0.0.1', '内网IP', '{\"admin\":false,\"avatar\":\"\",\"createBy\":\"admin\",\"createTime\":\"2023-06-27 09:28:00\",\"delFlag\":\"0\",\"dept\":{\"ancestors\":\"0,100\",\"children\":[],\"deptId\":200,\"deptName\":\"游戏用户\",\"orderNum\":2,\"params\":{},\"parentId\":100,\"status\":\"0\"},\"deptId\":200,\"email\":\"\",\"loginIp\":\"\",\"nickName\":\"游戏用户1\",\"params\":{},\"phonenumber\":\"\",\"postIds\":[],\"roleIds\":[100],\"roles\":[],\"sex\":\"0\",\"status\":\"0\",\"updateBy\":\"admin\",\"userId\":100,\"userName\":\"yx\"}', '{\"msg\":\"操作成功\",\"code\":200}', 0, NULL, '2023-06-27 09:29:55', 112);
INSERT INTO `sys_oper_log` VALUES (183, '代码生成', 6, 'com.ruoyi.generator.controller.GenController.importTableSave()', 'POST', 1, 'admin', NULL, '/tool/gen/importTable', '127.0.0.1', '内网IP', '{\"tables\":\"sys_user\"}', '{\"msg\":\"操作成功\",\"code\":200}', 0, NULL, '2023-06-27 09:37:42', 380);
INSERT INTO `sys_oper_log` VALUES (184, '用户管理', 2, 'com.ruoyi.web.controller.system.SysUserController.changeStatus()', 'PUT', 1, 'admin', NULL, '/system/user/changeStatus', '127.0.0.1', '内网IP', '{\"admin\":false,\"params\":{},\"status\":\"1\",\"updateBy\":\"admin\",\"userId\":2}', '{\"msg\":\"操作成功\",\"code\":200}', 0, NULL, '2023-06-27 09:54:48', 75);
INSERT INTO `sys_oper_log` VALUES (185, '用户管理', 2, 'com.ruoyi.web.controller.system.SysUserController.changeStatus()', 'PUT', 1, 'admin', NULL, '/system/user/changeStatus', '127.0.0.1', '内网IP', '{\"admin\":false,\"params\":{},\"status\":\"0\",\"updateBy\":\"admin\",\"userId\":2}', '{\"msg\":\"操作成功\",\"code\":200}', 0, NULL, '2023-06-27 09:55:33', 74);
INSERT INTO `sys_oper_log` VALUES (186, '用户管理', 2, 'com.ruoyi.web.controller.system.SysUserController.edit()', 'PUT', 1, 'admin', NULL, '/system/user', '127.0.0.1', '内网IP', '{\"admin\":false,\"avatar\":\"\",\"createBy\":\"admin\",\"createTime\":\"2023-06-27 09:28:00\",\"delFlag\":\"0\",\"dept\":{\"ancestors\":\"0,100\",\"children\":[],\"deptId\":200,\"deptName\":\"游戏用户\",\"orderNum\":2,\"params\":{},\"parentId\":100,\"status\":\"0\"},\"deptId\":200,\"email\":\"\",\"loginIp\":\"\",\"nickName\":\"游戏用户1\",\"params\":{},\"phonenumber\":\"18597878778\",\"postIds\":[],\"roleIds\":[100],\"roles\":[{\"admin\":false,\"dataScope\":\"1\",\"deptCheckStrictly\":false,\"flag\":false,\"menuCheckStrictly\":false,\"params\":{},\"roleId\":100,\"roleKey\":\"game\",\"roleName\":\"游戏用户\",\"roleSort\":3,\"status\":\"0\"}],\"sex\":\"0\",\"status\":\"0\",\"updateBy\":\"admin\",\"userId\":100,\"userName\":\"yx\"}', '{\"msg\":\"操作成功\",\"code\":200}', 0, NULL, '2023-06-27 09:55:54', 379);
INSERT INTO `sys_oper_log` VALUES (187, '代码生成', 3, 'com.ruoyi.generator.controller.GenController.remove()', 'DELETE', 1, 'admin', NULL, '/tool/gen/4', '127.0.0.1', '内网IP', '{}', '{\"msg\":\"操作成功\",\"code\":200}', 0, NULL, '2023-06-27 10:11:16', 108);
INSERT INTO `sys_oper_log` VALUES (188, '代码生成', 6, 'com.ruoyi.generator.controller.GenController.importTableSave()', 'POST', 1, 'admin', NULL, '/tool/gen/importTable', '127.0.0.1', '内网IP', '{\"tables\":\"sys_user\"}', '{\"msg\":\"操作成功\",\"code\":200}', 0, NULL, '2023-06-27 10:11:28', 283);
INSERT INTO `sys_oper_log` VALUES (189, '个人信息', 2, 'com.ruoyi.web.controller.system.SysProfileController.updateProfile()', 'PUT', 1, 'admin', NULL, '/system/user/profile', '127.0.0.1', '内网IP', '{\"admin\":true,\"createBy\":\"admin\",\"createTime\":\"2023-06-26 10:21:54\",\"delFlag\":\"0\",\"dept\":{\"ancestors\":\"0,100,101\",\"children\":[],\"deptId\":103,\"deptName\":\"研发部门\",\"leader\":\"若依\",\"orderNum\":1,\"params\":{},\"parentId\":101,\"status\":\"0\"},\"email\":\"ry@163.com\",\"loginDate\":\"2023-06-27 09:18:41\",\"loginIp\":\"127.0.0.1\",\"nickName\":\"若依\",\"params\":{},\"phonenumber\":\"15888888888\",\"remark\":\"管理员\",\"roles\":[{\"admin\":true,\"dataScope\":\"1\",\"deptCheckStrictly\":false,\"flag\":false,\"menuCheckStrictly\":false,\"params\":{},\"roleId\":1,\"roleKey\":\"admin\",\"roleName\":\"超级管理员\",\"roleSort\":1,\"status\":\"0\"}],\"sex\":\"0\",\"status\":\"0\",\"userId\":1,\"userName\":\"admin\"}', '{\"msg\":\"操作成功\",\"code\":200}', 0, NULL, '2023-06-27 10:29:17', 102);
INSERT INTO `sys_oper_log` VALUES (190, '菜单管理', 1, 'com.ruoyi.web.controller.system.SysMenuController.add()', 'POST', 1, 'admin', NULL, '/system/menu', '127.0.0.1', '内网IP', '{\"children\":[],\"createBy\":\"admin\",\"icon\":\"user\",\"isCache\":\"0\",\"isFrame\":\"1\",\"menuName\":\"用户中心\",\"menuType\":\"M\",\"orderNum\":4,\"params\":{},\"parentId\":0,\"path\":\"user\",\"status\":\"0\",\"visible\":\"0\"}', '{\"msg\":\"操作成功\",\"code\":200}', 0, NULL, '2023-06-27 10:37:07', 441);
INSERT INTO `sys_oper_log` VALUES (191, '菜单管理', 2, 'com.ruoyi.web.controller.system.SysMenuController.edit()', 'PUT', 1, 'admin', NULL, '/system/menu', '127.0.0.1', '内网IP', '{\"children\":[],\"createTime\":\"2023-06-27 10:37:07\",\"icon\":\"user\",\"isCache\":\"0\",\"isFrame\":\"1\",\"menuId\":2019,\"menuName\":\"用户中心\",\"menuType\":\"M\",\"orderNum\":4,\"params\":{},\"parentId\":0,\"path\":\"gameUser\",\"perms\":\"\",\"status\":\"0\",\"updateBy\":\"admin\",\"visible\":\"0\"}', '{\"msg\":\"操作成功\",\"code\":200}', 0, NULL, '2023-06-27 10:38:20', 78);
INSERT INTO `sys_oper_log` VALUES (192, '菜单管理', 1, 'com.ruoyi.web.controller.system.SysMenuController.add()', 'POST', 1, 'admin', NULL, '/system/menu', '127.0.0.1', '内网IP', '{\"children\":[],\"component\":\"system/user/gameUserInfo\",\"createBy\":\"admin\",\"isCache\":\"0\",\"isFrame\":\"1\",\"menuName\":\"用户信息\",\"menuType\":\"C\",\"orderNum\":1,\"params\":{},\"parentId\":2019,\"path\":\"gameUserInfo\",\"perms\":\"system:user:list\",\"status\":\"0\",\"visible\":\"0\"}', '{\"msg\":\"操作成功\",\"code\":200}', 0, NULL, '2023-06-27 10:40:02', 79);
INSERT INTO `sys_oper_log` VALUES (193, '用户管理', 1, 'com.ruoyi.web.controller.system.SysUserController.add()', 'POST', 1, 'admin', NULL, '/system/user', '127.0.0.1', '内网IP', '{\"admin\":false,\"createBy\":\"admin\",\"deptId\":200,\"nickName\":\"游戏用户2\",\"params\":{},\"phonenumber\":\"15963989898\",\"postIds\":[],\"realName\":\"测试\",\"roleIds\":[100],\"sex\":\"0\",\"status\":\"0\",\"userId\":101,\"userName\":\"cs\"}', '{\"msg\":\"操作成功\",\"code\":200}', 0, NULL, '2023-06-27 11:18:35', 643);
INSERT INTO `sys_oper_log` VALUES (194, '用户管理', 2, 'com.ruoyi.web.controller.system.SysUserController.edit()', 'PUT', 1, 'admin', NULL, '/system/user', '127.0.0.1', '内网IP', '{\"admin\":false,\"avatar\":\"\",\"createBy\":\"admin\",\"createTime\":\"2023-06-27 09:28:00\",\"delFlag\":\"0\",\"dept\":{\"ancestors\":\"0,100\",\"children\":[],\"deptId\":200,\"deptName\":\"游戏用户\",\"orderNum\":2,\"params\":{},\"parentId\":100,\"status\":\"0\"},\"deptId\":200,\"email\":\"\",\"loginIp\":\"\",\"nickName\":\"游戏用户1\",\"params\":{},\"phonenumber\":\"18597878778\",\"postIds\":[],\"realName\":\"反恐精英\",\"roleIds\":[100],\"roles\":[{\"admin\":false,\"dataScope\":\"1\",\"deptCheckStrictly\":false,\"flag\":false,\"menuCheckStrictly\":false,\"params\":{},\"roleId\":100,\"roleKey\":\"game\",\"roleName\":\"游戏用户\",\"roleSort\":3,\"status\":\"0\"}],\"sex\":\"0\",\"status\":\"0\",\"updateBy\":\"admin\",\"userId\":100,\"userName\":\"yx\"}', '{\"msg\":\"操作成功\",\"code\":200}', 0, NULL, '2023-06-27 11:25:09', 121);
INSERT INTO `sys_oper_log` VALUES (195, '代码生成', 6, 'com.ruoyi.generator.controller.GenController.importTableSave()', 'POST', 1, 'admin', NULL, '/tool/gen/importTable', '127.0.0.1', '内网IP', '{\"tables\":\"user_friends\"}', '{\"msg\":\"操作成功\",\"code\":200}', 0, NULL, '2023-06-27 11:50:10', 293);
INSERT INTO `sys_oper_log` VALUES (196, '字典数据', 2, 'com.ruoyi.web.controller.system.SysDictDataController.edit()', 'PUT', 1, 'admin', NULL, '/system/dict/data', '127.0.0.1', '内网IP', '{\"createBy\":\"admin\",\"createTime\":\"2023-06-26 10:22:00\",\"cssClass\":\"\",\"default\":true,\"dictCode\":12,\"dictLabel\":\"是\",\"dictSort\":1,\"dictType\":\"sys_yes_no\",\"dictValue\":\"0\",\"isDefault\":\"Y\",\"listClass\":\"primary\",\"params\":{},\"remark\":\"系统默认是\",\"status\":\"0\",\"updateBy\":\"admin\"}', '{\"msg\":\"操作成功\",\"code\":200}', 0, NULL, '2023-06-27 11:51:55', 100);
INSERT INTO `sys_oper_log` VALUES (197, '字典数据', 2, 'com.ruoyi.web.controller.system.SysDictDataController.edit()', 'PUT', 1, 'admin', NULL, '/system/dict/data', '127.0.0.1', '内网IP', '{\"createBy\":\"admin\",\"createTime\":\"2023-06-26 10:22:00\",\"cssClass\":\"\",\"default\":false,\"dictCode\":13,\"dictLabel\":\"否\",\"dictSort\":2,\"dictType\":\"sys_yes_no\",\"dictValue\":\"1\",\"isDefault\":\"N\",\"listClass\":\"danger\",\"params\":{},\"remark\":\"系统默认否\",\"status\":\"0\",\"updateBy\":\"admin\"}', '{\"msg\":\"操作成功\",\"code\":200}', 0, NULL, '2023-06-27 11:52:02', 78);
INSERT INTO `sys_oper_log` VALUES (198, '代码生成', 3, 'com.ruoyi.generator.controller.GenController.remove()', 'DELETE', 1, 'admin', NULL, '/tool/gen/6', '127.0.0.1', '内网IP', '{}', '{\"msg\":\"操作成功\",\"code\":200}', 0, NULL, '2023-06-27 11:56:57', 118);
INSERT INTO `sys_oper_log` VALUES (199, '代码生成', 6, 'com.ruoyi.generator.controller.GenController.importTableSave()', 'POST', 1, 'admin', NULL, '/tool/gen/importTable', '127.0.0.1', '内网IP', '{\"tables\":\"user_friends\"}', '{\"msg\":\"操作成功\",\"code\":200}', 0, NULL, '2023-06-27 11:57:01', 176);
INSERT INTO `sys_oper_log` VALUES (200, '代码生成', 2, 'com.ruoyi.generator.controller.GenController.editSave()', 'PUT', 1, 'admin', NULL, '/tool/gen', '127.0.0.1', '内网IP', '{\"businessName\":\"friends\",\"className\":\"UserFriends\",\"columns\":[{\"capJavaField\":\"UserId\",\"columnComment\":\"用户id\",\"columnId\":48,\"columnName\":\"user_id\",\"columnType\":\"bigint\",\"createBy\":\"admin\",\"createTime\":\"2023-06-27 11:57:01\",\"dictType\":\"\",\"edit\":true,\"htmlType\":\"input\",\"increment\":false,\"insert\":true,\"isEdit\":\"1\",\"isIncrement\":\"0\",\"isInsert\":\"1\",\"isList\":\"1\",\"isPk\":\"0\",\"isQuery\":\"1\",\"isRequired\":\"1\",\"javaField\":\"userId\",\"javaType\":\"Long\",\"list\":true,\"params\":{},\"pk\":false,\"query\":true,\"queryType\":\"EQ\",\"required\":true,\"sort\":1,\"superColumn\":false,\"tableId\":7,\"updateBy\":\"\",\"usableColumn\":false},{\"capJavaField\":\"FriendsId\",\"columnComment\":\"好友id\",\"columnId\":49,\"columnName\":\"friends_id\",\"columnType\":\"varchar(32)\",\"createBy\":\"admin\",\"createTime\":\"2023-06-27 11:57:01\",\"dictType\":\"\",\"edit\":true,\"htmlType\":\"input\",\"increment\":false,\"insert\":true,\"isEdit\":\"1\",\"isIncrement\":\"0\",\"isInsert\":\"1\",\"isList\":\"1\",\"isPk\":\"0\",\"isQuery\":\"1\",\"isRequired\":\"1\",\"javaField\":\"friendsId\",\"javaType\":\"String\",\"list\":true,\"params\":{},\"pk\":false,\"query\":true,\"queryType\":\"EQ\",\"required\":true,\"sort\":2,\"superColumn\":false,\"tableId\":7,\"updateBy\":\"\",\"usableColumn\":false},{\"capJavaField\":\"CreateTime\",\"columnComment\":\"创建时间\",\"columnId\":50,\"columnName\":\"create_time\",\"columnType\":\"datetime\",\"createBy\":\"admin\",\"createTime\":\"2023-06-27 11:57:01\",\"dictType\":\"\",\"edit\":true,\"htmlType\":\"datetime\",\"increment\":false,\"insert\":true,\"isEdit\":\"1\",\"isIncrement\":\"0\",\"isInsert\":\"1\",\"isList\":\"1\",\"isPk\":\"0\",\"isQuery\":\"1\",\"isRequired\":\"1\",\"javaField\":\"createTime\",\"javaType\":\"Date\",\"list\":true,\"params\":{},\"pk\":false,\"query\":true,\"queryType\":\"BETWEEN\",\"required\":true,\"sort\":3,\"superColumn\":true,\"tableId\":7,\"updateBy\":\"\",\"usableColumn\":false},{\"capJavaField\":\"Deleted\",\"columnComment\":\"是否删除\",\"columnId\":51,\"columnName\":\"deleted\",\"columnType\":\"bit(1)\",\"createBy\":\"admin\",\"createTime\":\"2023-06-27 11:57:01\",\"dictType\":\"sys_yes_no\",\"edit\":true,\"htmlType\":\"radio\",\"increment\":false,\"insert\":true,\"isEdit\":\"1\",\"isIncrement\":\"0\",\"isInsert\":\"', '{\"msg\":\"操作成功\",\"code\":200}', 0, NULL, '2023-06-27 11:57:33', 150);
INSERT INTO `sys_oper_log` VALUES (201, '代码生成', 8, 'com.ruoyi.generator.controller.GenController.batchGenCode()', 'GET', 1, 'admin', NULL, '/tool/gen/batchGenCode', '127.0.0.1', '内网IP', '{\"tables\":\"user_friends\"}', NULL, 0, NULL, '2023-06-27 11:57:39', 197);
INSERT INTO `sys_oper_log` VALUES (202, '代码生成', 3, 'com.ruoyi.generator.controller.GenController.remove()', 'DELETE', 1, 'admin', NULL, '/tool/gen/7', '127.0.0.1', '内网IP', '{}', '{\"msg\":\"操作成功\",\"code\":200}', 0, NULL, '2023-06-27 12:01:29', 98);
INSERT INTO `sys_oper_log` VALUES (203, '代码生成', 6, 'com.ruoyi.generator.controller.GenController.importTableSave()', 'POST', 1, 'admin', NULL, '/tool/gen/importTable', '127.0.0.1', '内网IP', '{\"tables\":\"user_friends\"}', '{\"msg\":\"操作成功\",\"code\":200}', 0, NULL, '2023-06-27 13:59:47', 222);
INSERT INTO `sys_oper_log` VALUES (204, '代码生成', 2, 'com.ruoyi.generator.controller.GenController.editSave()', 'PUT', 1, 'admin', NULL, '/tool/gen', '127.0.0.1', '内网IP', '{\"businessName\":\"friends\",\"className\":\"UserFriends\",\"columns\":[{\"capJavaField\":\"UserId\",\"columnComment\":\"用户id\",\"columnId\":52,\"columnName\":\"user_id\",\"columnType\":\"bigint\",\"createBy\":\"admin\",\"createTime\":\"2023-06-27 13:59:47\",\"dictType\":\"\",\"edit\":true,\"htmlType\":\"input\",\"increment\":false,\"insert\":true,\"isEdit\":\"1\",\"isIncrement\":\"0\",\"isInsert\":\"1\",\"isList\":\"1\",\"isPk\":\"0\",\"isQuery\":\"1\",\"isRequired\":\"1\",\"javaField\":\"userId\",\"javaType\":\"Long\",\"list\":true,\"params\":{},\"pk\":false,\"query\":true,\"queryType\":\"EQ\",\"required\":true,\"sort\":1,\"superColumn\":false,\"tableId\":8,\"updateBy\":\"\",\"usableColumn\":false},{\"capJavaField\":\"FriendsId\",\"columnComment\":\"好友id\",\"columnId\":53,\"columnName\":\"friends_id\",\"columnType\":\"varchar(32)\",\"createBy\":\"admin\",\"createTime\":\"2023-06-27 13:59:47\",\"dictType\":\"\",\"edit\":true,\"htmlType\":\"input\",\"increment\":false,\"insert\":true,\"isEdit\":\"1\",\"isIncrement\":\"0\",\"isInsert\":\"1\",\"isList\":\"1\",\"isPk\":\"0\",\"isQuery\":\"1\",\"isRequired\":\"1\",\"javaField\":\"friendsId\",\"javaType\":\"String\",\"list\":true,\"params\":{},\"pk\":false,\"query\":true,\"queryType\":\"EQ\",\"required\":true,\"sort\":2,\"superColumn\":false,\"tableId\":8,\"updateBy\":\"\",\"usableColumn\":false},{\"capJavaField\":\"CreateTime\",\"columnComment\":\"创建时间\",\"columnId\":54,\"columnName\":\"create_time\",\"columnType\":\"datetime\",\"createBy\":\"admin\",\"createTime\":\"2023-06-27 13:59:47\",\"dictType\":\"\",\"edit\":true,\"htmlType\":\"datetime\",\"increment\":false,\"insert\":true,\"isEdit\":\"1\",\"isIncrement\":\"0\",\"isInsert\":\"1\",\"isList\":\"1\",\"isPk\":\"0\",\"isQuery\":\"1\",\"isRequired\":\"1\",\"javaField\":\"createTime\",\"javaType\":\"Date\",\"list\":true,\"params\":{},\"pk\":false,\"query\":true,\"queryType\":\"BETWEEN\",\"required\":true,\"sort\":3,\"superColumn\":true,\"tableId\":8,\"updateBy\":\"\",\"usableColumn\":false},{\"capJavaField\":\"Deleted\",\"columnComment\":\"是否删除\",\"columnId\":55,\"columnName\":\"deleted\",\"columnType\":\"bit(1)\",\"createBy\":\"admin\",\"createTime\":\"2023-06-27 13:59:47\",\"dictType\":\"\",\"edit\":true,\"htmlType\":\"input\",\"increment\":false,\"insert\":true,\"isEdit\":\"1\",\"isIncrement\":\"0\",\"isInsert\":\"1\",\"isList', '{\"msg\":\"操作成功\",\"code\":200}', 0, NULL, '2023-06-27 14:00:14', 149);
INSERT INTO `sys_oper_log` VALUES (205, '用户管理', 1, 'com.ruoyi.web.controller.system.SysUserController.add()', 'POST', 1, 'admin', NULL, '/system/user', '127.0.0.1', '内网IP', '{\"admin\":false,\"createBy\":\"admin\",\"deptId\":200,\"nickName\":\"游戏用户3\",\"params\":{},\"postIds\":[],\"realName\":\"测试3\",\"roleIds\":[100],\"sex\":\"1\",\"status\":\"0\",\"userId\":102,\"userName\":\"123\"}', '{\"msg\":\"操作成功\",\"code\":200}', 0, NULL, '2023-06-27 14:46:59', 230);
INSERT INTO `sys_oper_log` VALUES (206, '用户头像', 2, 'com.ruoyi.web.controller.system.SysProfileController.avatar()', 'POST', 1, 'cs', NULL, '/system/user/profile/avatar', '127.0.0.1', '内网IP', '', '{\"msg\":\"操作成功\",\"imgUrl\":\"/profile/avatar/2023/06/27/blob_20230627170256A001.png\",\"code\":200}', 0, NULL, '2023-06-27 17:02:55', 132);
INSERT INTO `sys_oper_log` VALUES (207, '用户头像', 2, 'com.ruoyi.web.controller.system.SysProfileController.avatar()', 'POST', 1, 'yx', NULL, '/system/user/profile/avatar', '127.0.0.1', '内网IP', '', '{\"msg\":\"操作成功\",\"imgUrl\":\"/profile/avatar/2023/06/27/blob_20230627170332A002.png\",\"code\":200}', 0, NULL, '2023-06-27 17:03:31', 83);
INSERT INTO `sys_oper_log` VALUES (208, '用户头像', 2, 'com.ruoyi.web.controller.system.SysProfileController.avatar()', 'POST', 1, '123', NULL, '/system/user/profile/avatar', '127.0.0.1', '内网IP', '', '{\"msg\":\"操作成功\",\"imgUrl\":\"/profile/avatar/2023/06/27/blob_20230627170420A003.png\",\"code\":200}', 0, NULL, '2023-06-27 17:04:18', 78);
INSERT INTO `sys_oper_log` VALUES (209, '首页配置 ', 2, 'com.ruoyi.qwk.controller.HomepageConfigController.edit()', 'PUT', 1, 'admin', NULL, '/qwk/config', '127.0.0.1', '内网IP', '{\"classify\":1,\"creationTime\":\"2023-06-26\",\"displayLocation\":1,\"high\":\"1\",\"id\":1,\"imgUrl\":\"\",\"linkAddress\":\"1111\",\"params\":{},\"sort\":1,\"state\":0,\"updatedBy\":\"admin\",\"updatedTime\":\"2023-06-27\",\"wide\":\"1\"}', '{\"msg\":\"操作成功\",\"code\":200}', 0, NULL, '2023-06-27 17:07:25', 108);
INSERT INTO `sys_oper_log` VALUES (210, '首页配置 ', 2, 'com.ruoyi.qwk.controller.HomepageConfigController.edit()', 'PUT', 1, 'admin', NULL, '/qwk/config', '127.0.0.1', '内网IP', '{\"classify\":1,\"creationTime\":\"2023-06-26\",\"displayLocation\":1,\"high\":\"1\",\"id\":1,\"imgUrl\":\"/profile/upload/2023/06/27/2_20230627170734A004.jpg\",\"linkAddress\":\"1111\",\"params\":{},\"sort\":1,\"state\":0,\"updatedBy\":\"admin\",\"updatedTime\":\"2023-06-27\",\"wide\":\"1\"}', '{\"msg\":\"操作成功\",\"code\":200}', 0, NULL, '2023-06-27 17:07:36', 58);
INSERT INTO `sys_oper_log` VALUES (211, '首页配置 ', 2, 'com.ruoyi.qwk.controller.HomepageConfigController.edit()', 'PUT', 1, 'admin', NULL, '/qwk/config', '127.0.0.1', '内网IP', '{\"classify\":1,\"creationTime\":\"2023-06-26\",\"displayLocation\":1,\"high\":\"1\",\"id\":1,\"imgUrl\":\"/profile/upload/2023/06/27/1_20230627170751A006.jpg\",\"linkAddress\":\"1111\",\"params\":{},\"sort\":1,\"state\":0,\"updatedBy\":\"admin\",\"updatedTime\":\"2023-06-27\",\"wide\":\"1\"}', '{\"msg\":\"操作成功\",\"code\":200}', 0, NULL, '2023-06-27 17:07:51', 66);
INSERT INTO `sys_oper_log` VALUES (212, '首页配置 ', 2, 'com.ruoyi.qwk.controller.HomepageConfigController.edit()', 'PUT', 1, 'admin', NULL, '/qwk/config', '127.0.0.1', '内网IP', '{\"classify\":1,\"creationTime\":\"2023-06-26\",\"displayLocation\":1,\"high\":\"1\",\"id\":1,\"imgUrl\":\"\",\"linkAddress\":\"1111\",\"params\":{},\"sort\":1,\"state\":0,\"updatedBy\":\"admin\",\"updatedTime\":\"2023-06-27\",\"wide\":\"1\"}', '{\"msg\":\"操作成功\",\"code\":200}', 0, NULL, '2023-06-27 17:59:33', 80);
INSERT INTO `sys_oper_log` VALUES (213, '首页配置 ', 2, 'com.ruoyi.qwk.controller.HomepageConfigController.edit()', 'PUT', 1, 'admin', NULL, '/qwk/config', '127.0.0.1', '内网IP', '{\"classify\":1,\"creationTime\":\"2023-06-26\",\"displayLocation\":1,\"high\":\"1\",\"id\":1,\"imgUrl\":\"/profile/upload/2023/06/27/2_20230627180020A001.jpg\",\"linkAddress\":\"1111\",\"params\":{},\"sort\":1,\"state\":0,\"updatedBy\":\"admin\",\"updatedTime\":\"2023-06-27\",\"wide\":\"1\"}', '{\"msg\":\"操作成功\",\"code\":200}', 0, NULL, '2023-06-27 18:00:20', 73);
INSERT INTO `sys_oper_log` VALUES (214, '首页配置 ', 2, 'com.ruoyi.qwk.controller.HomepageConfigController.edit()', 'PUT', 1, 'admin', NULL, '/qwk/config', '127.0.0.1', '内网IP', '{\"classify\":1,\"creationTime\":\"2023-06-26\",\"displayLocation\":1,\"high\":\"1\",\"id\":1,\"imgUrl\":\"/profile/upload/2023/06/27/1_20230627180029A002.jpg\",\"linkAddress\":\"1111\",\"params\":{},\"sort\":1,\"state\":0,\"updatedBy\":\"admin\",\"updatedTime\":\"2023-06-27\",\"wide\":\"1\"}', '{\"msg\":\"操作成功\",\"code\":200}', 0, NULL, '2023-06-27 18:00:29', 73);
INSERT INTO `sys_oper_log` VALUES (215, '商品 ', 2, 'com.ruoyi.qwk.controller.GoodsController.edit()', 'PUT', 1, 'admin', NULL, '/qwk/goods', '127.0.0.1', '内网IP', '{\"costPrice\":\"60\",\"describe\":\"测试\",\"id\":1,\"image\":\"/profile/upload/2023/06/28/1_20230628102218A001.jpg\",\"inventory\":\"9\",\"name\":\"周黑鸭年货大礼包\",\"number\":\"123312\",\"pSId\":1,\"params\":{},\"platformPrice\":\"100\",\"soldQuantity\":\"1\",\"sort\":1,\"status\":\"1\",\"supplier\":\"周黑鸭\",\"type\":1}', '{\"msg\":\"操作成功\",\"code\":200}', 0, NULL, '2023-06-28 10:22:21', 535);
INSERT INTO `sys_oper_log` VALUES (216, '代码生成', 6, 'com.ruoyi.generator.controller.GenController.importTableSave()', 'POST', 1, 'admin', NULL, '/tool/gen/importTable', '127.0.0.1', '内网IP', '{\"tables\":\"product_specifications\"}', '{\"msg\":\"操作成功\",\"code\":200}', 0, NULL, '2023-06-28 10:27:31', 329);
INSERT INTO `sys_oper_log` VALUES (217, '代码生成', 2, 'com.ruoyi.generator.controller.GenController.editSave()', 'PUT', 1, 'admin', NULL, '/tool/gen', '127.0.0.1', '内网IP', '{\"businessName\":\"specifications\",\"className\":\"ProductSpecifications\",\"columns\":[{\"capJavaField\":\"Id\",\"columnComment\":\"id\",\"columnId\":73,\"columnName\":\"id\",\"columnType\":\"int\",\"createBy\":\"admin\",\"createTime\":\"2023-06-28 10:27:30\",\"dictType\":\"\",\"edit\":false,\"htmlType\":\"input\",\"increment\":true,\"insert\":true,\"isIncrement\":\"1\",\"isInsert\":\"1\",\"isPk\":\"1\",\"isQuery\":\"1\",\"javaField\":\"id\",\"javaType\":\"Long\",\"list\":false,\"params\":{},\"pk\":true,\"query\":true,\"queryType\":\"EQ\",\"required\":false,\"sort\":1,\"superColumn\":false,\"tableId\":6,\"updateBy\":\"\",\"usableColumn\":false},{\"capJavaField\":\"Name\",\"columnComment\":\"规格名称\",\"columnId\":74,\"columnName\":\"name\",\"columnType\":\"varchar(32)\",\"createBy\":\"admin\",\"createTime\":\"2023-06-28 10:27:30\",\"dictType\":\"\",\"edit\":true,\"htmlType\":\"input\",\"increment\":false,\"insert\":true,\"isEdit\":\"1\",\"isIncrement\":\"0\",\"isInsert\":\"1\",\"isList\":\"1\",\"isPk\":\"0\",\"isQuery\":\"1\",\"isRequired\":\"1\",\"javaField\":\"name\",\"javaType\":\"String\",\"list\":true,\"params\":{},\"pk\":false,\"query\":true,\"queryType\":\"LIKE\",\"required\":true,\"sort\":2,\"superColumn\":false,\"tableId\":6,\"updateBy\":\"\",\"usableColumn\":false},{\"capJavaField\":\"Value\",\"columnComment\":\"规格值\",\"columnId\":75,\"columnName\":\"value\",\"columnType\":\"varchar(3072)\",\"createBy\":\"admin\",\"createTime\":\"2023-06-28 10:27:30\",\"dictType\":\"\",\"edit\":true,\"htmlType\":\"textarea\",\"increment\":false,\"insert\":true,\"isEdit\":\"1\",\"isIncrement\":\"0\",\"isInsert\":\"1\",\"isList\":\"1\",\"isPk\":\"0\",\"isQuery\":\"1\",\"isRequired\":\"1\",\"javaField\":\"value\",\"javaType\":\"String\",\"list\":true,\"params\":{},\"pk\":false,\"query\":true,\"queryType\":\"EQ\",\"required\":true,\"sort\":3,\"superColumn\":false,\"tableId\":6,\"updateBy\":\"\",\"usableColumn\":false},{\"capJavaField\":\"CreatedTime\",\"columnComment\":\"创建时间\",\"columnId\":76,\"columnName\":\"CREATED_TIME\",\"columnType\":\"datetime\",\"createBy\":\"admin\",\"createTime\":\"2023-06-28 10:27:30\",\"dictType\":\"\",\"edit\":true,\"htmlType\":\"datetime\",\"increment\":false,\"insert\":true,\"isEdit\":\"1\",\"isIncrement\":\"0\",\"isInsert\":\"1\",\"isList\":\"1\",\"isPk\":\"0\",\"isQuery\":\"1\",\"javaField\":\"createdTime\",', '{\"msg\":\"操作成功\",\"code\":200}', 0, NULL, '2023-06-28 10:29:39', 161);
INSERT INTO `sys_oper_log` VALUES (218, '代码生成', 8, 'com.ruoyi.generator.controller.GenController.batchGenCode()', 'GET', 1, 'admin', NULL, '/tool/gen/batchGenCode', '127.0.0.1', '内网IP', '{\"tables\":\"product_specifications\"}', NULL, 0, NULL, '2023-06-28 10:29:47', 311);
INSERT INTO `sys_oper_log` VALUES (219, '代码生成', 3, 'com.ruoyi.generator.controller.GenController.remove()', 'DELETE', 1, 'admin', NULL, '/tool/gen/5', '127.0.0.1', '内网IP', '{}', '{\"msg\":\"操作成功\",\"code\":200}', 0, NULL, '2023-06-28 11:24:53', 114);
INSERT INTO `sys_oper_log` VALUES (220, '代码生成', 6, 'com.ruoyi.generator.controller.GenController.importTableSave()', 'POST', 1, 'admin', NULL, '/tool/gen/importTable', '127.0.0.1', '内网IP', '{\"tables\":\"goods\"}', '{\"msg\":\"操作成功\",\"code\":200}', 0, NULL, '2023-06-28 11:25:01', 292);
INSERT INTO `sys_oper_log` VALUES (221, '代码生成', 2, 'com.ruoyi.generator.controller.GenController.editSave()', 'PUT', 1, 'admin', NULL, '/tool/gen', '127.0.0.1', '内网IP', '{\"businessName\":\"goods\",\"className\":\"Goods\",\"columns\":[{\"capJavaField\":\"Id\",\"columnComment\":\"id\",\"columnId\":79,\"columnName\":\"id\",\"columnType\":\"int\",\"createBy\":\"admin\",\"createTime\":\"2023-06-28 11:25:01\",\"dictType\":\"\",\"edit\":false,\"htmlType\":\"input\",\"increment\":true,\"insert\":true,\"isIncrement\":\"1\",\"isInsert\":\"1\",\"isPk\":\"1\",\"javaField\":\"id\",\"javaType\":\"Long\",\"list\":false,\"params\":{},\"pk\":true,\"query\":false,\"queryType\":\"EQ\",\"required\":false,\"sort\":1,\"superColumn\":false,\"tableId\":7,\"updateBy\":\"\",\"usableColumn\":false},{\"capJavaField\":\"Type\",\"columnComment\":\"商品类型\",\"columnId\":80,\"columnName\":\"type\",\"columnType\":\"int\",\"createBy\":\"admin\",\"createTime\":\"2023-06-28 11:25:01\",\"dictType\":\"\",\"edit\":true,\"htmlType\":\"select\",\"increment\":false,\"insert\":true,\"isEdit\":\"1\",\"isIncrement\":\"0\",\"isInsert\":\"1\",\"isList\":\"1\",\"isPk\":\"0\",\"isQuery\":\"1\",\"isRequired\":\"1\",\"javaField\":\"type\",\"javaType\":\"Long\",\"list\":true,\"params\":{},\"pk\":false,\"query\":true,\"queryType\":\"EQ\",\"required\":true,\"sort\":2,\"superColumn\":false,\"tableId\":7,\"updateBy\":\"\",\"usableColumn\":false},{\"capJavaField\":\"Name\",\"columnComment\":\"商品名称\",\"columnId\":81,\"columnName\":\"name\",\"columnType\":\"varchar(64)\",\"createBy\":\"admin\",\"createTime\":\"2023-06-28 11:25:01\",\"dictType\":\"\",\"edit\":true,\"htmlType\":\"input\",\"increment\":false,\"insert\":true,\"isEdit\":\"1\",\"isIncrement\":\"0\",\"isInsert\":\"1\",\"isList\":\"1\",\"isPk\":\"0\",\"isQuery\":\"1\",\"isRequired\":\"1\",\"javaField\":\"name\",\"javaType\":\"String\",\"list\":true,\"params\":{},\"pk\":false,\"query\":true,\"queryType\":\"LIKE\",\"required\":true,\"sort\":3,\"superColumn\":false,\"tableId\":7,\"updateBy\":\"\",\"usableColumn\":false},{\"capJavaField\":\"Image\",\"columnComment\":\"商品图片\",\"columnId\":82,\"columnName\":\"image\",\"columnType\":\"varchar(1024)\",\"createBy\":\"admin\",\"createTime\":\"2023-06-28 11:25:01\",\"dictType\":\"\",\"edit\":true,\"htmlType\":\"imageUpload\",\"increment\":false,\"insert\":true,\"isEdit\":\"1\",\"isIncrement\":\"0\",\"isInsert\":\"1\",\"isList\":\"1\",\"isPk\":\"0\",\"isQuery\":\"1\",\"isRequired\":\"1\",\"javaField\":\"image\",\"javaType\":\"String\",\"list\":true,\"params\":{},\"pk\"', '{\"msg\":\"操作成功\",\"code\":200}', 0, NULL, '2023-06-28 11:27:01', 270);
INSERT INTO `sys_oper_log` VALUES (222, '菜单管理', 1, 'com.ruoyi.web.controller.system.SysMenuController.add()', 'POST', 1, 'admin', NULL, '/system/menu', '127.0.0.1', '内网IP', '{\"children\":[],\"component\":\"qwk/goods/goodsAdd\",\"createBy\":\"admin\",\"isCache\":\"0\",\"isFrame\":\"1\",\"menuName\":\"商品添加\",\"menuType\":\"C\",\"orderNum\":0,\"params\":{},\"parentId\":2013,\"path\":\"goodsAdd\",\"perms\":\"qwk:goods:goodsAdd\",\"status\":\"0\",\"visible\":\"0\"}', '{\"msg\":\"操作成功\",\"code\":200}', 0, NULL, '2023-06-28 11:48:04', 602);
INSERT INTO `sys_oper_log` VALUES (223, '菜单管理', 2, 'com.ruoyi.web.controller.system.SysMenuController.edit()', 'PUT', 1, 'admin', NULL, '/system/menu', '127.0.0.1', '内网IP', '{\"children\":[],\"component\":\"qwk/goods/goodsAdd\",\"createTime\":\"2023-06-28 11:48:03\",\"icon\":\"#\",\"isCache\":\"0\",\"isFrame\":\"1\",\"menuId\":2021,\"menuName\":\"商品添加\",\"menuType\":\"C\",\"orderNum\":0,\"params\":{},\"parentId\":2012,\"path\":\"goodsAdd\",\"perms\":\"qwk:goods:goodsAdd\",\"status\":\"0\",\"updateBy\":\"admin\",\"visible\":\"0\"}', '{\"msg\":\"操作成功\",\"code\":200}', 0, NULL, '2023-06-28 11:55:00', 85);
INSERT INTO `sys_oper_log` VALUES (224, '代码生成', 2, 'com.ruoyi.generator.controller.GenController.editSave()', 'PUT', 1, 'admin', NULL, '/tool/gen', '127.0.0.1', '内网IP', '{\"businessName\":\"goods\",\"className\":\"Goods\",\"columns\":[{\"capJavaField\":\"Id\",\"columnComment\":\"id\",\"columnId\":79,\"columnName\":\"id\",\"columnType\":\"int\",\"createBy\":\"admin\",\"createTime\":\"2023-06-28 11:25:01\",\"dictType\":\"\",\"edit\":false,\"htmlType\":\"input\",\"increment\":true,\"insert\":true,\"isIncrement\":\"1\",\"isInsert\":\"1\",\"isPk\":\"1\",\"javaField\":\"id\",\"javaType\":\"Long\",\"list\":false,\"params\":{},\"pk\":true,\"query\":false,\"queryType\":\"EQ\",\"required\":false,\"sort\":1,\"superColumn\":false,\"tableId\":7,\"updateBy\":\"\",\"updateTime\":\"2023-06-28 11:27:00\",\"usableColumn\":false},{\"capJavaField\":\"Type\",\"columnComment\":\"商品类型\",\"columnId\":80,\"columnName\":\"type\",\"columnType\":\"int\",\"createBy\":\"admin\",\"createTime\":\"2023-06-28 11:25:01\",\"dictType\":\"wtb_goods_type\",\"edit\":true,\"htmlType\":\"radio\",\"increment\":false,\"insert\":true,\"isEdit\":\"1\",\"isIncrement\":\"0\",\"isInsert\":\"1\",\"isList\":\"1\",\"isPk\":\"0\",\"isQuery\":\"1\",\"isRequired\":\"1\",\"javaField\":\"type\",\"javaType\":\"Long\",\"list\":true,\"params\":{},\"pk\":false,\"query\":true,\"queryType\":\"EQ\",\"required\":true,\"sort\":2,\"superColumn\":false,\"tableId\":7,\"updateBy\":\"\",\"updateTime\":\"2023-06-28 11:27:00\",\"usableColumn\":false},{\"capJavaField\":\"Name\",\"columnComment\":\"商品名称\",\"columnId\":81,\"columnName\":\"name\",\"columnType\":\"varchar(64)\",\"createBy\":\"admin\",\"createTime\":\"2023-06-28 11:25:01\",\"dictType\":\"\",\"edit\":true,\"htmlType\":\"input\",\"increment\":false,\"insert\":true,\"isEdit\":\"1\",\"isIncrement\":\"0\",\"isInsert\":\"1\",\"isList\":\"1\",\"isPk\":\"0\",\"isQuery\":\"1\",\"isRequired\":\"1\",\"javaField\":\"name\",\"javaType\":\"String\",\"list\":true,\"params\":{},\"pk\":false,\"query\":true,\"queryType\":\"LIKE\",\"required\":true,\"sort\":3,\"superColumn\":false,\"tableId\":7,\"updateBy\":\"\",\"updateTime\":\"2023-06-28 11:27:00\",\"usableColumn\":false},{\"capJavaField\":\"Image\",\"columnComment\":\"商品图片\",\"columnId\":82,\"columnName\":\"image\",\"columnType\":\"varchar(1024)\",\"createBy\":\"admin\",\"createTime\":\"2023-06-28 11:25:01\",\"dictType\":\"\",\"edit\":true,\"htmlType\":\"imageUpload\",\"increment\":false,\"insert\":true,\"isEdit\":\"1\",\"isIncrement\":\"0\",\"isInsert\":\"1\",\"isLi', '{\"msg\":\"操作成功\",\"code\":200}', 0, NULL, '2023-06-28 14:11:02', 265);
INSERT INTO `sys_oper_log` VALUES (225, '商品 ', 2, 'com.ruoyi.qwk.controller.GoodsController.updateGoodsList()', 'PUT', 1, 'admin', NULL, '/qwk/goods/updateGoodsList', '127.0.0.1', '内网IP', '[{\"id\":0,\"offShelfTime\":\"2023-06-28\",\"params\":{},\"status\":\"2\",\"updatedBy\":\"admin\",\"updatedTime\":\"2023-06-28\"}]', '{\"msg\":\"操作失败\",\"code\":500}', 0, NULL, '2023-06-28 16:00:38', 38);
INSERT INTO `sys_oper_log` VALUES (226, '商品 ', 2, 'com.ruoyi.qwk.controller.GoodsController.updateGoodsList()', 'PUT', 1, 'admin', NULL, '/qwk/goods/updateGoodsList', '127.0.0.1', '内网IP', '[{\"id\":0,\"offShelfTime\":\"2023-06-28\",\"params\":{},\"status\":\"2\",\"updatedBy\":\"admin\",\"updatedTime\":\"2023-06-28\"}]', '{\"msg\":\"操作失败\",\"code\":500}', 0, NULL, '2023-06-28 16:04:11', 94460);
INSERT INTO `sys_oper_log` VALUES (227, '商品 ', 2, 'com.ruoyi.qwk.controller.GoodsController.updateGoodsList()', 'PUT', 1, 'admin', NULL, '/qwk/goods/updateGoodsList', '127.0.0.1', '内网IP', '[{\"id\":1,\"offShelfTime\":\"2023-06-28\",\"params\":{},\"status\":\"2\",\"updatedBy\":\"admin\",\"updatedTime\":\"2023-06-28\"}]', '{\"msg\":\"操作成功\",\"code\":200}', 0, NULL, '2023-06-28 16:04:24', 71);
INSERT INTO `sys_oper_log` VALUES (228, '商品 ', 2, 'com.ruoyi.qwk.controller.GoodsController.updateGoodsList()', 'PUT', 1, 'admin', NULL, '/qwk/goods/updateGoodsList', '127.0.0.1', '内网IP', '[{\"id\":1,\"offShelfTime\":\"2023-06-28\",\"params\":{},\"status\":\"2\",\"updatedBy\":\"admin\",\"updatedTime\":\"2023-06-28\"}]', '{\"msg\":\"操作成功\",\"code\":200}', 0, NULL, '2023-06-28 16:11:05', 93);
INSERT INTO `sys_oper_log` VALUES (229, '商品 ', 2, 'com.ruoyi.qwk.controller.GoodsController.updateGoodsList()', 'PUT', 1, 'admin', NULL, '/qwk/goods/updateGoodsList', '127.0.0.1', '内网IP', '[{\"id\":1,\"listingTime\":\"2023-06-28\",\"params\":{},\"status\":\"1\",\"updatedBy\":\"admin\",\"updatedTime\":\"2023-06-28\"}]', '{\"msg\":\"操作成功\",\"code\":200}', 0, NULL, '2023-06-28 16:12:21', 73);
INSERT INTO `sys_oper_log` VALUES (230, '商品 ', 2, 'com.ruoyi.qwk.controller.GoodsController.updateGoodsList()', 'PUT', 1, 'admin', NULL, '/qwk/goods/updateGoodsList', '127.0.0.1', '内网IP', '[{\"id\":1,\"offShelfTime\":\"2023-06-28\",\"params\":{},\"status\":\"2\",\"updatedBy\":\"admin\",\"updatedTime\":\"2023-06-28\"}]', '{\"msg\":\"操作成功\",\"code\":200}', 0, NULL, '2023-06-28 16:12:29', 57);
INSERT INTO `sys_oper_log` VALUES (231, '菜单管理', 1, 'com.ruoyi.web.controller.system.SysMenuController.add()', 'POST', 1, 'admin', NULL, '/system/menu', '127.0.0.1', '内网IP', '{\"children\":[],\"createBy\":\"admin\",\"icon\":\"仓库_库存\",\"isCache\":\"0\",\"isFrame\":\"1\",\"menuName\":\"用户仓库\",\"menuType\":\"M\",\"orderNum\":5,\"params\":{},\"parentId\":0,\"path\":\"index\",\"status\":\"0\",\"visible\":\"0\"}', '{\"msg\":\"操作成功\",\"code\":200}', 0, NULL, '2023-06-28 16:35:30', 576);
INSERT INTO `sys_oper_log` VALUES (232, '代码生成', 6, 'com.ruoyi.generator.controller.GenController.importTableSave()', 'POST', 1, 'admin', NULL, '/tool/gen/importTable', '127.0.0.1', '内网IP', '{\"tables\":\"exchange_ratio\"}', '{\"msg\":\"操作成功\",\"code\":200}', 0, NULL, '2023-06-28 16:40:19', 426);
INSERT INTO `sys_oper_log` VALUES (233, '代码生成', 2, 'com.ruoyi.generator.controller.GenController.editSave()', 'PUT', 1, 'admin', NULL, '/tool/gen', '127.0.0.1', '内网IP', '{\"businessName\":\"ratio\",\"className\":\"ExchangeRatio\",\"columns\":[{\"capJavaField\":\"Id\",\"columnComment\":\"id\",\"columnId\":99,\"columnName\":\"id\",\"columnType\":\"int\",\"createBy\":\"admin\",\"createTime\":\"2023-06-28 16:40:19\",\"dictType\":\"\",\"edit\":false,\"htmlType\":\"input\",\"increment\":true,\"insert\":true,\"isIncrement\":\"1\",\"isInsert\":\"1\",\"isPk\":\"1\",\"isQuery\":\"1\",\"javaField\":\"id\",\"javaType\":\"Long\",\"list\":false,\"params\":{},\"pk\":true,\"query\":true,\"queryType\":\"EQ\",\"required\":false,\"sort\":1,\"superColumn\":false,\"tableId\":8,\"updateBy\":\"\",\"usableColumn\":false},{\"capJavaField\":\"GoodsProportion\",\"columnComment\":\"商品占比\",\"columnId\":100,\"columnName\":\"goods_proportion\",\"columnType\":\"int\",\"createBy\":\"admin\",\"createTime\":\"2023-06-28 16:40:19\",\"dictType\":\"\",\"edit\":true,\"htmlType\":\"input\",\"increment\":false,\"insert\":true,\"isEdit\":\"1\",\"isIncrement\":\"0\",\"isInsert\":\"1\",\"isList\":\"1\",\"isPk\":\"0\",\"isQuery\":\"1\",\"isRequired\":\"1\",\"javaField\":\"goodsProportion\",\"javaType\":\"Long\",\"list\":true,\"params\":{},\"pk\":false,\"query\":true,\"queryType\":\"EQ\",\"required\":true,\"sort\":2,\"superColumn\":false,\"tableId\":8,\"updateBy\":\"\",\"usableColumn\":false},{\"capJavaField\":\"IntegralProportion\",\"columnComment\":\"积分占比\",\"columnId\":101,\"columnName\":\"integral_proportion\",\"columnType\":\"int\",\"createBy\":\"admin\",\"createTime\":\"2023-06-28 16:40:19\",\"dictType\":\"\",\"edit\":true,\"htmlType\":\"input\",\"increment\":false,\"insert\":true,\"isEdit\":\"1\",\"isIncrement\":\"0\",\"isInsert\":\"1\",\"isList\":\"1\",\"isPk\":\"0\",\"isQuery\":\"1\",\"isRequired\":\"1\",\"javaField\":\"integralProportion\",\"javaType\":\"Long\",\"list\":true,\"params\":{},\"pk\":false,\"query\":true,\"queryType\":\"EQ\",\"required\":true,\"sort\":3,\"superColumn\":false,\"tableId\":8,\"updateBy\":\"\",\"usableColumn\":false},{\"capJavaField\":\"Applicable\",\"columnComment\":\"适用商品\",\"columnId\":102,\"columnName\":\"applicable\",\"columnType\":\"varchar(32)\",\"createBy\":\"admin\",\"createTime\":\"2023-06-28 16:40:19\",\"dictType\":\"\",\"edit\":true,\"htmlType\":\"input\",\"increment\":false,\"insert\":true,\"isEdit\":\"1\",\"isIncrement\":\"0\",\"isInsert\":\"1\",\"isList\":\"1\",\"isPk\":\"0\",\"isQuery\"', '{\"msg\":\"操作成功\",\"code\":200}', 0, NULL, '2023-06-28 16:45:28', 191);
INSERT INTO `sys_oper_log` VALUES (234, '字典类型', 1, 'com.ruoyi.web.controller.system.SysDictTypeController.add()', 'POST', 1, 'admin', NULL, '/system/dict/type', '127.0.0.1', '内网IP', '{\"createBy\":\"admin\",\"dictName\":\"适用商品\",\"dictType\":\"applicable\",\"params\":{},\"status\":\"0\"}', '{\"msg\":\"操作成功\",\"code\":200}', 0, NULL, '2023-06-28 16:46:21', 91);
INSERT INTO `sys_oper_log` VALUES (235, '字典类型', 2, 'com.ruoyi.web.controller.system.SysDictTypeController.edit()', 'PUT', 1, 'admin', NULL, '/system/dict/type', '127.0.0.1', '内网IP', '{\"createBy\":\"admin\",\"createTime\":\"2023-06-28 16:46:21\",\"dictId\":105,\"dictName\":\"适用商品\",\"dictType\":\"wtb_applicable\",\"params\":{},\"status\":\"0\",\"updateBy\":\"admin\"}', '{\"msg\":\"操作成功\",\"code\":200}', 0, NULL, '2023-06-28 16:46:42', 156);
INSERT INTO `sys_oper_log` VALUES (236, '字典数据', 1, 'com.ruoyi.web.controller.system.SysDictDataController.add()', 'POST', 1, 'admin', NULL, '/system/dict/data', '127.0.0.1', '内网IP', '{\"createBy\":\"admin\",\"default\":false,\"dictLabel\":\"全部商品\",\"dictSort\":1,\"dictType\":\"wtb_applicable\",\"dictValue\":\"0\",\"listClass\":\"success\",\"params\":{},\"status\":\"0\"}', '{\"msg\":\"操作成功\",\"code\":200}', 0, NULL, '2023-06-28 16:47:39', 97);
INSERT INTO `sys_oper_log` VALUES (237, '字典数据', 2, 'com.ruoyi.web.controller.system.SysDictDataController.edit()', 'PUT', 1, 'admin', NULL, '/system/dict/data', '127.0.0.1', '内网IP', '{\"createBy\":\"admin\",\"createTime\":\"2023-06-28 16:47:39\",\"default\":false,\"dictCode\":114,\"dictLabel\":\"全部商品\",\"dictSort\":1,\"dictType\":\"wtb_applicable\",\"dictValue\":\"0\",\"isDefault\":\"N\",\"listClass\":\"primary\",\"params\":{},\"status\":\"0\",\"updateBy\":\"admin\"}', '{\"msg\":\"操作成功\",\"code\":200}', 0, NULL, '2023-06-28 16:47:48', 69);
INSERT INTO `sys_oper_log` VALUES (238, '字典数据', 1, 'com.ruoyi.web.controller.system.SysDictDataController.add()', 'POST', 1, 'admin', NULL, '/system/dict/data', '127.0.0.1', '内网IP', '{\"createBy\":\"admin\",\"default\":false,\"dictLabel\":\"指定商品\",\"dictSort\":2,\"dictType\":\"wtb_applicable\",\"dictValue\":\"1\",\"listClass\":\"info\",\"params\":{},\"status\":\"0\"}', '{\"msg\":\"操作成功\",\"code\":200}', 0, NULL, '2023-06-28 16:48:17', 81);
INSERT INTO `sys_oper_log` VALUES (239, '代码生成', 2, 'com.ruoyi.generator.controller.GenController.editSave()', 'PUT', 1, 'admin', NULL, '/tool/gen', '127.0.0.1', '内网IP', '{\"businessName\":\"ratio\",\"className\":\"ExchangeRatio\",\"columns\":[{\"capJavaField\":\"Id\",\"columnComment\":\"id\",\"columnId\":99,\"columnName\":\"id\",\"columnType\":\"int\",\"createBy\":\"admin\",\"createTime\":\"2023-06-28 16:40:19\",\"dictType\":\"\",\"edit\":false,\"htmlType\":\"input\",\"increment\":true,\"insert\":true,\"isIncrement\":\"1\",\"isInsert\":\"1\",\"isPk\":\"1\",\"isQuery\":\"1\",\"javaField\":\"id\",\"javaType\":\"Long\",\"list\":false,\"params\":{},\"pk\":true,\"query\":true,\"queryType\":\"EQ\",\"required\":false,\"sort\":1,\"superColumn\":false,\"tableId\":8,\"updateBy\":\"\",\"updateTime\":\"2023-06-28 16:45:28\",\"usableColumn\":false},{\"capJavaField\":\"GoodsProportion\",\"columnComment\":\"商品占比\",\"columnId\":100,\"columnName\":\"goods_proportion\",\"columnType\":\"int\",\"createBy\":\"admin\",\"createTime\":\"2023-06-28 16:40:19\",\"dictType\":\"\",\"edit\":true,\"htmlType\":\"input\",\"increment\":false,\"insert\":true,\"isEdit\":\"1\",\"isIncrement\":\"0\",\"isInsert\":\"1\",\"isList\":\"1\",\"isPk\":\"0\",\"isQuery\":\"1\",\"isRequired\":\"1\",\"javaField\":\"goodsProportion\",\"javaType\":\"Long\",\"list\":true,\"params\":{},\"pk\":false,\"query\":true,\"queryType\":\"EQ\",\"required\":true,\"sort\":2,\"superColumn\":false,\"tableId\":8,\"updateBy\":\"\",\"updateTime\":\"2023-06-28 16:45:28\",\"usableColumn\":false},{\"capJavaField\":\"IntegralProportion\",\"columnComment\":\"积分占比\",\"columnId\":101,\"columnName\":\"integral_proportion\",\"columnType\":\"int\",\"createBy\":\"admin\",\"createTime\":\"2023-06-28 16:40:19\",\"dictType\":\"\",\"edit\":true,\"htmlType\":\"input\",\"increment\":false,\"insert\":true,\"isEdit\":\"1\",\"isIncrement\":\"0\",\"isInsert\":\"1\",\"isList\":\"1\",\"isPk\":\"0\",\"isQuery\":\"1\",\"isRequired\":\"1\",\"javaField\":\"integralProportion\",\"javaType\":\"Long\",\"list\":true,\"params\":{},\"pk\":false,\"query\":true,\"queryType\":\"EQ\",\"required\":true,\"sort\":3,\"superColumn\":false,\"tableId\":8,\"updateBy\":\"\",\"updateTime\":\"2023-06-28 16:45:28\",\"usableColumn\":false},{\"capJavaField\":\"Applicable\",\"columnComment\":\"适用商品\",\"columnId\":102,\"columnName\":\"applicable\",\"columnType\":\"varchar(32)\",\"createBy\":\"admin\",\"createTime\":\"2023-06-28 16:40:19\",\"dictType\":\"wtb_applicable\",\"edit\":true,\"htmlType\":', '{\"msg\":\"操作成功\",\"code\":200}', 0, NULL, '2023-06-28 16:49:49', 308);
INSERT INTO `sys_oper_log` VALUES (240, '代码生成', 8, 'com.ruoyi.generator.controller.GenController.batchGenCode()', 'GET', 1, 'admin', NULL, '/tool/gen/batchGenCode', '127.0.0.1', '内网IP', '{\"tables\":\"exchange_ratio\"}', NULL, 0, NULL, '2023-06-28 16:49:52', 209);
INSERT INTO `sys_oper_log` VALUES (241, '菜单管理', 2, 'com.ruoyi.web.controller.system.SysMenuController.edit()', 'PUT', 1, 'admin', NULL, '/system/menu', '127.0.0.1', '内网IP', '{\"children\":[],\"component\":\"qwk/ratio/index\",\"createTime\":\"2023-06-28 16:51:50\",\"icon\":\"#\",\"isCache\":\"0\",\"isFrame\":\"1\",\"menuId\":2023,\"menuName\":\"积分兑换设置\",\"menuType\":\"C\",\"orderNum\":1,\"params\":{},\"parentId\":2022,\"path\":\"ratio\",\"perms\":\"qwk:ratio:list\",\"status\":\"0\",\"updateBy\":\"admin\",\"visible\":\"0\"}', '{\"msg\":\"操作成功\",\"code\":200}', 0, NULL, '2023-06-28 17:00:03', 111);
INSERT INTO `sys_oper_log` VALUES (242, '积分兑换比例设置', 1, 'com.ruoyi.qwk.controller.ExchangeRatioController.add()', 'POST', 1, 'admin', NULL, '/qwk/ratio', '127.0.0.1', '内网IP', '{\"applicable\":\"0\",\"goodsProportion\":1,\"id\":1,\"integralProportion\":1,\"params\":{}}', '{\"msg\":\"操作成功\",\"code\":200}', 0, NULL, '2023-06-28 17:04:21', 84);
INSERT INTO `sys_oper_log` VALUES (243, '积分兑换比例设置', 2, 'com.ruoyi.qwk.controller.ExchangeRatioController.edit()', 'PUT', 1, 'admin', NULL, '/qwk/ratio', '127.0.0.1', '内网IP', '{\"enableOrNot\":0,\"id\":1,\"params\":{}}', '{\"msg\":\"操作成功\",\"code\":200}', 0, NULL, '2023-06-28 17:18:13', 16);
INSERT INTO `sys_oper_log` VALUES (244, '积分兑换比例设置', 2, 'com.ruoyi.qwk.controller.ExchangeRatioController.edit()', 'PUT', 1, 'admin', NULL, '/qwk/ratio', '127.0.0.1', '内网IP', '{\"enableOrNot\":0,\"id\":1,\"params\":{}}', '{\"msg\":\"操作成功\",\"code\":200}', 0, NULL, '2023-06-28 17:18:32', 11);
INSERT INTO `sys_oper_log` VALUES (245, '积分兑换比例设置', 2, 'com.ruoyi.qwk.controller.ExchangeRatioController.edit()', 'PUT', 1, 'admin', NULL, '/qwk/ratio', '127.0.0.1', '内网IP', '{\"enableOrNot\":0,\"id\":1,\"params\":{}}', '{\"msg\":\"操作成功\",\"code\":200}', 0, NULL, '2023-06-28 17:18:38', 14);
INSERT INTO `sys_oper_log` VALUES (246, '积分兑换比例设置', 2, 'com.ruoyi.qwk.controller.ExchangeRatioController.edit()', 'PUT', 1, 'admin', NULL, '/qwk/ratio', '127.0.0.1', '内网IP', '{\"enableOrNot\":0,\"id\":1,\"params\":{}}', '{\"msg\":\"操作成功\",\"code\":200}', 0, NULL, '2023-06-28 17:18:41', 16);
INSERT INTO `sys_oper_log` VALUES (247, '积分兑换比例设置', 2, 'com.ruoyi.qwk.controller.ExchangeRatioController.edit()', 'PUT', 1, 'admin', NULL, '/qwk/ratio', '127.0.0.1', '内网IP', '{\"enableOrNot\":0,\"id\":1,\"params\":{}}', '{\"msg\":\"操作成功\",\"code\":200}', 0, NULL, '2023-06-28 17:20:44', 12);
INSERT INTO `sys_oper_log` VALUES (248, '积分兑换比例设置', 2, 'com.ruoyi.qwk.controller.ExchangeRatioController.edit()', 'PUT', 1, 'admin', NULL, '/qwk/ratio', '127.0.0.1', '内网IP', '{\"enableOrNot\":0,\"id\":1,\"params\":{}}', '{\"msg\":\"操作成功\",\"code\":200}', 0, NULL, '2023-06-28 17:20:54', 8);
INSERT INTO `sys_oper_log` VALUES (249, '积分兑换比例设置', 2, 'com.ruoyi.qwk.controller.ExchangeRatioController.edit()', 'PUT', 1, 'admin', NULL, '/qwk/ratio', '127.0.0.1', '内网IP', '{\"enableOrNot\":0,\"id\":1,\"params\":{}}', '{\"msg\":\"操作成功\",\"code\":200}', 0, NULL, '2023-06-28 17:22:02', 11);
INSERT INTO `sys_oper_log` VALUES (250, '积分兑换比例设置', 2, 'com.ruoyi.qwk.controller.ExchangeRatioController.edit()', 'PUT', 1, 'admin', NULL, '/qwk/ratio', '127.0.0.1', '内网IP', '{\"enableOrNot\":0,\"id\":1,\"params\":{}}', '{\"msg\":\"操作成功\",\"code\":200}', 0, NULL, '2023-06-28 17:22:24', 10);
INSERT INTO `sys_oper_log` VALUES (251, '积分兑换比例设置', 2, 'com.ruoyi.qwk.controller.ExchangeRatioController.edit()', 'PUT', 1, 'admin', NULL, '/qwk/ratio', '127.0.0.1', '内网IP', '{\"enableOrNot\":0,\"id\":1,\"params\":{}}', '{\"msg\":\"操作成功\",\"code\":200}', 0, NULL, '2023-06-28 17:22:43', 9);
INSERT INTO `sys_oper_log` VALUES (252, '积分兑换比例设置', 2, 'com.ruoyi.qwk.controller.ExchangeRatioController.edit()', 'PUT', 1, 'admin', NULL, '/qwk/ratio', '127.0.0.1', '内网IP', '{\"enableOrNot\":0,\"id\":1,\"params\":{}}', '{\"msg\":\"操作成功\",\"code\":200}', 0, NULL, '2023-06-28 17:23:18', 13);
INSERT INTO `sys_oper_log` VALUES (253, '积分兑换比例设置', 2, 'com.ruoyi.qwk.controller.ExchangeRatioController.edit()', 'PUT', 1, 'admin', NULL, '/qwk/ratio', '127.0.0.1', '内网IP', '{\"enableOrNot\":0,\"id\":1,\"params\":{}}', '{\"msg\":\"操作成功\",\"code\":200}', 0, NULL, '2023-06-28 17:28:52', 12);
INSERT INTO `sys_oper_log` VALUES (254, '积分兑换比例设置', 2, 'com.ruoyi.qwk.controller.ExchangeRatioController.edit()', 'PUT', 1, 'admin', NULL, '/qwk/ratio', '127.0.0.1', '内网IP', '{\"applicable\":\"0\",\"enableOrNot\":0,\"goodsProportion\":1,\"id\":1,\"integralProportion\":1,\"params\":{}}', '{\"msg\":\"操作成功\",\"code\":200}', 0, NULL, '2023-06-28 17:29:33', 15);
INSERT INTO `sys_oper_log` VALUES (255, '积分兑换比例设置', 2, 'com.ruoyi.qwk.controller.ExchangeRatioController.edit()', 'PUT', 1, 'admin', NULL, '/qwk/ratio', '127.0.0.1', '内网IP', '{\"applicable\":\"0\",\"enableOrNot\":1,\"goodsProportion\":1,\"id\":1,\"integralProportion\":1,\"params\":{}}', '{\"msg\":\"操作成功\",\"code\":200}', 0, NULL, '2023-06-28 17:31:17', 71);
INSERT INTO `sys_oper_log` VALUES (256, '积分兑换比例设置', 2, 'com.ruoyi.qwk.controller.ExchangeRatioController.edit()', 'PUT', 1, 'admin', NULL, '/qwk/ratio', '127.0.0.1', '内网IP', '{\"applicable\":\"0\",\"enableOrNot\":0,\"goodsProportion\":1,\"id\":1,\"integralProportion\":1,\"params\":{}}', '{\"msg\":\"操作成功\",\"code\":200}', 0, NULL, '2023-06-28 17:31:20', 70);
INSERT INTO `sys_oper_log` VALUES (257, '积分兑换比例设置', 2, 'com.ruoyi.qwk.controller.ExchangeRatioController.edit()', 'PUT', 1, 'admin', NULL, '/qwk/ratio', '127.0.0.1', '内网IP', '{\"applicable\":\"0\",\"enableOrNot\":1,\"goodsProportion\":1,\"id\":1,\"integralProportion\":1,\"params\":{}}', '{\"msg\":\"操作成功\",\"code\":200}', 0, NULL, '2023-06-28 17:31:22', 69);
INSERT INTO `sys_oper_log` VALUES (258, '积分兑换比例设置', 2, 'com.ruoyi.qwk.controller.ExchangeRatioController.edit()', 'PUT', 1, 'admin', NULL, '/qwk/ratio', '127.0.0.1', '内网IP', '{\"applicable\":\"0\",\"enableOrNot\":0,\"goodsProportion\":1,\"id\":1,\"integralProportion\":1,\"params\":{}}', '{\"msg\":\"操作成功\",\"code\":200}', 0, NULL, '2023-06-28 17:31:23', 66);
INSERT INTO `sys_oper_log` VALUES (259, '积分兑换比例设置', 2, 'com.ruoyi.qwk.controller.ExchangeRatioController.edit()', 'PUT', 1, 'admin', NULL, '/qwk/ratio', '127.0.0.1', '内网IP', '{\"applicable\":\"0\",\"enableOrNot\":1,\"goodsProportion\":1,\"id\":1,\"integralProportion\":1,\"params\":{}}', '{\"msg\":\"操作成功\",\"code\":200}', 0, NULL, '2023-06-28 17:31:26', 148);
INSERT INTO `sys_oper_log` VALUES (260, '积分兑换比例设置', 2, 'com.ruoyi.qwk.controller.ExchangeRatioController.edit()', 'PUT', 1, 'admin', NULL, '/qwk/ratio', '127.0.0.1', '内网IP', '{\"applicable\":\"0\",\"enableOrNot\":0,\"goodsProportion\":1,\"id\":1,\"integralProportion\":1,\"params\":{}}', '{\"msg\":\"操作成功\",\"code\":200}', 0, NULL, '2023-06-28 17:31:27', 62);
INSERT INTO `sys_oper_log` VALUES (261, '积分兑换比例设置', 2, 'com.ruoyi.qwk.controller.ExchangeRatioController.edit()', 'PUT', 1, 'admin', NULL, '/qwk/ratio', '127.0.0.1', '内网IP', '{\"applicable\":\"0\",\"enableOrNot\":0,\"goodsProportion\":1,\"id\":1,\"integralProportion\":1,\"params\":{}}', '{\"msg\":\"操作成功\",\"code\":200}', 0, NULL, '2023-06-28 17:36:29', 13);
INSERT INTO `sys_oper_log` VALUES (262, '积分兑换比例设置', 2, 'com.ruoyi.qwk.controller.ExchangeRatioController.edit()', 'PUT', 1, 'admin', NULL, '/qwk/ratio', '127.0.0.1', '内网IP', '{\"applicable\":\"0\",\"enableOrNot\":1,\"goodsProportion\":1,\"id\":1,\"integralProportion\":1,\"params\":{}}', '{\"msg\":\"操作成功\",\"code\":200}', 0, NULL, '2023-06-28 17:37:50', 63);
INSERT INTO `sys_oper_log` VALUES (263, '积分兑换比例设置', 2, 'com.ruoyi.qwk.controller.ExchangeRatioController.edit()', 'PUT', 1, 'admin', NULL, '/qwk/ratio', '127.0.0.1', '内网IP', '{\"applicable\":\"0\",\"enableOrNot\":0,\"goodsProportion\":1,\"id\":1,\"integralProportion\":1,\"params\":{}}', '{\"msg\":\"操作成功\",\"code\":200}', 0, NULL, '2023-06-28 17:38:58', 77);
INSERT INTO `sys_oper_log` VALUES (264, '积分兑换比例设置', 2, 'com.ruoyi.qwk.controller.ExchangeRatioController.edit()', 'PUT', 1, 'admin', NULL, '/qwk/ratio', '127.0.0.1', '内网IP', '{\"applicable\":\"0\",\"enableOrNot\":0,\"goodsProportion\":1,\"id\":1,\"integralProportion\":1,\"params\":{}}', '{\"msg\":\"操作成功\",\"code\":200}', 0, NULL, '2023-06-28 17:39:00', 11);
INSERT INTO `sys_oper_log` VALUES (265, '积分兑换比例设置', 2, 'com.ruoyi.qwk.controller.ExchangeRatioController.edit()', 'PUT', 1, 'admin', NULL, '/qwk/ratio', '127.0.0.1', '内网IP', '{\"applicable\":\"0\",\"enableOrNot\":0,\"goodsProportion\":1,\"id\":1,\"integralProportion\":1,\"params\":{}}', '{\"msg\":\"操作成功\",\"code\":200}', 0, NULL, '2023-06-28 17:39:03', 12);
INSERT INTO `sys_oper_log` VALUES (266, '积分兑换比例设置', 2, 'com.ruoyi.qwk.controller.ExchangeRatioController.edit()', 'PUT', 1, 'admin', NULL, '/qwk/ratio', '127.0.0.1', '内网IP', '{\"applicable\":\"0\",\"enableOrNot\":0,\"goodsProportion\":1,\"id\":1,\"integralProportion\":1,\"params\":{}}', '{\"msg\":\"操作成功\",\"code\":200}', 0, NULL, '2023-06-28 17:39:08', 11);
INSERT INTO `sys_oper_log` VALUES (267, '积分兑换比例设置', 2, 'com.ruoyi.qwk.controller.ExchangeRatioController.edit()', 'PUT', 1, 'admin', NULL, '/qwk/ratio', '127.0.0.1', '内网IP', '{\"applicable\":\"0\",\"enableOrNot\":0,\"goodsProportion\":1,\"id\":1,\"integralProportion\":1,\"params\":{}}', '{\"msg\":\"操作成功\",\"code\":200}', 0, NULL, '2023-06-28 17:40:53', 14);
INSERT INTO `sys_oper_log` VALUES (268, '积分兑换比例设置', 2, 'com.ruoyi.qwk.controller.ExchangeRatioController.edit()', 'PUT', 1, 'admin', NULL, '/qwk/ratio', '127.0.0.1', '内网IP', '{\"applicable\":\"0\",\"enableOrNot\":0,\"goodsProportion\":1,\"id\":1,\"integralProportion\":1,\"params\":{}}', '{\"msg\":\"操作成功\",\"code\":200}', 0, NULL, '2023-06-28 17:41:14', 12);
INSERT INTO `sys_oper_log` VALUES (269, '积分兑换比例设置', 2, 'com.ruoyi.qwk.controller.ExchangeRatioController.edit()', 'PUT', 1, 'admin', NULL, '/qwk/ratio', '127.0.0.1', '内网IP', '{\"applicable\":\"0\",\"enableOrNot\":0,\"goodsProportion\":1,\"id\":1,\"integralProportion\":1,\"params\":{}}', '{\"msg\":\"操作成功\",\"code\":200}', 0, NULL, '2023-06-28 17:41:35', 10);
INSERT INTO `sys_oper_log` VALUES (270, '积分兑换比例设置', 2, 'com.ruoyi.qwk.controller.ExchangeRatioController.edit()', 'PUT', 1, 'admin', NULL, '/qwk/ratio', '127.0.0.1', '内网IP', '{\"applicable\":\"0\",\"enableOrNot\":0,\"goodsProportion\":1,\"id\":1,\"integralProportion\":1,\"params\":{}}', '{\"msg\":\"操作成功\",\"code\":200}', 0, NULL, '2023-06-28 17:41:46', 7);
INSERT INTO `sys_oper_log` VALUES (271, '积分兑换比例设置', 2, 'com.ruoyi.qwk.controller.ExchangeRatioController.edit()', 'PUT', 1, 'admin', NULL, '/qwk/ratio', '127.0.0.1', '内网IP', '{\"applicable\":\"0\",\"enableOrNot\":0,\"goodsProportion\":1,\"id\":1,\"integralProportion\":1,\"params\":{}}', '{\"msg\":\"操作成功\",\"code\":200}', 0, NULL, '2023-06-28 17:52:27', 12);
INSERT INTO `sys_oper_log` VALUES (272, '积分兑换比例设置', 2, 'com.ruoyi.qwk.controller.ExchangeRatioController.edit()', 'PUT', 1, 'admin', NULL, '/qwk/ratio', '127.0.0.1', '内网IP', '{\"applicable\":\"0\",\"enableOrNot\":1,\"goodsProportion\":1,\"id\":1,\"integralProportion\":1,\"params\":{}}', '{\"msg\":\"操作成功\",\"code\":200}', 0, NULL, '2023-06-28 17:53:30', 74);
INSERT INTO `sys_oper_log` VALUES (273, '积分兑换比例设置', 2, 'com.ruoyi.qwk.controller.ExchangeRatioController.edit()', 'PUT', 1, 'admin', NULL, '/qwk/ratio', '127.0.0.1', '内网IP', '{\"applicable\":\"0\",\"enableOrNot\":1,\"goodsProportion\":1,\"id\":1,\"integralProportion\":1,\"params\":{}}', '{\"msg\":\"操作成功\",\"code\":200}', 0, NULL, '2023-06-28 17:56:12', 13);
INSERT INTO `sys_oper_log` VALUES (274, '积分兑换比例设置', 2, 'com.ruoyi.qwk.controller.ExchangeRatioController.edit()', 'PUT', 1, 'admin', NULL, '/qwk/ratio', '127.0.0.1', '内网IP', '{\"applicable\":\"0\",\"enableOrNot\":1,\"goodsProportion\":1,\"id\":1,\"integralProportion\":1,\"params\":{}}', '{\"msg\":\"操作成功\",\"code\":200}', 0, NULL, '2023-06-28 17:56:18', 14);
INSERT INTO `sys_oper_log` VALUES (275, '积分兑换比例设置', 2, 'com.ruoyi.qwk.controller.ExchangeRatioController.edit()', 'PUT', 1, 'admin', NULL, '/qwk/ratio', '127.0.0.1', '内网IP', '{\"applicable\":\"0\",\"enableOrNot\":1,\"goodsProportion\":1,\"id\":1,\"integralProportion\":1,\"params\":{}}', '{\"msg\":\"操作成功\",\"code\":200}', 0, NULL, '2023-06-28 17:56:33', 10);
INSERT INTO `sys_oper_log` VALUES (276, '积分兑换比例设置', 2, 'com.ruoyi.qwk.controller.ExchangeRatioController.edit()', 'PUT', 1, 'admin', NULL, '/qwk/ratio', '127.0.0.1', '内网IP', '{\"applicable\":\"0\",\"enableOrNot\":1,\"goodsProportion\":1,\"id\":1,\"integralProportion\":1,\"params\":{}}', '{\"msg\":\"操作成功\",\"code\":200}', 0, NULL, '2023-06-28 17:57:01', 10);
INSERT INTO `sys_oper_log` VALUES (277, '积分兑换比例设置', 2, 'com.ruoyi.qwk.controller.ExchangeRatioController.edit()', 'PUT', 1, 'admin', NULL, '/qwk/ratio', '127.0.0.1', '内网IP', '{\"applicable\":\"0\",\"enableOrNot\":0,\"goodsProportion\":1,\"id\":1,\"integralProportion\":1,\"params\":{}}', '{\"msg\":\"操作成功\",\"code\":200}', 0, NULL, '2023-06-28 17:58:42', 73);
INSERT INTO `sys_oper_log` VALUES (278, '积分兑换比例设置', 2, 'com.ruoyi.qwk.controller.ExchangeRatioController.edit()', 'PUT', 1, 'admin', NULL, '/qwk/ratio', '127.0.0.1', '内网IP', '{\"applicable\":\"0\",\"enableOrNot\":0,\"goodsProportion\":1,\"id\":1,\"integralProportion\":1,\"params\":{}}', '{\"msg\":\"操作成功\",\"code\":200}', 0, NULL, '2023-06-28 18:00:17', 10);
INSERT INTO `sys_oper_log` VALUES (279, '积分兑换比例设置', 2, 'com.ruoyi.qwk.controller.ExchangeRatioController.edit()', 'PUT', 1, 'admin', NULL, '/qwk/ratio', '127.0.0.1', '内网IP', '{\"applicable\":\"0\",\"enableOrNot\":0,\"goodsProportion\":1,\"id\":1,\"integralProportion\":1,\"params\":{}}', '{\"msg\":\"操作成功\",\"code\":200}', 0, NULL, '2023-06-28 18:00:54', 13);
INSERT INTO `sys_oper_log` VALUES (280, '积分兑换比例设置', 2, 'com.ruoyi.qwk.controller.ExchangeRatioController.edit()', 'PUT', 1, 'admin', NULL, '/qwk/ratio', '127.0.0.1', '内网IP', '{\"applicable\":\"0\",\"enableOrNot\":0,\"goodsProportion\":1,\"id\":1,\"integralProportion\":1,\"params\":{}}', '{\"msg\":\"操作成功\",\"code\":200}', 0, NULL, '2023-06-28 18:02:51', 73);
INSERT INTO `sys_oper_log` VALUES (281, '积分兑换比例设置', 2, 'com.ruoyi.qwk.controller.ExchangeRatioController.edit()', 'PUT', 1, 'admin', NULL, '/qwk/ratio', '127.0.0.1', '内网IP', '{\"applicable\":\"0\",\"enableOrNot\":0,\"goodsProportion\":1,\"id\":1,\"integralProportion\":1,\"params\":{}}', '{\"msg\":\"操作成功\",\"code\":200}', 0, NULL, '2023-06-28 18:03:56', 142);
INSERT INTO `sys_oper_log` VALUES (282, '积分兑换比例设置', 2, 'com.ruoyi.qwk.controller.ExchangeRatioController.edit()', 'PUT', 1, 'admin', NULL, '/qwk/ratio', '127.0.0.1', '内网IP', '{\"applicable\":\"0\",\"enableOrNot\":0,\"goodsProportion\":1,\"id\":1,\"integralProportion\":1,\"params\":{}}', '{\"msg\":\"操作成功\",\"code\":200}', 0, NULL, '2023-06-29 09:14:02', 79);
INSERT INTO `sys_oper_log` VALUES (283, '积分兑换比例设置', 2, 'com.ruoyi.qwk.controller.ExchangeRatioController.edit()', 'PUT', 1, 'admin', NULL, '/qwk/ratio', '127.0.0.1', '内网IP', '{\"applicable\":\"0\",\"enableOrNot\":0,\"goodsProportion\":1,\"id\":1,\"integralProportion\":1,\"params\":{}}', '{\"msg\":\"操作成功\",\"code\":200}', 0, NULL, '2023-06-29 09:14:42', 10);
INSERT INTO `sys_oper_log` VALUES (284, '积分兑换比例设置', 2, 'com.ruoyi.qwk.controller.ExchangeRatioController.edit()', 'PUT', 1, 'admin', NULL, '/qwk/ratio', '127.0.0.1', '内网IP', '{\"applicable\":\"0\",\"enableOrNot\":0,\"goodsProportion\":1,\"id\":1,\"integralProportion\":1,\"params\":{}}', '{\"msg\":\"操作成功\",\"code\":200}', 0, NULL, '2023-06-29 09:16:51', 15);
INSERT INTO `sys_oper_log` VALUES (285, '积分兑换比例设置', 2, 'com.ruoyi.qwk.controller.ExchangeRatioController.edit()', 'PUT', 1, 'admin', NULL, '/qwk/ratio', '127.0.0.1', '内网IP', '{\"applicable\":\"0\",\"enableOrNot\":0,\"goodsProportion\":1,\"id\":1,\"integralProportion\":1,\"params\":{}}', '{\"msg\":\"操作成功\",\"code\":200}', 0, NULL, '2023-06-29 09:17:19', 15);
INSERT INTO `sys_oper_log` VALUES (286, '积分兑换比例设置', 2, 'com.ruoyi.qwk.controller.ExchangeRatioController.edit()', 'PUT', 1, 'admin', NULL, '/qwk/ratio', '127.0.0.1', '内网IP', '{\"applicable\":\"0\",\"enableOrNot\":0,\"goodsProportion\":1,\"id\":1,\"integralProportion\":1,\"params\":{}}', '{\"msg\":\"操作成功\",\"code\":200}', 0, NULL, '2023-06-29 09:18:54', 14);
INSERT INTO `sys_oper_log` VALUES (287, '积分兑换比例设置', 2, 'com.ruoyi.qwk.controller.ExchangeRatioController.edit()', 'PUT', 1, 'admin', NULL, '/qwk/ratio', '127.0.0.1', '内网IP', '{\"applicable\":\"0\",\"enableOrNot\":0,\"goodsProportion\":1,\"id\":1,\"integralProportion\":1,\"params\":{}}', '{\"msg\":\"操作成功\",\"code\":200}', 0, NULL, '2023-06-29 09:19:34', 0);
INSERT INTO `sys_oper_log` VALUES (288, '积分兑换比例设置', 2, 'com.ruoyi.qwk.controller.ExchangeRatioController.edit()', 'PUT', 1, 'admin', NULL, '/qwk/ratio', '127.0.0.1', '内网IP', '{\"applicable\":\"0\",\"enableOrNot\":0,\"goodsProportion\":1,\"id\":1,\"integralProportion\":1,\"params\":{}}', '{\"msg\":\"操作成功\",\"code\":200}', 0, NULL, '2023-06-29 09:19:44', 16);
INSERT INTO `sys_oper_log` VALUES (289, '菜单管理', 2, 'com.ruoyi.web.controller.system.SysMenuController.edit()', 'PUT', 1, 'admin', NULL, '/system/menu', '127.0.0.1', '内网IP', '{\"children\":[],\"createTime\":\"2023-06-28 16:35:29\",\"icon\":\"仓库_库存\",\"isCache\":\"0\",\"isFrame\":\"1\",\"menuId\":2022,\"menuName\":\"用户仓库\",\"menuType\":\"M\",\"orderNum\":5,\"params\":{},\"parentId\":0,\"path\":\"warehouse\",\"perms\":\"\",\"status\":\"0\",\"updateBy\":\"admin\",\"visible\":\"0\"}', '{\"msg\":\"操作成功\",\"code\":200}', 0, NULL, '2023-06-29 09:20:47', 93);
INSERT INTO `sys_oper_log` VALUES (290, '积分兑换比例设置', 2, 'com.ruoyi.qwk.controller.ExchangeRatioController.edit()', 'PUT', 1, 'admin', NULL, '/qwk/ratio', '127.0.0.1', '内网IP', '{\"applicable\":\"0\",\"enableOrNot\":0,\"goodsProportion\":1,\"id\":1,\"integralProportion\":1,\"params\":{}}', '{\"msg\":\"操作成功\",\"code\":200}', 0, NULL, '2023-06-29 09:21:00', 16);
INSERT INTO `sys_oper_log` VALUES (291, '积分兑换比例设置', 2, 'com.ruoyi.qwk.controller.ExchangeRatioController.edit()', 'PUT', 1, 'admin', NULL, '/qwk/ratio', '127.0.0.1', '内网IP', '{\"applicable\":\"0\",\"enableOrNot\":0,\"goodsProportion\":1,\"id\":1,\"integralProportion\":1,\"params\":{}}', '{\"msg\":\"操作成功\",\"code\":200}', 0, NULL, '2023-06-29 09:23:38', 20);
INSERT INTO `sys_oper_log` VALUES (292, '积分兑换比例设置', 2, 'com.ruoyi.qwk.controller.ExchangeRatioController.edit()', 'PUT', 1, 'admin', NULL, '/qwk/ratio', '127.0.0.1', '内网IP', '{\"applicable\":\"0\",\"enableOrNot\":0,\"goodsProportion\":1,\"id\":1,\"integralProportion\":1,\"params\":{}}', '{\"msg\":\"操作成功\",\"code\":200}', 0, NULL, '2023-06-29 09:27:24', 15);
INSERT INTO `sys_oper_log` VALUES (293, '积分兑换比例设置', 2, 'com.ruoyi.qwk.controller.ExchangeRatioController.edit()', 'PUT', 1, 'admin', NULL, '/qwk/ratio', '127.0.0.1', '内网IP', '{\"applicable\":\"0\",\"enableOrNot\":0,\"goodsProportion\":1,\"id\":1,\"integralProportion\":1,\"params\":{}}', '{\"msg\":\"操作成功\",\"code\":200}', 0, NULL, '2023-06-29 09:28:09', 14);
INSERT INTO `sys_oper_log` VALUES (294, '积分兑换比例设置', 2, 'com.ruoyi.qwk.controller.ExchangeRatioController.edit()', 'PUT', 1, 'admin', NULL, '/qwk/ratio', '127.0.0.1', '内网IP', '{\"applicable\":\"0\",\"enableOrNot\":1,\"goodsProportion\":1,\"id\":1,\"integralProportion\":1,\"params\":{}}', '{\"msg\":\"操作成功\",\"code\":200}', 0, NULL, '2023-06-29 09:28:45', 72);
INSERT INTO `sys_oper_log` VALUES (295, '积分兑换比例设置', 2, 'com.ruoyi.qwk.controller.ExchangeRatioController.edit()', 'PUT', 1, 'admin', NULL, '/qwk/ratio', '127.0.0.1', '内网IP', '{\"applicable\":\"0\",\"enableOrNot\":1,\"goodsProportion\":1,\"id\":1,\"integralProportion\":1,\"params\":{}}', '{\"msg\":\"操作成功\",\"code\":200}', 0, NULL, '2023-06-29 09:29:25', 12);
INSERT INTO `sys_oper_log` VALUES (296, '积分兑换比例设置', 2, 'com.ruoyi.qwk.controller.ExchangeRatioController.edit()', 'PUT', 1, 'admin', NULL, '/qwk/ratio', '127.0.0.1', '内网IP', '{\"applicable\":\"0\",\"enableOrNot\":0,\"goodsProportion\":1,\"id\":1,\"integralProportion\":1,\"params\":{}}', '{\"msg\":\"操作成功\",\"code\":200}', 0, NULL, '2023-06-29 09:30:14', 78);
INSERT INTO `sys_oper_log` VALUES (297, '积分兑换比例设置', 2, 'com.ruoyi.qwk.controller.ExchangeRatioController.edit()', 'PUT', 1, 'admin', NULL, '/qwk/ratio', '127.0.0.1', '内网IP', '{\"applicable\":\"0\",\"enableOrNot\":0,\"goodsProportion\":1,\"id\":1,\"integralProportion\":1,\"params\":{}}', '{\"msg\":\"操作成功\",\"code\":200}', 0, NULL, '2023-06-29 09:31:48', 17);
INSERT INTO `sys_oper_log` VALUES (298, '积分兑换比例设置', 2, 'com.ruoyi.qwk.controller.ExchangeRatioController.edit()', 'PUT', 1, 'admin', NULL, '/qwk/ratio', '127.0.0.1', '内网IP', '{\"applicable\":\"0\",\"enableOrNot\":0,\"goodsProportion\":1,\"id\":1,\"integralProportion\":1,\"params\":{}}', '{\"msg\":\"操作成功\",\"code\":200}', 0, NULL, '2023-06-29 09:32:11', 16);
INSERT INTO `sys_oper_log` VALUES (299, '积分兑换比例设置', 2, 'com.ruoyi.qwk.controller.ExchangeRatioController.edit()', 'PUT', 1, 'admin', NULL, '/qwk/ratio', '127.0.0.1', '内网IP', '{\"applicable\":\"0\",\"enableOrNot\":0,\"goodsProportion\":1,\"id\":1,\"integralProportion\":1,\"params\":{}}', '{\"msg\":\"操作成功\",\"code\":200}', 0, NULL, '2023-06-29 09:32:36', 9);
INSERT INTO `sys_oper_log` VALUES (300, '积分兑换比例设置', 2, 'com.ruoyi.qwk.controller.ExchangeRatioController.edit()', 'PUT', 1, 'admin', NULL, '/qwk/ratio', '127.0.0.1', '内网IP', '{\"applicable\":\"0\",\"enableOrNot\":1,\"goodsProportion\":1,\"id\":1,\"integralProportion\":1,\"params\":{}}', '{\"msg\":\"操作成功\",\"code\":200}', 0, NULL, '2023-06-29 09:33:13', 72);
INSERT INTO `sys_oper_log` VALUES (301, '积分兑换比例设置', 2, 'com.ruoyi.qwk.controller.ExchangeRatioController.edit()', 'PUT', 1, 'admin', NULL, '/qwk/ratio', '127.0.0.1', '内网IP', '{\"applicable\":\"0\",\"enableOrNot\":1,\"goodsProportion\":1,\"id\":1,\"integralProportion\":1,\"params\":{}}', '{\"msg\":\"操作成功\",\"code\":200}', 0, NULL, '2023-06-29 09:33:43', 52);
INSERT INTO `sys_oper_log` VALUES (302, '积分兑换比例设置', 2, 'com.ruoyi.qwk.controller.ExchangeRatioController.edit()', 'PUT', 1, 'admin', NULL, '/qwk/ratio', '127.0.0.1', '内网IP', '{\"applicable\":\"0\",\"enableOrNot\":1,\"goodsProportion\":1,\"id\":1,\"integralProportion\":1,\"params\":{}}', '{\"msg\":\"操作成功\",\"code\":200}', 0, NULL, '2023-06-29 09:35:18', 78);
INSERT INTO `sys_oper_log` VALUES (303, '积分兑换比例设置', 2, 'com.ruoyi.qwk.controller.ExchangeRatioController.edit()', 'PUT', 1, 'admin', NULL, '/qwk/ratio', '127.0.0.1', '内网IP', '{\"applicable\":\"0\",\"enableOrNot\":1,\"goodsProportion\":1,\"id\":1,\"integralProportion\":1,\"params\":{}}', '{\"msg\":\"操作成功\",\"code\":200}', 0, NULL, '2023-06-29 09:37:35', 0);
INSERT INTO `sys_oper_log` VALUES (304, '积分兑换比例设置', 2, 'com.ruoyi.qwk.controller.ExchangeRatioController.edit()', 'PUT', 1, 'admin', NULL, '/qwk/ratio', '127.0.0.1', '内网IP', '{\"applicable\":\"0\",\"enableOrNot\":1,\"goodsProportion\":1,\"id\":1,\"integralProportion\":1,\"params\":{}}', '{\"msg\":\"操作成功\",\"code\":200}', 0, NULL, '2023-06-29 09:38:26', 15);
INSERT INTO `sys_oper_log` VALUES (305, '积分兑换比例设置', 2, 'com.ruoyi.qwk.controller.ExchangeRatioController.edit()', 'PUT', 1, 'admin', NULL, '/qwk/ratio', '127.0.0.1', '内网IP', '{\"applicable\":\"0\",\"enableOrNot\":0,\"goodsProportion\":1,\"id\":1,\"integralProportion\":1,\"params\":{}}', '{\"msg\":\"操作成功\",\"code\":200}', 0, NULL, '2023-06-29 09:45:46', 423);
INSERT INTO `sys_oper_log` VALUES (306, '积分兑换比例设置', 2, 'com.ruoyi.qwk.controller.ExchangeRatioController.edit()', 'PUT', 1, 'admin', NULL, '/qwk/ratio', '127.0.0.1', '内网IP', '{\"applicable\":\"0\",\"enableOrNot\":1,\"goodsProportion\":1,\"id\":1,\"integralProportion\":1,\"params\":{}}', '{\"msg\":\"操作成功\",\"code\":200}', 0, NULL, '2023-06-29 09:45:47', 63);
INSERT INTO `sys_oper_log` VALUES (307, '积分兑换比例设置', 2, 'com.ruoyi.qwk.controller.ExchangeRatioController.edit()', 'PUT', 1, 'admin', NULL, '/qwk/ratio', '127.0.0.1', '内网IP', '{\"applicable\":\"0\",\"enableOrNot\":0,\"goodsProportion\":1,\"id\":1,\"integralProportion\":1,\"params\":{}}', '{\"msg\":\"操作成功\",\"code\":200}', 0, NULL, '2023-06-29 09:49:17', 16);
INSERT INTO `sys_oper_log` VALUES (308, '积分兑换比例设置', 2, 'com.ruoyi.qwk.controller.ExchangeRatioController.edit()', 'PUT', 1, 'admin', NULL, '/qwk/ratio', '127.0.0.1', '内网IP', '{\"applicable\":\"0\",\"enableOrNot\":0,\"goodsProportion\":1,\"id\":1,\"integralProportion\":1,\"params\":{}}', '{\"msg\":\"操作成功\",\"code\":200}', 0, NULL, '2023-06-29 09:49:28', 12);
INSERT INTO `sys_oper_log` VALUES (309, '首页配置 ', 1, 'com.ruoyi.qwk.controller.HomepageConfigController.add()', 'POST', 1, 'admin', NULL, '/qwk/config', '127.0.0.1', '内网IP', '{\"classify\":2,\"creationTime\":\"2023-06-29\",\"displayLocation\":2,\"high\":\"16\",\"id\":3,\"imgUrl\":\"/profile/upload/2023/06/29/login-logo_20230629155921A001.png\",\"linkAddress\":\"11111111\",\"params\":{},\"sort\":1,\"state\":1,\"wide\":\"15\"}', '{\"msg\":\"操作成功\",\"code\":200}', 0, NULL, '2023-06-29 15:59:28', 106);
INSERT INTO `sys_oper_log` VALUES (310, '首页配置 ', 1, 'com.ruoyi.qwk.controller.HomepageConfigController.add()', 'POST', 1, 'admin', NULL, '/qwk/config', '127.0.0.1', '内网IP', '{\"classify\":3,\"creationTime\":\"2023-06-29\",\"displayLocation\":3,\"high\":\"12\",\"id\":4,\"imgUrl\":\"/profile/upload/2023/06/29/1_20230629155948A002.jpg\",\"linkAddress\":\"1111111111111\",\"params\":{},\"sort\":2,\"state\":1,\"wide\":\"11\"}', '{\"msg\":\"操作成功\",\"code\":200}', 0, NULL, '2023-06-29 16:00:12', 93);
INSERT INTO `sys_oper_log` VALUES (311, '首页配置 ', 2, 'com.ruoyi.qwk.controller.HomepageConfigController.edit()', 'PUT', 1, 'admin', NULL, '/qwk/config', '127.0.0.1', '内网IP', '{\"classify\":3,\"creationTime\":\"2023-06-29\",\"displayLocation\":3,\"high\":\"12\",\"id\":4,\"imgUrl\":\"/profile/upload/2023/06/29/1_20230629155948A002.jpg\",\"linkAddress\":\"1111111111111\",\"params\":{},\"sort\":1,\"state\":1,\"updatedBy\":\"admin\",\"updatedTime\":\"2023-06-29\",\"wide\":\"11\"}', '{\"msg\":\"操作成功\",\"code\":200}', 0, NULL, '2023-06-29 16:00:35', 69);
INSERT INTO `sys_oper_log` VALUES (312, '首页配置 ', 1, 'com.ruoyi.qwk.controller.HomepageConfigController.add()', 'POST', 1, 'admin', NULL, '/qwk/config', '127.0.0.1', '内网IP', '{\"classify\":3,\"creationTime\":\"2023-06-29\",\"displayLocation\":3,\"high\":\"12\",\"id\":5,\"imgUrl\":\"/profile/upload/2023/06/29/2_20230629160047A003.jpg\",\"linkAddress\":\"122222\",\"params\":{},\"sort\":2,\"state\":1,\"wide\":\"12\"}', '{\"msg\":\"操作成功\",\"code\":200}', 0, NULL, '2023-06-29 16:01:00', 70);
INSERT INTO `sys_oper_log` VALUES (313, '首页配置 ', 1, 'com.ruoyi.qwk.controller.HomepageConfigController.add()', 'POST', 1, 'admin', NULL, '/qwk/config', '127.0.0.1', '内网IP', '{\"classify\":3,\"creationTime\":\"2023-06-29\",\"displayLocation\":3,\"high\":\"12\",\"id\":6,\"imgUrl\":\"/profile/upload/2023/06/29/2_20230629160114A004.jpg\",\"linkAddress\":\"12222222\",\"params\":{},\"sort\":3,\"state\":1,\"wide\":\"12\"}', '{\"msg\":\"操作成功\",\"code\":200}', 0, NULL, '2023-06-29 16:01:19', 146);
INSERT INTO `sys_oper_log` VALUES (314, '首页配置 ', 1, 'com.ruoyi.qwk.controller.HomepageConfigController.add()', 'POST', 1, 'admin', NULL, '/qwk/config', '127.0.0.1', '内网IP', '{\"classify\":3,\"creationTime\":\"2023-06-29\",\"displayLocation\":3,\"id\":7,\"imgUrl\":\"/profile/upload/2023/06/29/login-logo_20230629160127A005.png\",\"linkAddress\":\"111111111111\",\"params\":{},\"sort\":4,\"state\":1}', '{\"msg\":\"操作成功\",\"code\":200}', 0, NULL, '2023-06-29 16:01:36', 74);
INSERT INTO `sys_oper_log` VALUES (315, '首页配置 ', 1, 'com.ruoyi.qwk.controller.HomepageConfigController.add()', 'POST', 1, 'admin', NULL, '/qwk/config', '127.0.0.1', '内网IP', '{\"classify\":3,\"creationTime\":\"2023-06-29\",\"displayLocation\":3,\"high\":\"11\",\"id\":8,\"imgUrl\":\"/profile/upload/2023/06/29/2_20230629160145A006.jpg\",\"linkAddress\":\"111111111\",\"params\":{},\"sort\":5,\"state\":1,\"wide\":\"11\"}', '{\"msg\":\"操作成功\",\"code\":200}', 0, NULL, '2023-06-29 16:01:56', 75);
INSERT INTO `sys_oper_log` VALUES (316, '首页配置 ', 1, 'com.ruoyi.qwk.controller.HomepageConfigController.add()', 'POST', 1, 'admin', NULL, '/qwk/config', '127.0.0.1', '内网IP', '{\"classify\":1,\"creationTime\":\"2023-06-29\",\"displayLocation\":1,\"high\":\"12\",\"id\":9,\"imgUrl\":\"/profile/upload/2023/06/29/login-logo_20230629160229A007.png\",\"linkAddress\":\"1111111111\",\"params\":{},\"sort\":3,\"state\":1,\"wide\":\"12\"}', '{\"msg\":\"操作成功\",\"code\":200}', 0, NULL, '2023-06-29 16:02:33', 75);
INSERT INTO `sys_oper_log` VALUES (317, '首页配置 ', 1, 'com.ruoyi.qwk.controller.HomepageConfigController.add()', 'POST', 1, 'admin', NULL, '/qwk/config', '127.0.0.1', '内网IP', '{\"classify\":1,\"creationTime\":\"2023-06-29\",\"displayLocation\":1,\"high\":\"12\",\"id\":10,\"imgUrl\":\"/profile/upload/2023/06/29/1_20230629160253A008.jpg\",\"linkAddress\":\"111111111\",\"params\":{},\"sort\":4,\"state\":1,\"wide\":\"12\"}', '{\"msg\":\"操作成功\",\"code\":200}', 0, NULL, '2023-06-29 16:02:58', 80);
INSERT INTO `sys_oper_log` VALUES (318, '首页配置 ', 1, 'com.ruoyi.qwk.controller.HomepageConfigController.add()', 'POST', 1, 'admin', NULL, '/qwk/config', '127.0.0.1', '内网IP', '{\"classify\":1,\"creationTime\":\"2023-06-29\",\"displayLocation\":1,\"high\":\"11\",\"id\":11,\"imgUrl\":\"/profile/upload/2023/06/29/1_20230629160312A009.jpg\",\"linkAddress\":\"1111111\",\"params\":{},\"sort\":5,\"state\":1,\"wide\":\"11\"}', '{\"msg\":\"操作成功\",\"code\":200}', 0, NULL, '2023-06-29 16:03:19', 80);
INSERT INTO `sys_oper_log` VALUES (319, '首页配置 ', 1, 'com.ruoyi.qwk.controller.HomepageConfigController.add()', 'POST', 1, 'admin', NULL, '/qwk/config', '127.0.0.1', '内网IP', '{\"classify\":2,\"creationTime\":\"2023-06-29\",\"displayLocation\":2,\"high\":\"12\",\"id\":12,\"imgUrl\":\"/profile/upload/2023/06/29/1_20230629162513A001.jpg\",\"linkAddress\":\"122222\",\"params\":{},\"sort\":2,\"state\":1,\"wide\":\"12\"}', '{\"msg\":\"操作成功\",\"code\":200}', 0, NULL, '2023-06-29 16:25:17', 103);
INSERT INTO `sys_oper_log` VALUES (320, '首页配置 ', 1, 'com.ruoyi.qwk.controller.HomepageConfigController.add()', 'POST', 1, 'admin', NULL, '/qwk/config', '127.0.0.1', '内网IP', '{\"classify\":2,\"creationTime\":\"2023-06-29\",\"displayLocation\":2,\"high\":\"12\",\"id\":13,\"linkAddress\":\"111111111\",\"params\":{},\"sort\":3,\"state\":1,\"wide\":\"12\"}', '{\"msg\":\"操作成功\",\"code\":200}', 0, NULL, '2023-06-29 16:25:35', 68);
INSERT INTO `sys_oper_log` VALUES (321, '首页配置 ', 2, 'com.ruoyi.qwk.controller.HomepageConfigController.edit()', 'PUT', 1, 'admin', NULL, '/qwk/config', '127.0.0.1', '内网IP', '{\"classify\":2,\"creationTime\":\"2023-06-29\",\"displayLocation\":2,\"high\":\"12\",\"id\":13,\"imgUrl\":\"/profile/upload/2023/06/29/1_20230629162546A002.jpg\",\"linkAddress\":\"111111111\",\"params\":{},\"sort\":3,\"state\":1,\"updatedBy\":\"admin\",\"updatedTime\":\"2023-06-29\",\"wide\":\"12\"}', '{\"msg\":\"操作成功\",\"code\":200}', 0, NULL, '2023-06-29 16:25:49', 77);
INSERT INTO `sys_oper_log` VALUES (322, '首页配置 ', 1, 'com.ruoyi.qwk.controller.HomepageConfigController.add()', 'POST', 1, 'admin', NULL, '/qwk/config', '127.0.0.1', '内网IP', '{\"classify\":2,\"creationTime\":\"2023-06-29\",\"displayLocation\":2,\"high\":\"12\",\"id\":14,\"imgUrl\":\"/profile/upload/2023/06/29/2_20230629162602A003.jpg\",\"linkAddress\":\"12222222\",\"params\":{},\"sort\":4,\"state\":1,\"wide\":\"12\"}', '{\"msg\":\"操作成功\",\"code\":200}', 0, NULL, '2023-06-29 16:26:06', 68);
INSERT INTO `sys_oper_log` VALUES (323, '首页配置 ', 2, 'com.ruoyi.qwk.controller.HomepageConfigController.edit()', 'PUT', 1, 'admin', NULL, '/qwk/config', '127.0.0.1', '内网IP', '{\"id\":1,\"params\":{},\"state\":1,\"updatedBy\":\"admin\",\"updatedTime\":\"2023-06-29\"}', '{\"msg\":\"操作成功\",\"code\":200}', 0, NULL, '2023-06-29 16:26:46', 82);
INSERT INTO `sys_oper_log` VALUES (324, '积分兑换比例设置', 2, 'com.ruoyi.qwk.controller.ExchangeRatioController.edit()', 'PUT', 1, 'admin', NULL, '/qwk/ratio', '127.0.0.1', '内网IP', '{\"applicable\":\"0\",\"enableOrNot\":1,\"goodsProportion\":1,\"id\":1,\"integralProportion\":1,\"params\":{}}', '{\"msg\":\"操作成功\",\"code\":200}', 0, NULL, '2023-06-29 16:27:44', 65);
INSERT INTO `sys_oper_log` VALUES (325, '积分兑换比例设置', 2, 'com.ruoyi.qwk.controller.ExchangeRatioController.edit()', 'PUT', 1, 'admin', NULL, '/qwk/ratio', '127.0.0.1', '内网IP', '{\"applicable\":\"0\",\"enableOrNot\":0,\"goodsProportion\":1,\"id\":1,\"integralProportion\":1,\"params\":{}}', '{\"msg\":\"操作成功\",\"code\":200}', 0, NULL, '2023-06-29 16:28:12', 70);
INSERT INTO `sys_oper_log` VALUES (326, '积分兑换比例设置', 2, 'com.ruoyi.qwk.controller.ExchangeRatioController.edit()', 'PUT', 1, 'admin', NULL, '/qwk/ratio', '127.0.0.1', '内网IP', '{\"applicable\":\"0\",\"enableOrNot\":1,\"goodsProportion\":1,\"id\":1,\"integralProportion\":1,\"params\":{}}', '{\"msg\":\"操作成功\",\"code\":200}', 0, NULL, '2023-06-29 16:30:08', 64);
INSERT INTO `sys_oper_log` VALUES (327, '积分兑换比例设置', 2, 'com.ruoyi.qwk.controller.ExchangeRatioController.edit()', 'PUT', 1, 'admin', NULL, '/qwk/ratio', '127.0.0.1', '内网IP', '{\"applicable\":\"0\",\"enableOrNot\":0,\"goodsProportion\":1,\"id\":1,\"integralProportion\":1,\"params\":{}}', '{\"msg\":\"操作成功\",\"code\":200}', 0, NULL, '2023-06-29 16:31:47', 79);
INSERT INTO `sys_oper_log` VALUES (328, '积分兑换比例设置', 2, 'com.ruoyi.qwk.controller.ExchangeRatioController.edit()', 'PUT', 1, 'admin', NULL, '/qwk/ratio', '127.0.0.1', '内网IP', '{\"applicable\":\"0\",\"enableOrNot\":1,\"goodsProportion\":1,\"id\":1,\"integralProportion\":1,\"params\":{}}', '{\"msg\":\"操作成功\",\"code\":200}', 0, NULL, '2023-06-29 16:32:04', 63);
INSERT INTO `sys_oper_log` VALUES (329, '积分兑换比例设置', 2, 'com.ruoyi.qwk.controller.ExchangeRatioController.edit()', 'PUT', 1, 'admin', NULL, '/qwk/ratio', '127.0.0.1', '内网IP', '{\"applicable\":\"0\",\"enableOrNot\":0,\"goodsProportion\":1,\"id\":1,\"integralProportion\":1,\"params\":{}}', '{\"msg\":\"操作成功\",\"code\":200}', 0, NULL, '2023-06-29 16:32:45', 75);
INSERT INTO `sys_oper_log` VALUES (330, '积分兑换比例设置', 2, 'com.ruoyi.qwk.controller.ExchangeRatioController.edit()', 'PUT', 1, 'admin', NULL, '/qwk/ratio', '127.0.0.1', '内网IP', '{\"applicable\":\"0\",\"enableOrNot\":1,\"goodsProportion\":1,\"id\":1,\"integralProportion\":1,\"params\":{}}', '{\"msg\":\"操作成功\",\"code\":200}', 0, NULL, '2023-06-29 16:33:33', 74);
INSERT INTO `sys_oper_log` VALUES (331, '菜单管理', 2, 'com.ruoyi.web.controller.system.SysMenuController.edit()', 'PUT', 1, 'admin', NULL, '/system/menu', '127.0.0.1', '内网IP', '{\"children\":[],\"component\":\"qwk/ratio/index\",\"createTime\":\"2023-06-28 16:51:50\",\"icon\":\"#\",\"isCache\":\"0\",\"isFrame\":\"1\",\"menuId\":2023,\"menuName\":\"兑换比例设置\",\"menuType\":\"C\",\"orderNum\":1,\"params\":{},\"parentId\":2022,\"path\":\"ratio\",\"perms\":\"qwk:ratio:list\",\"status\":\"0\",\"updateBy\":\"admin\",\"visible\":\"0\"}', '{\"msg\":\"操作成功\",\"code\":200}', 0, NULL, '2023-06-29 17:23:07', 585);
INSERT INTO `sys_oper_log` VALUES (332, '代码生成', 6, 'com.ruoyi.generator.controller.GenController.importTableSave()', 'POST', 1, 'admin', NULL, '/tool/gen/importTable', '127.0.0.1', '内网IP', '{\"tables\":\"warehouse_details,warehouse\"}', '{\"msg\":\"操作成功\",\"code\":200}', 0, NULL, '2023-06-29 17:24:47', 467);
INSERT INTO `sys_oper_log` VALUES (333, '代码生成', 2, 'com.ruoyi.generator.controller.GenController.editSave()', 'PUT', 1, 'admin', NULL, '/tool/gen', '127.0.0.1', '内网IP', '{\"businessName\":\"warehouse\",\"className\":\"Warehouse\",\"columns\":[{\"capJavaField\":\"Id\",\"columnComment\":\"唯一标识\",\"columnId\":108,\"columnName\":\"id\",\"columnType\":\"int\",\"createBy\":\"admin\",\"createTime\":\"2023-06-29 17:24:46\",\"dictType\":\"\",\"edit\":false,\"htmlType\":\"input\",\"increment\":true,\"insert\":true,\"isIncrement\":\"1\",\"isInsert\":\"1\",\"isPk\":\"1\",\"javaField\":\"id\",\"javaType\":\"Long\",\"list\":false,\"params\":{},\"pk\":true,\"query\":false,\"queryType\":\"EQ\",\"required\":false,\"sort\":1,\"superColumn\":false,\"tableId\":9,\"updateBy\":\"\",\"usableColumn\":false},{\"capJavaField\":\"UserId\",\"columnComment\":\"用户id\",\"columnId\":109,\"columnName\":\"user_id\",\"columnType\":\"int\",\"createBy\":\"admin\",\"createTime\":\"2023-06-29 17:24:46\",\"dictType\":\"\",\"edit\":true,\"htmlType\":\"input\",\"increment\":false,\"insert\":true,\"isEdit\":\"1\",\"isIncrement\":\"0\",\"isInsert\":\"1\",\"isList\":\"1\",\"isPk\":\"0\",\"isQuery\":\"1\",\"isRequired\":\"1\",\"javaField\":\"userId\",\"javaType\":\"Long\",\"list\":true,\"params\":{},\"pk\":false,\"query\":true,\"queryType\":\"EQ\",\"required\":true,\"sort\":2,\"superColumn\":false,\"tableId\":9,\"updateBy\":\"\",\"usableColumn\":false},{\"capJavaField\":\"NickName\",\"columnComment\":\"用户昵称\",\"columnId\":110,\"columnName\":\"nick_name\",\"columnType\":\"varchar(128)\",\"createBy\":\"admin\",\"createTime\":\"2023-06-29 17:24:47\",\"dictType\":\"\",\"edit\":true,\"htmlType\":\"input\",\"increment\":false,\"insert\":true,\"isEdit\":\"1\",\"isIncrement\":\"0\",\"isInsert\":\"1\",\"isList\":\"1\",\"isPk\":\"0\",\"isQuery\":\"1\",\"isRequired\":\"1\",\"javaField\":\"nickName\",\"javaType\":\"String\",\"list\":true,\"params\":{},\"pk\":false,\"query\":true,\"queryType\":\"LIKE\",\"required\":true,\"sort\":3,\"superColumn\":false,\"tableId\":9,\"updateBy\":\"\",\"usableColumn\":false},{\"capJavaField\":\"UserPhone\",\"columnComment\":\"用户手机号\",\"columnId\":111,\"columnName\":\"user_phone\",\"columnType\":\"varchar(32)\",\"createBy\":\"admin\",\"createTime\":\"2023-06-29 17:24:47\",\"dictType\":\"\",\"edit\":true,\"htmlType\":\"input\",\"increment\":false,\"insert\":true,\"isEdit\":\"1\",\"isIncrement\":\"0\",\"isInsert\":\"1\",\"isList\":\"1\",\"isPk\":\"0\",\"isQuery\":\"1\",\"javaField\":\"userPhone\",\"javaType\":\"String\",\"list', '{\"msg\":\"操作成功\",\"code\":200}', 0, NULL, '2023-06-29 17:26:00', 200);
INSERT INTO `sys_oper_log` VALUES (334, '代码生成', 8, 'com.ruoyi.generator.controller.GenController.batchGenCode()', 'GET', 1, 'admin', NULL, '/tool/gen/batchGenCode', '127.0.0.1', '内网IP', '{\"tables\":\"warehouse\"}', NULL, 0, NULL, '2023-06-29 17:26:04', 199);
INSERT INTO `sys_oper_log` VALUES (335, '菜单管理', 2, 'com.ruoyi.web.controller.system.SysMenuController.edit()', 'PUT', 1, 'admin', NULL, '/system/menu', '127.0.0.1', '内网IP', '{\"children\":[],\"component\":\"qwk/warehouse/index\",\"createTime\":\"2023-06-29 17:27:10\",\"icon\":\"#\",\"isCache\":\"0\",\"isFrame\":\"1\",\"menuId\":2029,\"menuName\":\"仓库列表\",\"menuType\":\"C\",\"orderNum\":1,\"params\":{},\"parentId\":2022,\"path\":\"warehouse\",\"perms\":\"qwk:warehouse:list\",\"status\":\"0\",\"updateBy\":\"admin\",\"visible\":\"0\"}', '{\"msg\":\"操作成功\",\"code\":200}', 0, NULL, '2023-06-29 17:37:49', 84);
INSERT INTO `sys_oper_log` VALUES (336, '菜单管理', 2, 'com.ruoyi.web.controller.system.SysMenuController.edit()', 'PUT', 1, 'admin', NULL, '/system/menu', '127.0.0.1', '内网IP', '{\"children\":[],\"component\":\"qwk/warehouse/index\",\"createTime\":\"2023-06-29 17:27:10\",\"icon\":\"#\",\"isCache\":\"0\",\"isFrame\":\"1\",\"menuId\":2029,\"menuName\":\"仓库列表\",\"menuType\":\"C\",\"orderNum\":1,\"params\":{},\"parentId\":2022,\"path\":\"tabulation\",\"perms\":\"qwk:warehouse:list\",\"status\":\"0\",\"updateBy\":\"admin\",\"visible\":\"0\"}', '{\"msg\":\"操作成功\",\"code\":200}', 0, NULL, '2023-06-29 17:40:35', 75);
INSERT INTO `sys_oper_log` VALUES (337, '仓库 ', 1, 'com.ruoyi.qwk.controller.WarehouseController.add()', 'POST', 1, 'admin', NULL, '/qwk/warehouse', '127.0.0.1', '内网IP', '{\"id\":1,\"nickName\":\"游戏用户1\",\"params\":{},\"quantity\":1,\"totalPrice\":\"10000\",\"updatedTime\":\"2023-06-28\",\"userId\":100,\"userPhone\":\"11111111111\"}', '{\"msg\":\"操作成功\",\"code\":200}', 0, NULL, '2023-06-29 17:45:11', 126);
INSERT INTO `sys_oper_log` VALUES (338, '字典类型', 1, 'com.ruoyi.web.controller.system.SysDictTypeController.add()', 'POST', 1, 'admin', NULL, '/system/dict/type', '127.0.0.1', '内网IP', '{\"createBy\":\"admin\",\"dictName\":\"商品来源\",\"dictType\":\"wtb_source\",\"params\":{},\"status\":\"0\"}', '{\"msg\":\"操作成功\",\"code\":200}', 0, NULL, '2023-06-29 18:01:32', 535);
INSERT INTO `sys_oper_log` VALUES (339, '字典数据', 1, 'com.ruoyi.web.controller.system.SysDictDataController.add()', 'POST', 1, 'admin', NULL, '/system/dict/data', '127.0.0.1', '内网IP', '{\"createBy\":\"admin\",\"default\":false,\"dictLabel\":\"###游戏\",\"dictSort\":1,\"dictType\":\"wtb_source\",\"dictValue\":\"1\",\"listClass\":\"default\",\"params\":{},\"status\":\"0\"}', '{\"msg\":\"操作成功\",\"code\":200}', 0, NULL, '2023-06-29 18:01:58', 94);
INSERT INTO `sys_oper_log` VALUES (340, '字典数据', 1, 'com.ruoyi.web.controller.system.SysDictDataController.add()', 'POST', 1, 'admin', NULL, '/system/dict/data', '127.0.0.1', '内网IP', '{\"createBy\":\"admin\",\"default\":false,\"dictLabel\":\"XXX游戏\",\"dictSort\":2,\"dictType\":\"wtb_source\",\"dictValue\":\"2\",\"listClass\":\"default\",\"params\":{},\"status\":\"0\"}', '{\"msg\":\"操作成功\",\"code\":200}', 0, NULL, '2023-06-29 18:02:14', 82);
INSERT INTO `sys_oper_log` VALUES (341, '代码生成', 2, 'com.ruoyi.generator.controller.GenController.editSave()', 'PUT', 1, 'admin', NULL, '/tool/gen', '127.0.0.1', '内网IP', '{\"businessName\":\"details\",\"className\":\"WarehouseDetails\",\"columns\":[{\"capJavaField\":\"Id\",\"columnComment\":\"id\",\"columnId\":116,\"columnName\":\"id\",\"columnType\":\"int\",\"createBy\":\"admin\",\"createTime\":\"2023-06-29 17:24:47\",\"dictType\":\"\",\"edit\":false,\"htmlType\":\"input\",\"increment\":true,\"insert\":true,\"isIncrement\":\"1\",\"isInsert\":\"1\",\"isPk\":\"1\",\"javaField\":\"id\",\"javaType\":\"Long\",\"list\":false,\"params\":{},\"pk\":true,\"query\":false,\"queryType\":\"EQ\",\"required\":false,\"sort\":1,\"superColumn\":false,\"tableId\":10,\"updateBy\":\"\",\"usableColumn\":false},{\"capJavaField\":\"Wid\",\"columnComment\":\"仓库id\",\"columnId\":117,\"columnName\":\"wid\",\"columnType\":\"int\",\"createBy\":\"admin\",\"createTime\":\"2023-06-29 17:24:47\",\"dictType\":\"\",\"edit\":true,\"htmlType\":\"input\",\"increment\":false,\"insert\":true,\"isEdit\":\"1\",\"isIncrement\":\"0\",\"isInsert\":\"1\",\"isList\":\"1\",\"isPk\":\"0\",\"isQuery\":\"1\",\"isRequired\":\"1\",\"javaField\":\"wid\",\"javaType\":\"Long\",\"list\":true,\"params\":{},\"pk\":false,\"query\":true,\"queryType\":\"EQ\",\"required\":true,\"sort\":2,\"superColumn\":false,\"tableId\":10,\"updateBy\":\"\",\"usableColumn\":false},{\"capJavaField\":\"GoodsName\",\"columnComment\":\"商品名称\",\"columnId\":118,\"columnName\":\"goods_name\",\"columnType\":\"varchar(32)\",\"createBy\":\"admin\",\"createTime\":\"2023-06-29 17:24:47\",\"dictType\":\"\",\"edit\":true,\"htmlType\":\"input\",\"increment\":false,\"insert\":true,\"isEdit\":\"1\",\"isIncrement\":\"0\",\"isInsert\":\"1\",\"isList\":\"1\",\"isPk\":\"0\",\"isQuery\":\"1\",\"isRequired\":\"1\",\"javaField\":\"goodsName\",\"javaType\":\"String\",\"list\":true,\"params\":{},\"pk\":false,\"query\":true,\"queryType\":\"LIKE\",\"required\":true,\"sort\":3,\"superColumn\":false,\"tableId\":10,\"updateBy\":\"\",\"usableColumn\":false},{\"capJavaField\":\"Source\",\"columnComment\":\"商品来源\",\"columnId\":119,\"columnName\":\"source\",\"columnType\":\"varchar(1024)\",\"createBy\":\"admin\",\"createTime\":\"2023-06-29 17:24:47\",\"dictType\":\"wtb_source\",\"edit\":true,\"htmlType\":\"select\",\"increment\":false,\"insert\":true,\"isEdit\":\"1\",\"isIncrement\":\"0\",\"isInsert\":\"1\",\"isList\":\"1\",\"isPk\":\"0\",\"isQuery\":\"1\",\"javaField\":\"source\",\"javaType\":\"String\",\"list', '{\"msg\":\"操作成功\",\"code\":200}', 0, NULL, '2023-06-29 18:18:36', 186);
INSERT INTO `sys_oper_log` VALUES (342, '字典类型', 1, 'com.ruoyi.web.controller.system.SysDictTypeController.add()', 'POST', 1, 'admin', NULL, '/system/dict/type', '127.0.0.1', '内网IP', '{\"createBy\":\"admin\",\"dictName\":\"积分状态\",\"dictType\":\"wtb_integral_status\",\"params\":{},\"status\":\"0\"}', '{\"msg\":\"操作成功\",\"code\":200}', 0, NULL, '2023-06-29 18:25:54', 89);
INSERT INTO `sys_oper_log` VALUES (343, '字典数据', 1, 'com.ruoyi.web.controller.system.SysDictDataController.add()', 'POST', 1, 'admin', NULL, '/system/dict/data', '127.0.0.1', '内网IP', '{\"createBy\":\"admin\",\"default\":false,\"dictLabel\":\"可操作\",\"dictSort\":1,\"dictType\":\"wtb_integral_status\",\"dictValue\":\"1\",\"listClass\":\"default\",\"params\":{},\"status\":\"0\"}', '{\"msg\":\"操作成功\",\"code\":200}', 0, NULL, '2023-06-29 18:26:19', 85);
INSERT INTO `sys_oper_log` VALUES (344, '字典数据', 1, 'com.ruoyi.web.controller.system.SysDictDataController.add()', 'POST', 1, 'admin', NULL, '/system/dict/data', '127.0.0.1', '内网IP', '{\"createBy\":\"admin\",\"default\":false,\"dictLabel\":\"已兑换积分\",\"dictSort\":2,\"dictType\":\"wtb_integral_status\",\"dictValue\":\"2\",\"listClass\":\"default\",\"params\":{},\"status\":\"0\"}', '{\"msg\":\"操作成功\",\"code\":200}', 0, NULL, '2023-06-29 18:26:58', 88);
INSERT INTO `sys_oper_log` VALUES (345, '字典数据', 1, 'com.ruoyi.web.controller.system.SysDictDataController.add()', 'POST', 1, 'admin', NULL, '/system/dict/data', '127.0.0.1', '内网IP', '{\"createBy\":\"admin\",\"default\":false,\"dictLabel\":\"已兑换实物\",\"dictSort\":3,\"dictType\":\"wtb_integral_status\",\"dictValue\":\"3\",\"listClass\":\"default\",\"params\":{},\"status\":\"0\"}', '{\"msg\":\"操作成功\",\"code\":200}', 0, NULL, '2023-06-29 18:27:21', 86);
INSERT INTO `sys_oper_log` VALUES (346, '字典数据', 2, 'com.ruoyi.web.controller.system.SysDictDataController.edit()', 'PUT', 1, 'admin', NULL, '/system/dict/data', '127.0.0.1', '内网IP', '{\"createBy\":\"admin\",\"createTime\":\"2023-06-29 18:26:19\",\"default\":false,\"dictCode\":118,\"dictLabel\":\"可操作\",\"dictSort\":1,\"dictType\":\"wtb_integral_status\",\"dictValue\":\"0\",\"isDefault\":\"N\",\"listClass\":\"default\",\"params\":{},\"status\":\"0\",\"updateBy\":\"admin\"}', '{\"msg\":\"操作成功\",\"code\":200}', 0, NULL, '2023-06-29 18:27:39', 95);
INSERT INTO `sys_oper_log` VALUES (347, '字典数据', 2, 'com.ruoyi.web.controller.system.SysDictDataController.edit()', 'PUT', 1, 'admin', NULL, '/system/dict/data', '127.0.0.1', '内网IP', '{\"createBy\":\"admin\",\"createTime\":\"2023-06-29 18:26:58\",\"default\":false,\"dictCode\":119,\"dictLabel\":\"已兑换积分\",\"dictSort\":2,\"dictType\":\"wtb_integral_status\",\"dictValue\":\"1\",\"isDefault\":\"N\",\"listClass\":\"default\",\"params\":{},\"status\":\"0\",\"updateBy\":\"admin\"}', '{\"msg\":\"操作成功\",\"code\":200}', 0, NULL, '2023-06-29 18:27:49', 76);
INSERT INTO `sys_oper_log` VALUES (348, '字典数据', 1, 'com.ruoyi.web.controller.system.SysDictDataController.add()', 'POST', 1, 'admin', NULL, '/system/dict/data', '127.0.0.1', '内网IP', '{\"createBy\":\"admin\",\"default\":false,\"dictLabel\":\"已转赠\",\"dictSort\":0,\"dictType\":\"wtb_integral_status\",\"dictValue\":\"2\",\"listClass\":\"default\",\"params\":{},\"status\":\"0\"}', '{\"msg\":\"操作成功\",\"code\":200}', 0, NULL, '2023-06-29 18:28:09', 84);
INSERT INTO `sys_oper_log` VALUES (349, '字典数据', 2, 'com.ruoyi.web.controller.system.SysDictDataController.edit()', 'PUT', 1, 'admin', NULL, '/system/dict/data', '127.0.0.1', '内网IP', '{\"createBy\":\"admin\",\"createTime\":\"2023-06-29 18:28:09\",\"default\":false,\"dictCode\":121,\"dictLabel\":\"已转赠\",\"dictSort\":3,\"dictType\":\"wtb_integral_status\",\"dictValue\":\"2\",\"isDefault\":\"N\",\"listClass\":\"default\",\"params\":{},\"status\":\"0\",\"updateBy\":\"admin\"}', '{\"msg\":\"操作成功\",\"code\":200}', 0, NULL, '2023-06-29 18:28:29', 81);
INSERT INTO `sys_oper_log` VALUES (350, '字典数据', 2, 'com.ruoyi.web.controller.system.SysDictDataController.edit()', 'PUT', 1, 'admin', NULL, '/system/dict/data', '127.0.0.1', '内网IP', '{\"createBy\":\"admin\",\"createTime\":\"2023-06-29 18:27:21\",\"default\":false,\"dictCode\":120,\"dictLabel\":\"已兑换实物\",\"dictSort\":4,\"dictType\":\"wtb_integral_status\",\"dictValue\":\"3\",\"isDefault\":\"N\",\"listClass\":\"default\",\"params\":{},\"status\":\"0\",\"updateBy\":\"admin\"}', '{\"msg\":\"操作成功\",\"code\":200}', 0, NULL, '2023-06-29 18:28:39', 92);
INSERT INTO `sys_oper_log` VALUES (351, '代码生成', 2, 'com.ruoyi.generator.controller.GenController.editSave()', 'PUT', 1, 'admin', NULL, '/tool/gen', '127.0.0.1', '内网IP', '{\"businessName\":\"details\",\"className\":\"WarehouseDetails\",\"columns\":[{\"capJavaField\":\"Id\",\"columnComment\":\"id\",\"columnId\":116,\"columnName\":\"id\",\"columnType\":\"int\",\"createBy\":\"admin\",\"createTime\":\"2023-06-29 17:24:47\",\"dictType\":\"\",\"edit\":false,\"htmlType\":\"input\",\"increment\":true,\"insert\":true,\"isIncrement\":\"1\",\"isInsert\":\"1\",\"isPk\":\"1\",\"javaField\":\"id\",\"javaType\":\"Long\",\"list\":false,\"params\":{},\"pk\":true,\"query\":false,\"queryType\":\"EQ\",\"required\":false,\"sort\":1,\"superColumn\":false,\"tableId\":10,\"updateBy\":\"\",\"updateTime\":\"2023-06-29 18:18:36\",\"usableColumn\":false},{\"capJavaField\":\"Wid\",\"columnComment\":\"仓库id\",\"columnId\":117,\"columnName\":\"wid\",\"columnType\":\"int\",\"createBy\":\"admin\",\"createTime\":\"2023-06-29 17:24:47\",\"dictType\":\"\",\"edit\":true,\"htmlType\":\"input\",\"increment\":false,\"insert\":true,\"isEdit\":\"1\",\"isIncrement\":\"0\",\"isInsert\":\"1\",\"isList\":\"1\",\"isPk\":\"0\",\"isQuery\":\"1\",\"isRequired\":\"1\",\"javaField\":\"wid\",\"javaType\":\"Long\",\"list\":true,\"params\":{},\"pk\":false,\"query\":true,\"queryType\":\"EQ\",\"required\":true,\"sort\":2,\"superColumn\":false,\"tableId\":10,\"updateBy\":\"\",\"updateTime\":\"2023-06-29 18:18:36\",\"usableColumn\":false},{\"capJavaField\":\"GoodsName\",\"columnComment\":\"商品名称\",\"columnId\":118,\"columnName\":\"goods_name\",\"columnType\":\"varchar(32)\",\"createBy\":\"admin\",\"createTime\":\"2023-06-29 17:24:47\",\"dictType\":\"\",\"edit\":true,\"htmlType\":\"input\",\"increment\":false,\"insert\":true,\"isEdit\":\"1\",\"isIncrement\":\"0\",\"isInsert\":\"1\",\"isList\":\"1\",\"isPk\":\"0\",\"isQuery\":\"1\",\"isRequired\":\"1\",\"javaField\":\"goodsName\",\"javaType\":\"String\",\"list\":true,\"params\":{},\"pk\":false,\"query\":true,\"queryType\":\"LIKE\",\"required\":true,\"sort\":3,\"superColumn\":false,\"tableId\":10,\"updateBy\":\"\",\"updateTime\":\"2023-06-29 18:18:36\",\"usableColumn\":false},{\"capJavaField\":\"Source\",\"columnComment\":\"商品来源\",\"columnId\":119,\"columnName\":\"source\",\"columnType\":\"varchar(1024)\",\"createBy\":\"admin\",\"createTime\":\"2023-06-29 17:24:47\",\"dictType\":\"wtb_source\",\"edit\":true,\"htmlType\":\"select\",\"increment\":false,\"insert\":true,\"isEdit\":\"1\",\"isIncrement', '{\"msg\":\"操作成功\",\"code\":200}', 0, NULL, '2023-06-29 18:29:26', 259);
INSERT INTO `sys_oper_log` VALUES (352, '代码生成', 2, 'com.ruoyi.generator.controller.GenController.editSave()', 'PUT', 1, 'admin', NULL, '/tool/gen', '127.0.0.1', '内网IP', '{\"businessName\":\"details\",\"className\":\"WarehouseDetails\",\"columns\":[{\"capJavaField\":\"Id\",\"columnComment\":\"id\",\"columnId\":116,\"columnName\":\"id\",\"columnType\":\"int\",\"createBy\":\"admin\",\"createTime\":\"2023-06-29 17:24:47\",\"dictType\":\"\",\"edit\":false,\"htmlType\":\"input\",\"increment\":true,\"insert\":true,\"isIncrement\":\"1\",\"isInsert\":\"1\",\"isPk\":\"1\",\"javaField\":\"id\",\"javaType\":\"Long\",\"list\":false,\"params\":{},\"pk\":true,\"query\":false,\"queryType\":\"EQ\",\"required\":false,\"sort\":1,\"superColumn\":false,\"tableId\":10,\"updateBy\":\"\",\"updateTime\":\"2023-06-29 18:29:26\",\"usableColumn\":false},{\"capJavaField\":\"Wid\",\"columnComment\":\"仓库id\",\"columnId\":117,\"columnName\":\"wid\",\"columnType\":\"int\",\"createBy\":\"admin\",\"createTime\":\"2023-06-29 17:24:47\",\"dictType\":\"\",\"edit\":true,\"htmlType\":\"input\",\"increment\":false,\"insert\":true,\"isEdit\":\"1\",\"isIncrement\":\"0\",\"isInsert\":\"1\",\"isList\":\"1\",\"isPk\":\"0\",\"isQuery\":\"1\",\"isRequired\":\"1\",\"javaField\":\"wid\",\"javaType\":\"Long\",\"list\":true,\"params\":{},\"pk\":false,\"query\":true,\"queryType\":\"EQ\",\"required\":true,\"sort\":2,\"superColumn\":false,\"tableId\":10,\"updateBy\":\"\",\"updateTime\":\"2023-06-29 18:29:26\",\"usableColumn\":false},{\"capJavaField\":\"GoodsName\",\"columnComment\":\"商品名称\",\"columnId\":118,\"columnName\":\"goods_name\",\"columnType\":\"varchar(32)\",\"createBy\":\"admin\",\"createTime\":\"2023-06-29 17:24:47\",\"dictType\":\"\",\"edit\":true,\"htmlType\":\"input\",\"increment\":false,\"insert\":true,\"isEdit\":\"1\",\"isIncrement\":\"0\",\"isInsert\":\"1\",\"isList\":\"1\",\"isPk\":\"0\",\"isQuery\":\"1\",\"isRequired\":\"1\",\"javaField\":\"goodsName\",\"javaType\":\"String\",\"list\":true,\"params\":{},\"pk\":false,\"query\":true,\"queryType\":\"LIKE\",\"required\":true,\"sort\":3,\"superColumn\":false,\"tableId\":10,\"updateBy\":\"\",\"updateTime\":\"2023-06-29 18:29:26\",\"usableColumn\":false},{\"capJavaField\":\"Source\",\"columnComment\":\"商品来源\",\"columnId\":119,\"columnName\":\"source\",\"columnType\":\"varchar(1024)\",\"createBy\":\"admin\",\"createTime\":\"2023-06-29 17:24:47\",\"dictType\":\"wtb_source\",\"edit\":true,\"htmlType\":\"select\",\"increment\":false,\"insert\":true,\"isEdit\":\"1\",\"isIncrement', '{\"msg\":\"操作成功\",\"code\":200}', 0, NULL, '2023-06-29 18:30:03', 209);
INSERT INTO `sys_oper_log` VALUES (353, '代码生成', 8, 'com.ruoyi.generator.controller.GenController.batchGenCode()', 'GET', 1, 'admin', NULL, '/tool/gen/batchGenCode', '127.0.0.1', '内网IP', '{\"tables\":\"warehouse_details\"}', NULL, 0, NULL, '2023-06-29 18:31:31', 211);
INSERT INTO `sys_oper_log` VALUES (354, '菜单管理', 2, 'com.ruoyi.web.controller.system.SysMenuController.edit()', 'PUT', 1, 'admin', NULL, '/system/menu', '127.0.0.1', '内网IP', '{\"children\":[],\"component\":\"qwk/details/index\",\"createTime\":\"2023-06-29 18:46:32\",\"icon\":\"#\",\"isCache\":\"0\",\"isFrame\":\"1\",\"menuId\":2035,\"menuName\":\"仓库详情 \",\"menuType\":\"C\",\"orderNum\":1,\"params\":{},\"parentId\":2022,\"path\":\"details\",\"perms\":\"qwk:details:list\",\"status\":\"0\",\"updateBy\":\"admin\",\"visible\":\"0\"}', '{\"msg\":\"操作成功\",\"code\":200}', 0, NULL, '2023-06-29 18:47:54', 134);
INSERT INTO `sys_oper_log` VALUES (355, '代码生成', 6, 'com.ruoyi.generator.controller.GenController.importTableSave()', 'POST', 1, 'admin', NULL, '/tool/gen/importTable', '127.0.0.1', '内网IP', '{\"tables\":\"asset_details\"}', '{\"msg\":\"操作成功\",\"code\":200}', 0, NULL, '2023-06-29 20:03:17', 314);
INSERT INTO `sys_oper_log` VALUES (356, '代码生成', 2, 'com.ruoyi.generator.controller.GenController.editSave()', 'PUT', 1, 'admin', NULL, '/tool/gen', '127.0.0.1', '内网IP', '{\"businessName\":\"details\",\"className\":\"AssetDetails\",\"columns\":[{\"capJavaField\":\"Id\",\"columnComment\":\"id\",\"columnId\":126,\"columnName\":\"id\",\"columnType\":\"int\",\"createBy\":\"admin\",\"createTime\":\"2023-06-29 20:03:16\",\"dictType\":\"\",\"edit\":false,\"htmlType\":\"input\",\"increment\":true,\"insert\":true,\"isIncrement\":\"1\",\"isInsert\":\"1\",\"isPk\":\"1\",\"javaField\":\"id\",\"javaType\":\"Long\",\"list\":false,\"params\":{},\"pk\":true,\"query\":false,\"queryType\":\"EQ\",\"required\":false,\"sort\":1,\"superColumn\":false,\"tableId\":11,\"updateBy\":\"\",\"usableColumn\":false},{\"capJavaField\":\"UserPhone\",\"columnComment\":\"用户手机号\",\"columnId\":127,\"columnName\":\"user_phone\",\"columnType\":\"varchar(32)\",\"createBy\":\"admin\",\"createTime\":\"2023-06-29 20:03:16\",\"dictType\":\"\",\"edit\":true,\"htmlType\":\"input\",\"increment\":false,\"insert\":true,\"isEdit\":\"1\",\"isIncrement\":\"0\",\"isInsert\":\"1\",\"isList\":\"1\",\"isPk\":\"0\",\"isQuery\":\"1\",\"isRequired\":\"1\",\"javaField\":\"userPhone\",\"javaType\":\"String\",\"list\":true,\"params\":{},\"pk\":false,\"query\":true,\"queryType\":\"EQ\",\"required\":true,\"sort\":2,\"superColumn\":false,\"tableId\":11,\"updateBy\":\"\",\"usableColumn\":false},{\"capJavaField\":\"Type\",\"columnComment\":\"类型\",\"columnId\":128,\"columnName\":\"type\",\"columnType\":\"int\",\"createBy\":\"admin\",\"createTime\":\"2023-06-29 20:03:17\",\"dictType\":\"\",\"edit\":true,\"htmlType\":\"select\",\"increment\":false,\"insert\":true,\"isEdit\":\"1\",\"isIncrement\":\"0\",\"isInsert\":\"1\",\"isList\":\"1\",\"isPk\":\"0\",\"isQuery\":\"1\",\"javaField\":\"type\",\"javaType\":\"Long\",\"list\":true,\"params\":{},\"pk\":false,\"query\":true,\"queryType\":\"EQ\",\"required\":false,\"sort\":3,\"superColumn\":false,\"tableId\":11,\"updateBy\":\"\",\"usableColumn\":false},{\"capJavaField\":\"Records\",\"columnComment\":\"总额变化记录\",\"columnId\":129,\"columnName\":\"records\",\"columnType\":\"varchar(64)\",\"createBy\":\"admin\",\"createTime\":\"2023-06-29 20:03:17\",\"dictType\":\"\",\"edit\":true,\"htmlType\":\"input\",\"increment\":false,\"insert\":true,\"isEdit\":\"1\",\"isIncrement\":\"0\",\"isInsert\":\"1\",\"isList\":\"1\",\"isPk\":\"0\",\"isQuery\":\"1\",\"javaField\":\"records\",\"javaType\":\"String\",\"list\":true,\"params\":{},\"pk\":fal', '{\"msg\":\"操作成功\",\"code\":200}', 0, NULL, '2023-06-29 20:05:45', 222);
INSERT INTO `sys_oper_log` VALUES (357, '字典类型', 1, 'com.ruoyi.web.controller.system.SysDictTypeController.add()', 'POST', 1, 'admin', NULL, '/system/dict/type', '127.0.0.1', '内网IP', '{\"createBy\":\"admin\",\"dictName\":\"资产类型\",\"dictType\":\"wtb_asset_type\",\"params\":{},\"status\":\"0\"}', '{\"msg\":\"操作成功\",\"code\":200}', 0, NULL, '2023-06-29 20:08:02', 79);
INSERT INTO `sys_oper_log` VALUES (358, '字典数据', 1, 'com.ruoyi.web.controller.system.SysDictDataController.add()', 'POST', 1, 'admin', NULL, '/system/dict/data', '127.0.0.1', '内网IP', '{\"createBy\":\"admin\",\"default\":false,\"dictLabel\":\"积分\",\"dictSort\":1,\"dictType\":\"wtb_asset_type\",\"dictValue\":\"1\",\"listClass\":\"default\",\"params\":{},\"status\":\"0\"}', '{\"msg\":\"操作成功\",\"code\":200}', 0, NULL, '2023-06-29 20:08:23', 78);
INSERT INTO `sys_oper_log` VALUES (359, '字典数据', 1, 'com.ruoyi.web.controller.system.SysDictDataController.add()', 'POST', 1, 'admin', NULL, '/system/dict/data', '127.0.0.1', '内网IP', '{\"createBy\":\"admin\",\"default\":false,\"dictLabel\":\"钻石\",\"dictSort\":2,\"dictType\":\"wtb_asset_type\",\"dictValue\":\"2\",\"listClass\":\"default\",\"params\":{},\"status\":\"0\"}', '{\"msg\":\"操作成功\",\"code\":200}', 0, NULL, '2023-06-29 20:08:38', 83);
INSERT INTO `sys_oper_log` VALUES (360, '字典数据', 1, 'com.ruoyi.web.controller.system.SysDictDataController.add()', 'POST', 1, 'admin', NULL, '/system/dict/data', '127.0.0.1', '内网IP', '{\"createBy\":\"admin\",\"default\":false,\"dictLabel\":\"金币\",\"dictSort\":3,\"dictType\":\"wtb_asset_type\",\"dictValue\":\"3\",\"listClass\":\"default\",\"params\":{},\"status\":\"0\"}', '{\"msg\":\"操作成功\",\"code\":200}', 0, NULL, '2023-06-29 20:09:12', 88);
INSERT INTO `sys_oper_log` VALUES (361, '代码生成', 3, 'com.ruoyi.generator.controller.GenController.remove()', 'DELETE', 1, 'admin', NULL, '/tool/gen/11', '127.0.0.1', '内网IP', '{}', '{\"msg\":\"操作成功\",\"code\":200}', 0, NULL, '2023-06-29 20:13:30', 104);
INSERT INTO `sys_oper_log` VALUES (362, '代码生成', 6, 'com.ruoyi.generator.controller.GenController.importTableSave()', 'POST', 1, 'admin', NULL, '/tool/gen/importTable', '127.0.0.1', '内网IP', '{\"tables\":\"user_assets,asset_details\"}', '{\"msg\":\"操作成功\",\"code\":200}', 0, NULL, '2023-06-29 20:17:14', 375);
INSERT INTO `sys_oper_log` VALUES (363, '代码生成', 2, 'com.ruoyi.generator.controller.GenController.editSave()', 'PUT', 1, 'admin', NULL, '/tool/gen', '127.0.0.1', '内网IP', '{\"businessName\":\"assets\",\"className\":\"UserAssets\",\"columns\":[{\"capJavaField\":\"Id\",\"columnComment\":\"id\",\"columnId\":147,\"columnName\":\"id\",\"columnType\":\"int\",\"createBy\":\"admin\",\"createTime\":\"2023-06-29 20:17:14\",\"dictType\":\"\",\"edit\":false,\"htmlType\":\"input\",\"increment\":true,\"insert\":true,\"isIncrement\":\"1\",\"isInsert\":\"1\",\"isPk\":\"1\",\"javaField\":\"id\",\"javaType\":\"Long\",\"list\":false,\"params\":{},\"pk\":true,\"query\":false,\"queryType\":\"EQ\",\"required\":false,\"sort\":1,\"superColumn\":false,\"tableId\":13,\"updateBy\":\"\",\"usableColumn\":false},{\"capJavaField\":\"UserId\",\"columnComment\":\"用户id\",\"columnId\":148,\"columnName\":\"user_id\",\"columnType\":\"int\",\"createBy\":\"admin\",\"createTime\":\"2023-06-29 20:17:14\",\"dictType\":\"\",\"edit\":true,\"htmlType\":\"input\",\"increment\":false,\"insert\":true,\"isEdit\":\"1\",\"isIncrement\":\"0\",\"isInsert\":\"1\",\"isList\":\"1\",\"isPk\":\"0\",\"isQuery\":\"1\",\"isRequired\":\"1\",\"javaField\":\"userId\",\"javaType\":\"Long\",\"list\":true,\"params\":{},\"pk\":false,\"query\":true,\"queryType\":\"EQ\",\"required\":true,\"sort\":2,\"superColumn\":false,\"tableId\":13,\"updateBy\":\"\",\"usableColumn\":false},{\"capJavaField\":\"UserPhone\",\"columnComment\":\"用户手机号\",\"columnId\":149,\"columnName\":\"user_phone\",\"columnType\":\"varchar(32)\",\"createBy\":\"admin\",\"createTime\":\"2023-06-29 20:17:14\",\"dictType\":\"\",\"edit\":true,\"htmlType\":\"input\",\"increment\":false,\"insert\":true,\"isEdit\":\"1\",\"isIncrement\":\"0\",\"isInsert\":\"1\",\"isList\":\"1\",\"isPk\":\"0\",\"isQuery\":\"1\",\"isRequired\":\"1\",\"javaField\":\"userPhone\",\"javaType\":\"String\",\"list\":true,\"params\":{},\"pk\":false,\"query\":true,\"queryType\":\"LIKE\",\"required\":true,\"sort\":3,\"superColumn\":false,\"tableId\":13,\"updateBy\":\"\",\"usableColumn\":false},{\"capJavaField\":\"NickName\",\"columnComment\":\"用户昵称\",\"columnId\":150,\"columnName\":\"nick_name\",\"columnType\":\"varchar(32)\",\"createBy\":\"admin\",\"createTime\":\"2023-06-29 20:17:14\",\"dictType\":\"\",\"edit\":true,\"htmlType\":\"input\",\"increment\":false,\"insert\":true,\"isEdit\":\"1\",\"isIncrement\":\"0\",\"isInsert\":\"1\",\"isList\":\"1\",\"isPk\":\"0\",\"isQuery\":\"1\",\"javaField\":\"nickName\",\"javaType\":\"String\",\"list\":', '{\"msg\":\"操作成功\",\"code\":200}', 0, NULL, '2023-06-29 20:18:09', 226);
INSERT INTO `sys_oper_log` VALUES (364, '代码生成', 2, 'com.ruoyi.generator.controller.GenController.editSave()', 'PUT', 1, 'admin', NULL, '/tool/gen', '127.0.0.1', '内网IP', '{\"businessName\":\"details\",\"className\":\"AssetDetails\",\"columns\":[{\"capJavaField\":\"Id\",\"columnComment\":\"id\",\"columnId\":136,\"columnName\":\"id\",\"columnType\":\"int\",\"createBy\":\"admin\",\"createTime\":\"2023-06-29 20:17:14\",\"dictType\":\"\",\"edit\":false,\"htmlType\":\"input\",\"increment\":true,\"insert\":true,\"isIncrement\":\"1\",\"isInsert\":\"1\",\"isPk\":\"1\",\"javaField\":\"id\",\"javaType\":\"Long\",\"list\":false,\"params\":{},\"pk\":true,\"query\":false,\"queryType\":\"EQ\",\"required\":false,\"sort\":1,\"superColumn\":false,\"tableId\":12,\"updateBy\":\"\",\"usableColumn\":false},{\"capJavaField\":\"UserId\",\"columnComment\":\"用户id\",\"columnId\":137,\"columnName\":\"user_id\",\"columnType\":\"int\",\"createBy\":\"admin\",\"createTime\":\"2023-06-29 20:17:14\",\"dictType\":\"\",\"edit\":true,\"htmlType\":\"input\",\"increment\":false,\"insert\":true,\"isEdit\":\"1\",\"isIncrement\":\"0\",\"isInsert\":\"1\",\"isList\":\"1\",\"isPk\":\"0\",\"isQuery\":\"1\",\"isRequired\":\"1\",\"javaField\":\"userId\",\"javaType\":\"Long\",\"list\":true,\"params\":{},\"pk\":false,\"query\":true,\"queryType\":\"EQ\",\"required\":true,\"sort\":2,\"superColumn\":false,\"tableId\":12,\"updateBy\":\"\",\"usableColumn\":false},{\"capJavaField\":\"UserPhone\",\"columnComment\":\"用户手机号\",\"columnId\":138,\"columnName\":\"user_phone\",\"columnType\":\"varchar(32)\",\"createBy\":\"admin\",\"createTime\":\"2023-06-29 20:17:14\",\"dictType\":\"\",\"edit\":true,\"htmlType\":\"input\",\"increment\":false,\"insert\":true,\"isEdit\":\"1\",\"isIncrement\":\"0\",\"isInsert\":\"1\",\"isList\":\"1\",\"isPk\":\"0\",\"isQuery\":\"1\",\"isRequired\":\"1\",\"javaField\":\"userPhone\",\"javaType\":\"String\",\"list\":true,\"params\":{},\"pk\":false,\"query\":true,\"queryType\":\"EQ\",\"required\":true,\"sort\":3,\"superColumn\":false,\"tableId\":12,\"updateBy\":\"\",\"usableColumn\":false},{\"capJavaField\":\"Type\",\"columnComment\":\"类型\",\"columnId\":139,\"columnName\":\"type\",\"columnType\":\"int\",\"createBy\":\"admin\",\"createTime\":\"2023-06-29 20:17:14\",\"dictType\":\"wtb_asset_type\",\"edit\":true,\"htmlType\":\"select\",\"increment\":false,\"insert\":true,\"isEdit\":\"1\",\"isIncrement\":\"0\",\"isInsert\":\"1\",\"isList\":\"1\",\"isPk\":\"0\",\"isQuery\":\"1\",\"javaField\":\"type\",\"javaType\":\"Long\",\"list\":true,\"par', '{\"msg\":\"操作成功\",\"code\":200}', 0, NULL, '2023-06-29 20:18:42', 205);
INSERT INTO `sys_oper_log` VALUES (365, '代码生成', 2, 'com.ruoyi.generator.controller.GenController.editSave()', 'PUT', 1, 'admin', NULL, '/tool/gen', '127.0.0.1', '内网IP', '{\"businessName\":\"assetDetails\",\"className\":\"AssetDetails\",\"columns\":[{\"capJavaField\":\"Id\",\"columnComment\":\"id\",\"columnId\":136,\"columnName\":\"id\",\"columnType\":\"int\",\"createBy\":\"admin\",\"createTime\":\"2023-06-29 20:17:14\",\"dictType\":\"\",\"edit\":false,\"htmlType\":\"input\",\"increment\":true,\"insert\":true,\"isIncrement\":\"1\",\"isInsert\":\"1\",\"isPk\":\"1\",\"javaField\":\"id\",\"javaType\":\"Long\",\"list\":false,\"params\":{},\"pk\":true,\"query\":false,\"queryType\":\"EQ\",\"required\":false,\"sort\":1,\"superColumn\":false,\"tableId\":12,\"updateBy\":\"\",\"updateTime\":\"2023-06-29 20:18:42\",\"usableColumn\":false},{\"capJavaField\":\"UserId\",\"columnComment\":\"用户id\",\"columnId\":137,\"columnName\":\"user_id\",\"columnType\":\"int\",\"createBy\":\"admin\",\"createTime\":\"2023-06-29 20:17:14\",\"dictType\":\"\",\"edit\":true,\"htmlType\":\"input\",\"increment\":false,\"insert\":true,\"isEdit\":\"1\",\"isIncrement\":\"0\",\"isInsert\":\"1\",\"isList\":\"1\",\"isPk\":\"0\",\"isQuery\":\"1\",\"isRequired\":\"1\",\"javaField\":\"userId\",\"javaType\":\"Long\",\"list\":true,\"params\":{},\"pk\":false,\"query\":true,\"queryType\":\"EQ\",\"required\":true,\"sort\":2,\"superColumn\":false,\"tableId\":12,\"updateBy\":\"\",\"updateTime\":\"2023-06-29 20:18:42\",\"usableColumn\":false},{\"capJavaField\":\"UserPhone\",\"columnComment\":\"用户手机号\",\"columnId\":138,\"columnName\":\"user_phone\",\"columnType\":\"varchar(32)\",\"createBy\":\"admin\",\"createTime\":\"2023-06-29 20:17:14\",\"dictType\":\"\",\"edit\":true,\"htmlType\":\"input\",\"increment\":false,\"insert\":true,\"isEdit\":\"1\",\"isIncrement\":\"0\",\"isInsert\":\"1\",\"isList\":\"1\",\"isPk\":\"0\",\"isQuery\":\"1\",\"isRequired\":\"1\",\"javaField\":\"userPhone\",\"javaType\":\"String\",\"list\":true,\"params\":{},\"pk\":false,\"query\":true,\"queryType\":\"EQ\",\"required\":true,\"sort\":3,\"superColumn\":false,\"tableId\":12,\"updateBy\":\"\",\"updateTime\":\"2023-06-29 20:18:42\",\"usableColumn\":false},{\"capJavaField\":\"Type\",\"columnComment\":\"类型\",\"columnId\":139,\"columnName\":\"type\",\"columnType\":\"int\",\"createBy\":\"admin\",\"createTime\":\"2023-06-29 20:17:14\",\"dictType\":\"wtb_asset_type\",\"edit\":true,\"htmlType\":\"select\",\"increment\":false,\"insert\":true,\"isEdit\":\"1\",\"isIncrement\":', '{\"msg\":\"操作成功\",\"code\":200}', 0, NULL, '2023-06-29 20:19:18', 208);
INSERT INTO `sys_oper_log` VALUES (366, '代码生成', 8, 'com.ruoyi.generator.controller.GenController.batchGenCode()', 'GET', 1, 'admin', NULL, '/tool/gen/batchGenCode', '127.0.0.1', '内网IP', '{\"tables\":\"user_assets\"}', NULL, 0, NULL, '2023-06-29 20:19:22', 197);
INSERT INTO `sys_oper_log` VALUES (367, '菜单管理', 1, 'com.ruoyi.web.controller.system.SysMenuController.add()', 'POST', 1, 'admin', NULL, '/system/menu', '127.0.0.1', '内网IP', '{\"children\":[],\"createBy\":\"admin\",\"icon\":\"money\",\"isCache\":\"0\",\"isFrame\":\"1\",\"menuName\":\"用户资产管理\",\"menuType\":\"M\",\"orderNum\":6,\"params\":{},\"parentId\":0,\"path\":\"assetManagement\",\"status\":\"0\",\"visible\":\"0\"}', '{\"msg\":\"操作成功\",\"code\":200}', 0, NULL, '2023-06-30 09:55:35', 119);
INSERT INTO `sys_oper_log` VALUES (368, '菜单管理', 2, 'com.ruoyi.web.controller.system.SysMenuController.edit()', 'PUT', 1, 'admin', NULL, '/system/menu', '127.0.0.1', '内网IP', '{\"children\":[],\"component\":\"qwk/assets/index\",\"createTime\":\"2023-06-29 20:23:32\",\"icon\":\"#\",\"isCache\":\"0\",\"isFrame\":\"1\",\"menuId\":2041,\"menuName\":\"用户资产 \",\"menuType\":\"C\",\"orderNum\":1,\"params\":{},\"parentId\":2047,\"path\":\"assets\",\"perms\":\"qwk:assets:list\",\"status\":\"0\",\"updateBy\":\"admin\",\"visible\":\"0\"}', '{\"msg\":\"操作成功\",\"code\":200}', 0, NULL, '2023-06-30 09:55:59', 73);
INSERT INTO `sys_oper_log` VALUES (369, '代码生成', 2, 'com.ruoyi.generator.controller.GenController.editSave()', 'PUT', 1, 'admin', NULL, '/tool/gen', '127.0.0.1', '内网IP', '{\"businessName\":\"assetDetails\",\"className\":\"AssetDetails\",\"columns\":[{\"capJavaField\":\"Id\",\"columnComment\":\"id\",\"columnId\":136,\"columnName\":\"id\",\"columnType\":\"int\",\"createBy\":\"admin\",\"createTime\":\"2023-06-29 20:17:14\",\"dictType\":\"\",\"edit\":false,\"htmlType\":\"input\",\"increment\":true,\"insert\":true,\"isIncrement\":\"1\",\"isInsert\":\"1\",\"isPk\":\"1\",\"javaField\":\"id\",\"javaType\":\"Long\",\"list\":false,\"params\":{},\"pk\":true,\"query\":false,\"queryType\":\"EQ\",\"required\":false,\"sort\":1,\"superColumn\":false,\"tableId\":12,\"updateBy\":\"\",\"updateTime\":\"2023-06-29 20:19:18\",\"usableColumn\":false},{\"capJavaField\":\"UserId\",\"columnComment\":\"用户id\",\"columnId\":137,\"columnName\":\"user_id\",\"columnType\":\"int\",\"createBy\":\"admin\",\"createTime\":\"2023-06-29 20:17:14\",\"dictType\":\"\",\"edit\":true,\"htmlType\":\"input\",\"increment\":false,\"insert\":true,\"isEdit\":\"1\",\"isIncrement\":\"0\",\"isInsert\":\"1\",\"isList\":\"1\",\"isPk\":\"0\",\"isQuery\":\"1\",\"isRequired\":\"1\",\"javaField\":\"userId\",\"javaType\":\"Long\",\"list\":true,\"params\":{},\"pk\":false,\"query\":true,\"queryType\":\"EQ\",\"required\":true,\"sort\":2,\"superColumn\":false,\"tableId\":12,\"updateBy\":\"\",\"updateTime\":\"2023-06-29 20:19:18\",\"usableColumn\":false},{\"capJavaField\":\"UserPhone\",\"columnComment\":\"用户手机号\",\"columnId\":138,\"columnName\":\"user_phone\",\"columnType\":\"varchar(32)\",\"createBy\":\"admin\",\"createTime\":\"2023-06-29 20:17:14\",\"dictType\":\"\",\"edit\":true,\"htmlType\":\"input\",\"increment\":false,\"insert\":true,\"isEdit\":\"1\",\"isIncrement\":\"0\",\"isInsert\":\"1\",\"isList\":\"1\",\"isPk\":\"0\",\"isQuery\":\"1\",\"isRequired\":\"1\",\"javaField\":\"userPhone\",\"javaType\":\"String\",\"list\":true,\"params\":{},\"pk\":false,\"query\":true,\"queryType\":\"EQ\",\"required\":true,\"sort\":3,\"superColumn\":false,\"tableId\":12,\"updateBy\":\"\",\"updateTime\":\"2023-06-29 20:19:18\",\"usableColumn\":false},{\"capJavaField\":\"Type\",\"columnComment\":\"类型\",\"columnId\":139,\"columnName\":\"type\",\"columnType\":\"int\",\"createBy\":\"admin\",\"createTime\":\"2023-06-29 20:17:14\",\"dictType\":\"wtb_asset_type\",\"edit\":true,\"htmlType\":\"select\",\"increment\":false,\"insert\":true,\"isEdit\":\"1\",\"isIncrement\":', '{\"msg\":\"操作成功\",\"code\":200}', 0, NULL, '2023-06-30 11:48:45', 281);
INSERT INTO `sys_oper_log` VALUES (370, '代码生成', 8, 'com.ruoyi.generator.controller.GenController.batchGenCode()', 'GET', 1, 'admin', NULL, '/tool/gen/batchGenCode', '127.0.0.1', '内网IP', '{\"tables\":\"asset_details\"}', NULL, 0, NULL, '2023-06-30 11:48:54', 100);
INSERT INTO `sys_oper_log` VALUES (371, '菜单管理', 2, 'com.ruoyi.web.controller.system.SysMenuController.edit()', 'PUT', 1, 'admin', NULL, '/system/menu', '127.0.0.1', '内网IP', '{\"children\":[],\"component\":\"qwk/assetDetails/index\",\"createTime\":\"2023-06-30 12:00:13\",\"icon\":\"#\",\"isCache\":\"0\",\"isFrame\":\"1\",\"menuId\":2048,\"menuName\":\"资产详情 \",\"menuType\":\"C\",\"orderNum\":1,\"params\":{},\"parentId\":2047,\"path\":\"assetDetails\",\"perms\":\"qwk:assetDetails:list\",\"status\":\"0\",\"updateBy\":\"admin\",\"visible\":\"0\"}', '{\"msg\":\"操作成功\",\"code\":200}', 0, NULL, '2023-06-30 12:00:53', 110);
INSERT INTO `sys_oper_log` VALUES (372, '资产详情 ', 1, 'com.ruoyi.qwk.controller.AssetDetailsController.add()', 'POST', 1, 'admin', NULL, '/qwk/assetDetails', '127.0.0.1', '内网IP', '{\"balance\":\"1000\",\"id\":1,\"params\":{},\"records\":\"+100\",\"type\":1,\"updatedTime\":\"2023-06-30\",\"userId\":1,\"userPhone\":\"11111111111\"}', '{\"msg\":\"操作成功\",\"code\":200}', 0, NULL, '2023-06-30 14:28:17', 100);
INSERT INTO `sys_oper_log` VALUES (373, '资产详情 ', 1, 'com.ruoyi.qwk.controller.AssetDetailsController.add()', 'POST', 1, 'admin', NULL, '/qwk/assetDetails', '127.0.0.1', '内网IP', '{\"balance\":\"1000\",\"id\":2,\"params\":{},\"records\":\"-100\",\"type\":2,\"updatedTime\":\"2023-06-30\",\"userId\":1,\"userPhone\":\"11111111\"}', '{\"msg\":\"操作成功\",\"code\":200}', 0, NULL, '2023-06-30 14:28:42', 98);
INSERT INTO `sys_oper_log` VALUES (374, '资产详情 ', 1, 'com.ruoyi.qwk.controller.AssetDetailsController.add()', 'POST', 1, 'admin', NULL, '/qwk/assetDetails', '127.0.0.1', '内网IP', '{\"balance\":\"1000\",\"id\":3,\"params\":{},\"records\":\"+500\",\"type\":3,\"updatedTime\":\"2023-06-30\",\"userId\":1,\"userPhone\":\"1111111111\"}', '{\"msg\":\"操作成功\",\"code\":200}', 0, NULL, '2023-06-30 14:29:04', 77);
INSERT INTO `sys_oper_log` VALUES (375, '资产详情 ', 1, 'com.ruoyi.qwk.controller.AssetDetailsController.add()', 'POST', 1, 'admin', NULL, '/qwk/assetDetails', '127.0.0.1', '内网IP', '{\"balance\":\"1000\",\"id\":4,\"params\":{},\"records\":\"+100\",\"type\":1,\"updatedTime\":\"2023-06-24\",\"userId\":100,\"userPhone\":\"11111111\"}', '{\"msg\":\"操作成功\",\"code\":200}', 0, NULL, '2023-06-30 14:30:36', 77);
INSERT INTO `sys_oper_log` VALUES (376, '资产详情 ', 1, 'com.ruoyi.qwk.controller.AssetDetailsController.add()', 'POST', 1, 'admin', NULL, '/qwk/assetDetails', '127.0.0.1', '内网IP', '{\"balance\":\"1000\",\"id\":5,\"params\":{},\"records\":\"+100\",\"type\":2,\"updatedTime\":\"2023-06-30\",\"userId\":100,\"userPhone\":\"111111111\"}', '{\"msg\":\"操作成功\",\"code\":200}', 0, NULL, '2023-06-30 14:31:06', 68);
INSERT INTO `sys_oper_log` VALUES (377, '资产详情 ', 1, 'com.ruoyi.qwk.controller.AssetDetailsController.add()', 'POST', 1, 'admin', NULL, '/qwk/assetDetails', '127.0.0.1', '内网IP', '{\"balance\":\"1000\",\"id\":6,\"params\":{},\"records\":\"+1000\",\"type\":3,\"updatedTime\":\"2023-06-30\",\"userId\":100,\"userPhone\":\"111111111111\"}', '{\"msg\":\"操作成功\",\"code\":200}', 0, NULL, '2023-06-30 14:31:30', 71);
INSERT INTO `sys_oper_log` VALUES (378, '代码生成', 6, 'com.ruoyi.generator.controller.GenController.importTableSave()', 'POST', 1, 'admin', NULL, '/tool/gen/importTable', '127.0.0.1', '内网IP', '{\"tables\":\"money_ratio,recharge_bill\"}', '{\"msg\":\"操作成功\",\"code\":200}', 0, NULL, '2023-06-30 15:16:47', 4331);
INSERT INTO `sys_oper_log` VALUES (379, '代码生成', 2, 'com.ruoyi.generator.controller.GenController.editSave()', 'PUT', 1, 'admin', NULL, '/tool/gen', '127.0.0.1', '内网IP', '{\"businessName\":\"ratio\",\"className\":\"MoneyRatio\",\"columns\":[{\"capJavaField\":\"Id\",\"columnComment\":\"id\",\"columnId\":157,\"columnName\":\"id\",\"columnType\":\"int\",\"createBy\":\"admin\",\"createTime\":\"2023-06-30 15:16:43\",\"dictType\":\"\",\"edit\":false,\"htmlType\":\"input\",\"increment\":true,\"insert\":true,\"isIncrement\":\"1\",\"isInsert\":\"1\",\"isPk\":\"1\",\"javaField\":\"id\",\"javaType\":\"Long\",\"list\":false,\"params\":{},\"pk\":true,\"query\":false,\"queryType\":\"EQ\",\"required\":false,\"sort\":1,\"superColumn\":false,\"tableId\":14,\"updateBy\":\"\",\"usableColumn\":false},{\"capJavaField\":\"Type\",\"columnComment\":\"充值类型\",\"columnId\":158,\"columnName\":\"type\",\"columnType\":\"int\",\"createBy\":\"admin\",\"createTime\":\"2023-06-30 15:16:43\",\"dictType\":\"wtb_asset_type\",\"edit\":true,\"htmlType\":\"select\",\"increment\":false,\"insert\":true,\"isEdit\":\"1\",\"isIncrement\":\"0\",\"isInsert\":\"1\",\"isList\":\"1\",\"isPk\":\"0\",\"isQuery\":\"1\",\"isRequired\":\"1\",\"javaField\":\"type\",\"javaType\":\"Long\",\"list\":true,\"params\":{},\"pk\":false,\"query\":true,\"queryType\":\"EQ\",\"required\":true,\"sort\":2,\"superColumn\":false,\"tableId\":14,\"updateBy\":\"\",\"usableColumn\":false},{\"capJavaField\":\"GearPosition\",\"columnComment\":\"充值档位\",\"columnId\":159,\"columnName\":\"gear_position\",\"columnType\":\"varchar(3072)\",\"createBy\":\"admin\",\"createTime\":\"2023-06-30 15:16:43\",\"dictType\":\"\",\"edit\":true,\"htmlType\":\"textarea\",\"increment\":false,\"insert\":true,\"isEdit\":\"1\",\"isIncrement\":\"0\",\"isInsert\":\"1\",\"isList\":\"1\",\"isPk\":\"0\",\"isQuery\":\"1\",\"javaField\":\"gearPosition\",\"javaType\":\"String\",\"list\":true,\"params\":{},\"pk\":false,\"query\":true,\"queryType\":\"EQ\",\"required\":false,\"sort\":3,\"superColumn\":false,\"tableId\":14,\"updateBy\":\"\",\"usableColumn\":false},{\"capJavaField\":\"MoneyProportion\",\"columnComment\":\"现金占比\",\"columnId\":160,\"columnName\":\"money_proportion\",\"columnType\":\"varchar(64)\",\"createBy\":\"admin\",\"createTime\":\"2023-06-30 15:16:43\",\"dictType\":\"\",\"edit\":true,\"htmlType\":\"input\",\"increment\":false,\"insert\":true,\"isEdit\":\"1\",\"isIncrement\":\"0\",\"isInsert\":\"1\",\"isList\":\"1\",\"isPk\":\"0\",\"isQuery\":\"1\",\"javaField\":\"moneyProportion\",\"jav', '{\"msg\":\"操作成功\",\"code\":200}', 0, NULL, '2023-06-30 15:20:22', 217);
INSERT INTO `sys_oper_log` VALUES (380, '代码生成', 8, 'com.ruoyi.generator.controller.GenController.batchGenCode()', 'GET', 1, 'admin', NULL, '/tool/gen/batchGenCode', '127.0.0.1', '内网IP', '{\"tables\":\"money_ratio\"}', NULL, 0, NULL, '2023-06-30 15:20:27', 217);
INSERT INTO `sys_oper_log` VALUES (381, '代码生成', 2, 'com.ruoyi.generator.controller.GenController.editSave()', 'PUT', 1, 'admin', NULL, '/tool/gen', '127.0.0.1', '内网IP', '{\"businessName\":\"moneyRatio\",\"className\":\"MoneyRatio\",\"columns\":[{\"capJavaField\":\"Id\",\"columnComment\":\"id\",\"columnId\":157,\"columnName\":\"id\",\"columnType\":\"int\",\"createBy\":\"admin\",\"createTime\":\"2023-06-30 15:16:43\",\"dictType\":\"\",\"edit\":false,\"htmlType\":\"input\",\"increment\":true,\"insert\":true,\"isIncrement\":\"1\",\"isInsert\":\"1\",\"isPk\":\"1\",\"javaField\":\"id\",\"javaType\":\"Long\",\"list\":false,\"params\":{},\"pk\":true,\"query\":false,\"queryType\":\"EQ\",\"required\":false,\"sort\":1,\"superColumn\":false,\"tableId\":14,\"updateBy\":\"\",\"updateTime\":\"2023-06-30 15:20:22\",\"usableColumn\":false},{\"capJavaField\":\"Type\",\"columnComment\":\"充值类型\",\"columnId\":158,\"columnName\":\"type\",\"columnType\":\"int\",\"createBy\":\"admin\",\"createTime\":\"2023-06-30 15:16:43\",\"dictType\":\"wtb_asset_type\",\"edit\":true,\"htmlType\":\"select\",\"increment\":false,\"insert\":true,\"isEdit\":\"1\",\"isIncrement\":\"0\",\"isInsert\":\"1\",\"isList\":\"1\",\"isPk\":\"0\",\"isQuery\":\"1\",\"isRequired\":\"1\",\"javaField\":\"type\",\"javaType\":\"Long\",\"list\":true,\"params\":{},\"pk\":false,\"query\":true,\"queryType\":\"EQ\",\"required\":true,\"sort\":2,\"superColumn\":false,\"tableId\":14,\"updateBy\":\"\",\"updateTime\":\"2023-06-30 15:20:22\",\"usableColumn\":false},{\"capJavaField\":\"GearPosition\",\"columnComment\":\"充值档位\",\"columnId\":159,\"columnName\":\"gear_position\",\"columnType\":\"varchar(3072)\",\"createBy\":\"admin\",\"createTime\":\"2023-06-30 15:16:43\",\"dictType\":\"\",\"edit\":true,\"htmlType\":\"textarea\",\"increment\":false,\"insert\":true,\"isEdit\":\"1\",\"isIncrement\":\"0\",\"isInsert\":\"1\",\"isList\":\"1\",\"isPk\":\"0\",\"isQuery\":\"1\",\"javaField\":\"gearPosition\",\"javaType\":\"String\",\"list\":true,\"params\":{},\"pk\":false,\"query\":true,\"queryType\":\"EQ\",\"required\":false,\"sort\":3,\"superColumn\":false,\"tableId\":14,\"updateBy\":\"\",\"updateTime\":\"2023-06-30 15:20:22\",\"usableColumn\":false},{\"capJavaField\":\"MoneyProportion\",\"columnComment\":\"现金占比\",\"columnId\":160,\"columnName\":\"money_proportion\",\"columnType\":\"varchar(64)\",\"createBy\":\"admin\",\"createTime\":\"2023-06-30 15:16:43\",\"dictType\":\"\",\"edit\":true,\"htmlType\":\"input\",\"increment\":false,\"insert\":true,\"isEdit\"', '{\"msg\":\"操作成功\",\"code\":200}', 0, NULL, '2023-06-30 15:37:51', 668);
INSERT INTO `sys_oper_log` VALUES (382, '代码生成', 8, 'com.ruoyi.generator.controller.GenController.batchGenCode()', 'GET', 1, 'admin', NULL, '/tool/gen/batchGenCode', '127.0.0.1', '内网IP', '{\"tables\":\"money_ratio\"}', NULL, 0, NULL, '2023-06-30 15:37:57', 87);
INSERT INTO `sys_oper_log` VALUES (383, '菜单管理', 1, 'com.ruoyi.web.controller.system.SysMenuController.add()', 'POST', 1, 'admin', NULL, '/system/menu', '127.0.0.1', '内网IP', '{\"children\":[],\"createBy\":\"admin\",\"icon\":\"redis-list\",\"isCache\":\"0\",\"isFrame\":\"1\",\"menuName\":\"充值中心\",\"menuType\":\"M\",\"orderNum\":7,\"params\":{},\"parentId\":0,\"path\":\"recharge\",\"status\":\"0\",\"visible\":\"0\"}', '{\"msg\":\"操作成功\",\"code\":200}', 0, NULL, '2023-06-30 16:02:11', 119);
INSERT INTO `sys_oper_log` VALUES (384, '菜单管理', 2, 'com.ruoyi.web.controller.system.SysMenuController.edit()', 'PUT', 1, 'admin', NULL, '/system/menu', '127.0.0.1', '内网IP', '{\"children\":[],\"component\":\"qwk/moneyRatio/index\",\"createTime\":\"2023-06-30 15:50:18\",\"icon\":\"#\",\"isCache\":\"0\",\"isFrame\":\"1\",\"menuId\":2054,\"menuName\":\"充值档位及比例 \",\"menuType\":\"C\",\"orderNum\":1,\"params\":{},\"parentId\":2060,\"path\":\"moneyRatio\",\"perms\":\"qwk:moneyRatio:list\",\"status\":\"0\",\"updateBy\":\"admin\",\"visible\":\"0\"}', '{\"msg\":\"操作成功\",\"code\":200}', 0, NULL, '2023-06-30 16:02:39', 83);
INSERT INTO `sys_oper_log` VALUES (385, '菜单管理', 2, 'com.ruoyi.web.controller.system.SysMenuController.edit()', 'PUT', 1, 'admin', NULL, '/system/menu', '127.0.0.1', '内网IP', '{\"children\":[],\"component\":\"qwk/assetDetails/index\",\"createTime\":\"2023-06-30 12:00:13\",\"icon\":\"#\",\"isCache\":\"0\",\"isFrame\":\"1\",\"menuId\":2048,\"menuName\":\"资产详情 \",\"menuType\":\"C\",\"orderNum\":2,\"params\":{},\"parentId\":2047,\"path\":\"assetDetails\",\"perms\":\"qwk:assetDetails:list\",\"status\":\"0\",\"updateBy\":\"admin\",\"visible\":\"0\"}', '{\"msg\":\"操作成功\",\"code\":200}', 0, NULL, '2023-06-30 16:02:53', 81);
INSERT INTO `sys_oper_log` VALUES (386, '充值档位及比例 ', 1, 'com.ruoyi.qwk.controller.MoneyRatioController.add()', 'POST', 1, 'admin', NULL, '/qwk/moneyRatio', '127.0.0.1', '内网IP', '{\"gearPosition\":\"10,30,50,100,150,200,300\",\"id\":1,\"moneyProportion\":\"1\",\"params\":{},\"type\":1,\"unrealProportion\":\"10\"}', '{\"msg\":\"操作成功\",\"code\":200}', 0, NULL, '2023-06-30 16:08:40', 75);
INSERT INTO `sys_oper_log` VALUES (387, '充值档位及比例 ', 1, 'com.ruoyi.qwk.controller.MoneyRatioController.add()', 'POST', 1, 'admin', NULL, '/qwk/moneyRatio', '127.0.0.1', '内网IP', '{\"gearPosition\":\"10,20,30,50,100,150,200\",\"id\":2,\"moneyProportion\":\"1\",\"params\":{},\"type\":2,\"unrealProportion\":\"10\"}', '{\"msg\":\"操作成功\",\"code\":200}', 0, NULL, '2023-06-30 16:16:09', 431);
INSERT INTO `sys_oper_log` VALUES (388, '代码生成', 3, 'com.ruoyi.generator.controller.GenController.remove()', 'DELETE', 1, 'admin', NULL, '/tool/gen/15', '127.0.0.1', '内网IP', '{}', '{\"msg\":\"操作成功\",\"code\":200}', 0, NULL, '2023-06-30 16:17:02', 133);
INSERT INTO `sys_oper_log` VALUES (389, '代码生成', 6, 'com.ruoyi.generator.controller.GenController.importTableSave()', 'POST', 1, 'admin', NULL, '/tool/gen/importTable', '127.0.0.1', '内网IP', '{\"tables\":\"recharge_bill\"}', '{\"msg\":\"操作成功\",\"code\":200}', 0, NULL, '2023-06-30 16:19:21', 187);
INSERT INTO `sys_oper_log` VALUES (390, '代码生成', 2, 'com.ruoyi.generator.controller.GenController.editSave()', 'PUT', 1, 'admin', NULL, '/tool/gen', '127.0.0.1', '内网IP', '{\"businessName\":\"bill\",\"className\":\"RechargeBill\",\"columns\":[{\"capJavaField\":\"Id\",\"columnComment\":\"id\",\"columnId\":178,\"columnName\":\"id\",\"columnType\":\"int\",\"createBy\":\"admin\",\"createTime\":\"2023-06-30 16:19:21\",\"dictType\":\"\",\"edit\":false,\"htmlType\":\"input\",\"increment\":true,\"insert\":true,\"isIncrement\":\"1\",\"isInsert\":\"1\",\"isPk\":\"1\",\"javaField\":\"id\",\"javaType\":\"Long\",\"list\":false,\"params\":{},\"pk\":true,\"query\":false,\"queryType\":\"EQ\",\"required\":false,\"sort\":1,\"superColumn\":false,\"tableId\":16,\"updateBy\":\"\",\"usableColumn\":false},{\"capJavaField\":\"OrderNumber\",\"columnComment\":\"订单编号\",\"columnId\":179,\"columnName\":\"order_number\",\"columnType\":\"varchar(64)\",\"createBy\":\"admin\",\"createTime\":\"2023-06-30 16:19:21\",\"dictType\":\"\",\"edit\":true,\"htmlType\":\"input\",\"increment\":false,\"insert\":true,\"isEdit\":\"1\",\"isIncrement\":\"0\",\"isInsert\":\"1\",\"isList\":\"1\",\"isPk\":\"0\",\"isQuery\":\"1\",\"isRequired\":\"1\",\"javaField\":\"orderNumber\",\"javaType\":\"String\",\"list\":true,\"params\":{},\"pk\":false,\"query\":true,\"queryType\":\"EQ\",\"required\":true,\"sort\":2,\"superColumn\":false,\"tableId\":16,\"updateBy\":\"\",\"usableColumn\":false},{\"capJavaField\":\"UserId\",\"columnComment\":\"用户id\",\"columnId\":180,\"columnName\":\"user_id\",\"columnType\":\"int\",\"createBy\":\"admin\",\"createTime\":\"2023-06-30 16:19:21\",\"dictType\":\"\",\"edit\":true,\"htmlType\":\"input\",\"increment\":false,\"insert\":true,\"isEdit\":\"1\",\"isIncrement\":\"0\",\"isInsert\":\"1\",\"isList\":\"1\",\"isPk\":\"0\",\"isQuery\":\"1\",\"isRequired\":\"1\",\"javaField\":\"userId\",\"javaType\":\"Long\",\"list\":true,\"params\":{},\"pk\":false,\"query\":true,\"queryType\":\"EQ\",\"required\":true,\"sort\":3,\"superColumn\":false,\"tableId\":16,\"updateBy\":\"\",\"usableColumn\":false},{\"capJavaField\":\"UserPhone\",\"columnComment\":\"用户手机号\",\"columnId\":181,\"columnName\":\"user_phone\",\"columnType\":\"varchar(32)\",\"createBy\":\"admin\",\"createTime\":\"2023-06-30 16:19:21\",\"dictType\":\"\",\"edit\":true,\"htmlType\":\"input\",\"increment\":false,\"insert\":true,\"isEdit\":\"1\",\"isIncrement\":\"0\",\"isInsert\":\"1\",\"isList\":\"1\",\"isPk\":\"0\",\"isQuery\":\"1\",\"javaField\":\"userPhone\",\"javaType\":\"String\",', '{\"msg\":\"操作成功\",\"code\":200}', 0, NULL, '2023-06-30 16:20:43', 205);
INSERT INTO `sys_oper_log` VALUES (391, '代码生成', 2, 'com.ruoyi.generator.controller.GenController.editSave()', 'PUT', 1, 'admin', NULL, '/tool/gen', '127.0.0.1', '内网IP', '{\"businessName\":\"bill\",\"className\":\"RechargeBill\",\"columns\":[{\"capJavaField\":\"Id\",\"columnComment\":\"id\",\"columnId\":178,\"columnName\":\"id\",\"columnType\":\"int\",\"createBy\":\"admin\",\"createTime\":\"2023-06-30 16:19:21\",\"dictType\":\"\",\"edit\":false,\"htmlType\":\"input\",\"increment\":true,\"insert\":true,\"isIncrement\":\"1\",\"isInsert\":\"1\",\"isPk\":\"1\",\"javaField\":\"id\",\"javaType\":\"Long\",\"list\":false,\"params\":{},\"pk\":true,\"query\":false,\"queryType\":\"EQ\",\"required\":false,\"sort\":1,\"superColumn\":false,\"tableId\":16,\"updateBy\":\"\",\"updateTime\":\"2023-06-30 16:20:42\",\"usableColumn\":false},{\"capJavaField\":\"OrderNumber\",\"columnComment\":\"订单编号\",\"columnId\":179,\"columnName\":\"order_number\",\"columnType\":\"varchar(64)\",\"createBy\":\"admin\",\"createTime\":\"2023-06-30 16:19:21\",\"dictType\":\"\",\"edit\":true,\"htmlType\":\"input\",\"increment\":false,\"insert\":true,\"isEdit\":\"1\",\"isIncrement\":\"0\",\"isInsert\":\"1\",\"isList\":\"1\",\"isPk\":\"0\",\"isQuery\":\"1\",\"isRequired\":\"1\",\"javaField\":\"orderNumber\",\"javaType\":\"String\",\"list\":true,\"params\":{},\"pk\":false,\"query\":true,\"queryType\":\"EQ\",\"required\":true,\"sort\":2,\"superColumn\":false,\"tableId\":16,\"updateBy\":\"\",\"updateTime\":\"2023-06-30 16:20:42\",\"usableColumn\":false},{\"capJavaField\":\"UserId\",\"columnComment\":\"用户id\",\"columnId\":180,\"columnName\":\"user_id\",\"columnType\":\"int\",\"createBy\":\"admin\",\"createTime\":\"2023-06-30 16:19:21\",\"dictType\":\"\",\"edit\":true,\"htmlType\":\"input\",\"increment\":false,\"insert\":true,\"isEdit\":\"1\",\"isIncrement\":\"0\",\"isInsert\":\"1\",\"isList\":\"1\",\"isPk\":\"0\",\"isQuery\":\"1\",\"isRequired\":\"1\",\"javaField\":\"userId\",\"javaType\":\"Long\",\"list\":true,\"params\":{},\"pk\":false,\"query\":true,\"queryType\":\"EQ\",\"required\":true,\"sort\":3,\"superColumn\":false,\"tableId\":16,\"updateBy\":\"\",\"updateTime\":\"2023-06-30 16:20:42\",\"usableColumn\":false},{\"capJavaField\":\"UserPhone\",\"columnComment\":\"用户手机号\",\"columnId\":181,\"columnName\":\"user_phone\",\"columnType\":\"varchar(32)\",\"createBy\":\"admin\",\"createTime\":\"2023-06-30 16:19:21\",\"dictType\":\"\",\"edit\":true,\"htmlType\":\"input\",\"increment\":false,\"insert\":true,\"isEdit\":\"1\",\"isIncreme', '{\"msg\":\"操作成功\",\"code\":200}', 0, NULL, '2023-06-30 16:25:56', 208);
INSERT INTO `sys_oper_log` VALUES (392, '代码生成', 8, 'com.ruoyi.generator.controller.GenController.batchGenCode()', 'GET', 1, 'admin', NULL, '/tool/gen/batchGenCode', '127.0.0.1', '内网IP', '{\"tables\":\"recharge_bill\"}', NULL, 0, NULL, '2023-06-30 16:25:59', 113);
INSERT INTO `sys_oper_log` VALUES (393, '代码生成', 6, 'com.ruoyi.generator.controller.GenController.importTableSave()', 'POST', 1, 'admin', NULL, '/tool/gen/importTable', '127.0.0.1', '内网IP', '{\"tables\":\"orders,points_details,logistics\"}', '{\"msg\":\"操作成功\",\"code\":200}', 0, NULL, '2023-06-30 17:09:36', 706);
INSERT INTO `sys_oper_log` VALUES (394, '代码生成', 2, 'com.ruoyi.generator.controller.GenController.editSave()', 'PUT', 1, 'admin', NULL, '/tool/gen', '127.0.0.1', '内网IP', '{\"businessName\":\"logistics\",\"className\":\"Logistics\",\"columns\":[{\"capJavaField\":\"Id\",\"columnComment\":\"id\",\"columnId\":191,\"columnName\":\"id\",\"columnType\":\"int\",\"createBy\":\"admin\",\"createTime\":\"2023-06-30 17:09:36\",\"dictType\":\"\",\"edit\":false,\"htmlType\":\"input\",\"increment\":true,\"insert\":true,\"isIncrement\":\"1\",\"isInsert\":\"1\",\"isPk\":\"1\",\"javaField\":\"id\",\"javaType\":\"Long\",\"list\":false,\"params\":{},\"pk\":true,\"query\":false,\"queryType\":\"EQ\",\"required\":false,\"sort\":1,\"superColumn\":false,\"tableId\":17,\"updateBy\":\"\",\"usableColumn\":false},{\"capJavaField\":\"OrderNumber\",\"columnComment\":\"订单编号\",\"columnId\":192,\"columnName\":\"order_number\",\"columnType\":\"varchar(64)\",\"createBy\":\"admin\",\"createTime\":\"2023-06-30 17:09:36\",\"dictType\":\"\",\"edit\":true,\"htmlType\":\"input\",\"increment\":false,\"insert\":true,\"isEdit\":\"1\",\"isIncrement\":\"0\",\"isInsert\":\"1\",\"isList\":\"1\",\"isPk\":\"0\",\"isQuery\":\"1\",\"isRequired\":\"1\",\"javaField\":\"orderNumber\",\"javaType\":\"String\",\"list\":true,\"params\":{},\"pk\":false,\"query\":true,\"queryType\":\"LIKE\",\"required\":true,\"sort\":2,\"superColumn\":false,\"tableId\":17,\"updateBy\":\"\",\"usableColumn\":false},{\"capJavaField\":\"GoodsName\",\"columnComment\":\"商品名称\",\"columnId\":193,\"columnName\":\"goods_name\",\"columnType\":\"varchar(64)\",\"createBy\":\"admin\",\"createTime\":\"2023-06-30 17:09:36\",\"dictType\":\"\",\"edit\":true,\"htmlType\":\"input\",\"increment\":false,\"insert\":true,\"isEdit\":\"1\",\"isIncrement\":\"0\",\"isInsert\":\"1\",\"isList\":\"1\",\"isPk\":\"0\",\"isQuery\":\"1\",\"javaField\":\"goodsName\",\"javaType\":\"String\",\"list\":true,\"params\":{},\"pk\":false,\"query\":true,\"queryType\":\"LIKE\",\"required\":false,\"sort\":3,\"superColumn\":false,\"tableId\":17,\"updateBy\":\"\",\"usableColumn\":false},{\"capJavaField\":\"GoodsImage\",\"columnComment\":\"商品图片\",\"columnId\":194,\"columnName\":\"goods_image\",\"columnType\":\"varchar(1024)\",\"createBy\":\"admin\",\"createTime\":\"2023-06-30 17:09:36\",\"dictType\":\"\",\"edit\":true,\"htmlType\":\"imageUpload\",\"increment\":false,\"insert\":true,\"isEdit\":\"1\",\"isIncrement\":\"0\",\"isInsert\":\"1\",\"isList\":\"1\",\"isPk\":\"0\",\"isQuery\":\"1\",\"javaField\":\"goodsImage\",\"', '{\"msg\":\"操作成功\",\"code\":200}', 0, NULL, '2023-06-30 17:55:17', 4011);
INSERT INTO `sys_oper_log` VALUES (395, '代码生成', 2, 'com.ruoyi.generator.controller.GenController.editSave()', 'PUT', 1, 'admin', NULL, '/tool/gen', '127.0.0.1', '内网IP', '{\"businessName\":\"logistics\",\"className\":\"Logistics\",\"columns\":[{\"capJavaField\":\"Id\",\"columnComment\":\"id\",\"columnId\":191,\"columnName\":\"id\",\"columnType\":\"int\",\"createBy\":\"admin\",\"createTime\":\"2023-06-30 17:09:36\",\"dictType\":\"\",\"edit\":false,\"htmlType\":\"input\",\"increment\":true,\"insert\":true,\"isIncrement\":\"1\",\"isInsert\":\"1\",\"isPk\":\"1\",\"javaField\":\"id\",\"javaType\":\"Long\",\"list\":false,\"params\":{},\"pk\":true,\"query\":false,\"queryType\":\"EQ\",\"required\":false,\"sort\":1,\"superColumn\":false,\"tableId\":17,\"updateBy\":\"\",\"usableColumn\":false},{\"capJavaField\":\"OrderNumber\",\"columnComment\":\"订单编号\",\"columnId\":192,\"columnName\":\"order_number\",\"columnType\":\"varchar(64)\",\"createBy\":\"admin\",\"createTime\":\"2023-06-30 17:09:36\",\"dictType\":\"\",\"edit\":true,\"htmlType\":\"input\",\"increment\":false,\"insert\":true,\"isEdit\":\"1\",\"isIncrement\":\"0\",\"isInsert\":\"1\",\"isList\":\"1\",\"isPk\":\"0\",\"isQuery\":\"1\",\"isRequired\":\"1\",\"javaField\":\"orderNumber\",\"javaType\":\"String\",\"list\":true,\"params\":{},\"pk\":false,\"query\":true,\"queryType\":\"LIKE\",\"required\":true,\"sort\":2,\"superColumn\":false,\"tableId\":17,\"updateBy\":\"\",\"usableColumn\":false},{\"capJavaField\":\"GoodsName\",\"columnComment\":\"商品名称\",\"columnId\":193,\"columnName\":\"goods_name\",\"columnType\":\"varchar(64)\",\"createBy\":\"admin\",\"createTime\":\"2023-06-30 17:09:36\",\"dictType\":\"\",\"edit\":true,\"htmlType\":\"input\",\"increment\":false,\"insert\":true,\"isEdit\":\"1\",\"isIncrement\":\"0\",\"isInsert\":\"1\",\"isList\":\"1\",\"isPk\":\"0\",\"isQuery\":\"1\",\"javaField\":\"goodsName\",\"javaType\":\"String\",\"list\":true,\"params\":{},\"pk\":false,\"query\":true,\"queryType\":\"LIKE\",\"required\":false,\"sort\":3,\"superColumn\":false,\"tableId\":17,\"updateBy\":\"\",\"usableColumn\":false},{\"capJavaField\":\"GoodsImage\",\"columnComment\":\"商品图片\",\"columnId\":194,\"columnName\":\"goods_image\",\"columnType\":\"varchar(1024)\",\"createBy\":\"admin\",\"createTime\":\"2023-06-30 17:09:36\",\"dictType\":\"\",\"edit\":true,\"htmlType\":\"imageUpload\",\"increment\":false,\"insert\":true,\"isEdit\":\"1\",\"isIncrement\":\"0\",\"isInsert\":\"1\",\"isList\":\"1\",\"isPk\":\"0\",\"isQuery\":\"1\",\"javaField\":\"goodsImage\",\"', '{\"msg\":\"操作成功\",\"code\":200}', 0, NULL, '2023-06-30 17:55:17', 2356);
INSERT INTO `sys_oper_log` VALUES (396, '代码生成', 8, 'com.ruoyi.generator.controller.GenController.batchGenCode()', 'GET', 1, 'admin', NULL, '/tool/gen/batchGenCode', '127.0.0.1', '内网IP', '{\"tables\":\"logistics\"}', NULL, 0, NULL, '2023-06-30 17:55:52', 217);
INSERT INTO `sys_oper_log` VALUES (397, '菜单管理', 2, 'com.ruoyi.web.controller.system.SysMenuController.edit()', 'PUT', 1, 'admin', NULL, '/system/menu', '127.0.0.1', '内网IP', '{\"children\":[],\"component\":\"qwk/logistics/index\",\"createTime\":\"2023-06-30 18:01:04\",\"icon\":\"#\",\"isCache\":\"0\",\"isFrame\":\"1\",\"menuId\":2067,\"menuName\":\"物流 \",\"menuType\":\"C\",\"orderNum\":3,\"params\":{},\"parentId\":2012,\"path\":\"logistics\",\"perms\":\"qwk:logistics:list\",\"status\":\"0\",\"updateBy\":\"admin\",\"visible\":\"0\"}', '{\"msg\":\"操作成功\",\"code\":200}', 0, NULL, '2023-06-30 18:03:02', 91);
INSERT INTO `sys_oper_log` VALUES (398, '代码生成', 8, 'com.ruoyi.generator.controller.GenController.batchGenCode()', 'GET', 1, 'admin', NULL, '/tool/gen/batchGenCode', '127.0.0.1', '内网IP', '{\"tables\":\"orders\"}', NULL, 0, NULL, '2023-07-01 16:32:30', 288);
INSERT INTO `sys_oper_log` VALUES (399, '代码生成', 2, 'com.ruoyi.generator.controller.GenController.editSave()', 'PUT', 1, 'admin', NULL, '/tool/gen', '127.0.0.1', '内网IP', '{\"businessName\":\"orders\",\"className\":\"Orders\",\"columns\":[{\"capJavaField\":\"Id\",\"columnComment\":\"id\",\"columnId\":204,\"columnName\":\"id\",\"columnType\":\"int\",\"createBy\":\"admin\",\"createTime\":\"2023-06-30 17:09:36\",\"dictType\":\"\",\"edit\":false,\"htmlType\":\"input\",\"increment\":true,\"insert\":true,\"isIncrement\":\"1\",\"isInsert\":\"1\",\"isPk\":\"1\",\"javaField\":\"id\",\"javaType\":\"Long\",\"list\":false,\"params\":{},\"pk\":true,\"query\":false,\"queryType\":\"EQ\",\"required\":false,\"sort\":1,\"superColumn\":false,\"tableId\":18,\"updateBy\":\"\",\"usableColumn\":false},{\"capJavaField\":\"OrderNumber\",\"columnComment\":\"订单编号\",\"columnId\":205,\"columnName\":\"order_number\",\"columnType\":\"varchar(64)\",\"createBy\":\"admin\",\"createTime\":\"2023-06-30 17:09:36\",\"dictType\":\"\",\"edit\":true,\"htmlType\":\"input\",\"increment\":false,\"insert\":true,\"isEdit\":\"1\",\"isIncrement\":\"0\",\"isInsert\":\"1\",\"isList\":\"1\",\"isPk\":\"0\",\"isQuery\":\"1\",\"isRequired\":\"1\",\"javaField\":\"orderNumber\",\"javaType\":\"String\",\"list\":true,\"params\":{},\"pk\":false,\"query\":true,\"queryType\":\"EQ\",\"required\":true,\"sort\":2,\"superColumn\":false,\"tableId\":18,\"updateBy\":\"\",\"usableColumn\":false},{\"capJavaField\":\"UserPhone\",\"columnComment\":\"用户手机号\",\"columnId\":206,\"columnName\":\"user_phone\",\"columnType\":\"varchar(64)\",\"createBy\":\"admin\",\"createTime\":\"2023-06-30 17:09:36\",\"dictType\":\"\",\"edit\":true,\"htmlType\":\"input\",\"increment\":false,\"insert\":true,\"isEdit\":\"1\",\"isIncrement\":\"0\",\"isInsert\":\"1\",\"isList\":\"1\",\"isPk\":\"0\",\"isQuery\":\"1\",\"javaField\":\"userPhone\",\"javaType\":\"String\",\"list\":true,\"params\":{},\"pk\":false,\"query\":true,\"queryType\":\"EQ\",\"required\":false,\"sort\":3,\"superColumn\":false,\"tableId\":18,\"updateBy\":\"\",\"usableColumn\":false},{\"capJavaField\":\"NickName\",\"columnComment\":\"用户昵称\",\"columnId\":207,\"columnName\":\"nick_name\",\"columnType\":\"varchar(32)\",\"createBy\":\"admin\",\"createTime\":\"2023-06-30 17:09:36\",\"dictType\":\"\",\"edit\":true,\"htmlType\":\"input\",\"increment\":false,\"insert\":true,\"isEdit\":\"1\",\"isIncrement\":\"0\",\"isInsert\":\"1\",\"isList\":\"1\",\"isPk\":\"0\",\"isQuery\":\"1\",\"javaField\":\"nickName\",\"javaType\":\"String\",\"lis', '{\"msg\":\"操作成功\",\"code\":200}', 0, NULL, '2023-07-01 16:35:02', 354);
INSERT INTO `sys_oper_log` VALUES (400, '字典类型', 1, 'com.ruoyi.web.controller.system.SysDictTypeController.add()', 'POST', 1, 'admin', NULL, '/system/dict/type', '127.0.0.1', '内网IP', '{\"createBy\":\"admin\",\"dictName\":\"支付方式\",\"dictType\":\"wtb_payment_method\",\"params\":{},\"status\":\"0\"}', '{\"msg\":\"操作成功\",\"code\":200}', 0, NULL, '2023-07-01 16:43:34', 513);
INSERT INTO `sys_oper_log` VALUES (401, '字典数据', 1, 'com.ruoyi.web.controller.system.SysDictDataController.add()', 'POST', 1, 'admin', NULL, '/system/dict/data', '127.0.0.1', '内网IP', '{\"createBy\":\"admin\",\"default\":false,\"dictLabel\":\"积分兑换\",\"dictSort\":1,\"dictType\":\"wtb_payment_method\",\"dictValue\":\"1\",\"listClass\":\"default\",\"params\":{},\"status\":\"0\"}', '{\"msg\":\"操作成功\",\"code\":200}', 0, NULL, '2023-07-01 16:44:03', 80);
INSERT INTO `sys_oper_log` VALUES (402, '字典数据', 1, 'com.ruoyi.web.controller.system.SysDictDataController.add()', 'POST', 1, 'admin', NULL, '/system/dict/data', '127.0.0.1', '内网IP', '{\"createBy\":\"admin\",\"default\":false,\"dictLabel\":\"游戏获得\",\"dictSort\":2,\"dictType\":\"wtb_payment_method\",\"dictValue\":\"2\",\"listClass\":\"default\",\"params\":{},\"status\":\"0\"}', '{\"msg\":\"操作成功\",\"code\":200}', 0, NULL, '2023-07-01 16:44:33', 110);
INSERT INTO `sys_oper_log` VALUES (403, '字典数据', 1, 'com.ruoyi.web.controller.system.SysDictDataController.add()', 'POST', 1, 'admin', NULL, '/system/dict/data', '127.0.0.1', '内网IP', '{\"createBy\":\"admin\",\"default\":false,\"dictLabel\":\"积分购买\",\"dictSort\":3,\"dictType\":\"wtb_payment_method\",\"dictValue\":\"3\",\"listClass\":\"default\",\"params\":{},\"status\":\"0\"}', '{\"msg\":\"操作成功\",\"code\":200}', 0, NULL, '2023-07-01 16:44:57', 93);
INSERT INTO `sys_oper_log` VALUES (404, '字典类型', 1, 'com.ruoyi.web.controller.system.SysDictTypeController.add()', 'POST', 1, 'admin', NULL, '/system/dict/type', '127.0.0.1', '内网IP', '{\"createBy\":\"admin\",\"dictName\":\"订单状态\",\"dictType\":\"wtb_order_state\",\"params\":{},\"status\":\"0\"}', '{\"msg\":\"操作成功\",\"code\":200}', 0, NULL, '2023-07-01 16:46:43', 81);
INSERT INTO `sys_oper_log` VALUES (405, '字典数据', 1, 'com.ruoyi.web.controller.system.SysDictDataController.add()', 'POST', 1, 'admin', NULL, '/system/dict/data', '127.0.0.1', '内网IP', '{\"createBy\":\"admin\",\"default\":false,\"dictLabel\":\"未发货\",\"dictSort\":1,\"dictType\":\"wtb_order_state\",\"dictValue\":\"1\",\"listClass\":\"default\",\"params\":{},\"status\":\"0\"}', '{\"msg\":\"操作成功\",\"code\":200}', 0, NULL, '2023-07-01 16:47:52', 94);
INSERT INTO `sys_oper_log` VALUES (406, '字典数据', 1, 'com.ruoyi.web.controller.system.SysDictDataController.add()', 'POST', 1, 'admin', NULL, '/system/dict/data', '127.0.0.1', '内网IP', '{\"createBy\":\"admin\",\"default\":false,\"dictLabel\":\"已发货\",\"dictSort\":2,\"dictType\":\"wtb_order_state\",\"dictValue\":\"2\",\"listClass\":\"default\",\"params\":{},\"status\":\"0\"}', '{\"msg\":\"操作成功\",\"code\":200}', 0, NULL, '2023-07-01 16:48:12', 74);
INSERT INTO `sys_oper_log` VALUES (407, '字典数据', 1, 'com.ruoyi.web.controller.system.SysDictDataController.add()', 'POST', 1, 'admin', NULL, '/system/dict/data', '127.0.0.1', '内网IP', '{\"createBy\":\"admin\",\"default\":false,\"dictLabel\":\"已完成\",\"dictSort\":3,\"dictType\":\"wtb_order_state\",\"dictValue\":\"3\",\"listClass\":\"default\",\"params\":{},\"status\":\"0\"}', '{\"msg\":\"操作成功\",\"code\":200}', 0, NULL, '2023-07-01 16:48:59', 86);
INSERT INTO `sys_oper_log` VALUES (408, '代码生成', 2, 'com.ruoyi.generator.controller.GenController.editSave()', 'PUT', 1, 'admin', NULL, '/tool/gen', '127.0.0.1', '内网IP', '{\"businessName\":\"orders\",\"className\":\"Orders\",\"columns\":[{\"capJavaField\":\"Id\",\"columnComment\":\"id\",\"columnId\":204,\"columnName\":\"id\",\"columnType\":\"int\",\"createBy\":\"admin\",\"createTime\":\"2023-06-30 17:09:36\",\"dictType\":\"\",\"edit\":false,\"htmlType\":\"input\",\"increment\":true,\"insert\":true,\"isIncrement\":\"1\",\"isInsert\":\"1\",\"isPk\":\"1\",\"javaField\":\"id\",\"javaType\":\"Long\",\"list\":false,\"params\":{},\"pk\":true,\"query\":false,\"queryType\":\"EQ\",\"required\":false,\"sort\":1,\"superColumn\":false,\"tableId\":18,\"updateBy\":\"\",\"updateTime\":\"2023-07-01 16:35:02\",\"usableColumn\":false},{\"capJavaField\":\"OrderNumber\",\"columnComment\":\"订单编号\",\"columnId\":205,\"columnName\":\"order_number\",\"columnType\":\"varchar(64)\",\"createBy\":\"admin\",\"createTime\":\"2023-06-30 17:09:36\",\"dictType\":\"\",\"edit\":true,\"htmlType\":\"input\",\"increment\":false,\"insert\":true,\"isEdit\":\"1\",\"isIncrement\":\"0\",\"isInsert\":\"1\",\"isList\":\"1\",\"isPk\":\"0\",\"isQuery\":\"1\",\"isRequired\":\"1\",\"javaField\":\"orderNumber\",\"javaType\":\"String\",\"list\":true,\"params\":{},\"pk\":false,\"query\":true,\"queryType\":\"EQ\",\"required\":true,\"sort\":2,\"superColumn\":false,\"tableId\":18,\"updateBy\":\"\",\"updateTime\":\"2023-07-01 16:35:02\",\"usableColumn\":false},{\"capJavaField\":\"UserPhone\",\"columnComment\":\"用户手机号\",\"columnId\":206,\"columnName\":\"user_phone\",\"columnType\":\"varchar(64)\",\"createBy\":\"admin\",\"createTime\":\"2023-06-30 17:09:36\",\"dictType\":\"\",\"edit\":true,\"htmlType\":\"input\",\"increment\":false,\"insert\":true,\"isEdit\":\"1\",\"isIncrement\":\"0\",\"isInsert\":\"1\",\"isList\":\"1\",\"isPk\":\"0\",\"isQuery\":\"1\",\"javaField\":\"userPhone\",\"javaType\":\"String\",\"list\":true,\"params\":{},\"pk\":false,\"query\":true,\"queryType\":\"EQ\",\"required\":false,\"sort\":3,\"superColumn\":false,\"tableId\":18,\"updateBy\":\"\",\"updateTime\":\"2023-07-01 16:35:02\",\"usableColumn\":false},{\"capJavaField\":\"NickName\",\"columnComment\":\"用户昵称\",\"columnId\":207,\"columnName\":\"nick_name\",\"columnType\":\"varchar(32)\",\"createBy\":\"admin\",\"createTime\":\"2023-06-30 17:09:36\",\"dictType\":\"\",\"edit\":true,\"htmlType\":\"input\",\"increment\":false,\"insert\":true,\"isEdit\":\"1\",\"isIncrement\"', '{\"msg\":\"操作成功\",\"code\":200}', 0, NULL, '2023-07-01 16:51:18', 266);
INSERT INTO `sys_oper_log` VALUES (409, '代码生成', 3, 'com.ruoyi.generator.controller.GenController.remove()', 'DELETE', 1, 'admin', NULL, '/tool/gen/18', '127.0.0.1', '内网IP', '{}', '{\"msg\":\"操作成功\",\"code\":200}', 0, NULL, '2023-07-01 16:53:45', 122);
INSERT INTO `sys_oper_log` VALUES (410, '代码生成', 6, 'com.ruoyi.generator.controller.GenController.importTableSave()', 'POST', 1, 'admin', NULL, '/tool/gen/importTable', '127.0.0.1', '内网IP', '{\"tables\":\"orders\"}', '{\"msg\":\"操作成功\",\"code\":200}', 0, NULL, '2023-07-01 16:53:51', 233);
INSERT INTO `sys_oper_log` VALUES (411, '代码生成', 2, 'com.ruoyi.generator.controller.GenController.editSave()', 'PUT', 1, 'admin', NULL, '/tool/gen', '127.0.0.1', '内网IP', '{\"businessName\":\"orders\",\"className\":\"Orders\",\"columns\":[{\"capJavaField\":\"Id\",\"columnComment\":\"id\",\"columnId\":233,\"columnName\":\"id\",\"columnType\":\"int\",\"createBy\":\"admin\",\"createTime\":\"2023-07-01 16:53:51\",\"dictType\":\"\",\"edit\":false,\"htmlType\":\"input\",\"increment\":true,\"insert\":true,\"isIncrement\":\"1\",\"isInsert\":\"1\",\"isPk\":\"1\",\"javaField\":\"id\",\"javaType\":\"Long\",\"list\":false,\"params\":{},\"pk\":true,\"query\":false,\"queryType\":\"EQ\",\"required\":false,\"sort\":1,\"superColumn\":false,\"tableId\":20,\"updateBy\":\"\",\"usableColumn\":false},{\"capJavaField\":\"OrderNumber\",\"columnComment\":\"订单编号\",\"columnId\":234,\"columnName\":\"order_number\",\"columnType\":\"varchar(64)\",\"createBy\":\"admin\",\"createTime\":\"2023-07-01 16:53:51\",\"dictType\":\"\",\"edit\":true,\"htmlType\":\"input\",\"increment\":false,\"insert\":true,\"isEdit\":\"1\",\"isIncrement\":\"0\",\"isInsert\":\"1\",\"isList\":\"1\",\"isPk\":\"0\",\"isQuery\":\"1\",\"isRequired\":\"1\",\"javaField\":\"orderNumber\",\"javaType\":\"String\",\"list\":true,\"params\":{},\"pk\":false,\"query\":true,\"queryType\":\"EQ\",\"required\":true,\"sort\":2,\"superColumn\":false,\"tableId\":20,\"updateBy\":\"\",\"usableColumn\":false},{\"capJavaField\":\"UserId\",\"columnComment\":\"用户id\",\"columnId\":235,\"columnName\":\"user_id\",\"columnType\":\"int\",\"createBy\":\"admin\",\"createTime\":\"2023-07-01 16:53:51\",\"dictType\":\"\",\"edit\":true,\"htmlType\":\"input\",\"increment\":false,\"insert\":true,\"isEdit\":\"1\",\"isIncrement\":\"0\",\"isInsert\":\"1\",\"isList\":\"1\",\"isPk\":\"0\",\"isQuery\":\"1\",\"isRequired\":\"1\",\"javaField\":\"userId\",\"javaType\":\"Long\",\"list\":true,\"params\":{},\"pk\":false,\"query\":true,\"queryType\":\"EQ\",\"required\":true,\"sort\":3,\"superColumn\":false,\"tableId\":20,\"updateBy\":\"\",\"usableColumn\":false},{\"capJavaField\":\"UserPhone\",\"columnComment\":\"用户手机号\",\"columnId\":236,\"columnName\":\"user_phone\",\"columnType\":\"varchar(64)\",\"createBy\":\"admin\",\"createTime\":\"2023-07-01 16:53:51\",\"dictType\":\"\",\"edit\":true,\"htmlType\":\"input\",\"increment\":false,\"insert\":true,\"isEdit\":\"1\",\"isIncrement\":\"0\",\"isInsert\":\"1\",\"isList\":\"1\",\"isPk\":\"0\",\"isQuery\":\"1\",\"javaField\":\"userPhone\",\"javaType\":\"String\",\"lis', '{\"msg\":\"操作成功\",\"code\":200}', 0, NULL, '2023-07-01 17:01:40', 337);
INSERT INTO `sys_oper_log` VALUES (412, '代码生成', 2, 'com.ruoyi.generator.controller.GenController.editSave()', 'PUT', 1, 'admin', NULL, '/tool/gen', '127.0.0.1', '内网IP', '{\"businessName\":\"orders\",\"className\":\"Orders\",\"columns\":[{\"capJavaField\":\"Id\",\"columnComment\":\"id\",\"columnId\":233,\"columnName\":\"id\",\"columnType\":\"int\",\"createBy\":\"admin\",\"createTime\":\"2023-07-01 16:53:51\",\"dictType\":\"\",\"edit\":false,\"htmlType\":\"input\",\"increment\":true,\"insert\":true,\"isIncrement\":\"1\",\"isInsert\":\"1\",\"isPk\":\"1\",\"javaField\":\"id\",\"javaType\":\"Long\",\"list\":false,\"params\":{},\"pk\":true,\"query\":false,\"queryType\":\"EQ\",\"required\":false,\"sort\":1,\"superColumn\":false,\"tableId\":20,\"updateBy\":\"\",\"updateTime\":\"2023-07-01 17:01:40\",\"usableColumn\":false},{\"capJavaField\":\"OrderNumber\",\"columnComment\":\"订单编号\",\"columnId\":234,\"columnName\":\"order_number\",\"columnType\":\"varchar(64)\",\"createBy\":\"admin\",\"createTime\":\"2023-07-01 16:53:51\",\"dictType\":\"\",\"edit\":true,\"htmlType\":\"input\",\"increment\":false,\"insert\":true,\"isEdit\":\"1\",\"isIncrement\":\"0\",\"isInsert\":\"1\",\"isList\":\"1\",\"isPk\":\"0\",\"isQuery\":\"1\",\"isRequired\":\"1\",\"javaField\":\"orderNumber\",\"javaType\":\"String\",\"list\":true,\"params\":{},\"pk\":false,\"query\":true,\"queryType\":\"EQ\",\"required\":true,\"sort\":2,\"superColumn\":false,\"tableId\":20,\"updateBy\":\"\",\"updateTime\":\"2023-07-01 17:01:40\",\"usableColumn\":false},{\"capJavaField\":\"UserId\",\"columnComment\":\"用户id\",\"columnId\":235,\"columnName\":\"user_id\",\"columnType\":\"int\",\"createBy\":\"admin\",\"createTime\":\"2023-07-01 16:53:51\",\"dictType\":\"\",\"edit\":true,\"htmlType\":\"input\",\"increment\":false,\"insert\":true,\"isEdit\":\"1\",\"isIncrement\":\"0\",\"isInsert\":\"1\",\"isList\":\"1\",\"isPk\":\"0\",\"isQuery\":\"1\",\"isRequired\":\"1\",\"javaField\":\"userId\",\"javaType\":\"Long\",\"list\":true,\"params\":{},\"pk\":false,\"query\":true,\"queryType\":\"EQ\",\"required\":true,\"sort\":3,\"superColumn\":false,\"tableId\":20,\"updateBy\":\"\",\"updateTime\":\"2023-07-01 17:01:40\",\"usableColumn\":false},{\"capJavaField\":\"UserPhone\",\"columnComment\":\"用户手机号\",\"columnId\":236,\"columnName\":\"user_phone\",\"columnType\":\"varchar(64)\",\"createBy\":\"admin\",\"createTime\":\"2023-07-01 16:53:51\",\"dictType\":\"\",\"edit\":true,\"htmlType\":\"input\",\"increment\":false,\"insert\":true,\"isEdit\":\"1\",\"isIncrement\":', '{\"msg\":\"操作成功\",\"code\":200}', 0, NULL, '2023-07-01 17:02:29', 202);
INSERT INTO `sys_oper_log` VALUES (413, '代码生成', 8, 'com.ruoyi.generator.controller.GenController.batchGenCode()', 'GET', 1, 'admin', NULL, '/tool/gen/batchGenCode', '127.0.0.1', '内网IP', '{\"tables\":\"orders\"}', NULL, 0, NULL, '2023-07-01 17:02:41', 114);
INSERT INTO `sys_oper_log` VALUES (414, '菜单管理', 2, 'com.ruoyi.web.controller.system.SysMenuController.edit()', 'PUT', 1, 'admin', NULL, '/system/menu', '127.0.0.1', '内网IP', '{\"children\":[],\"component\":\"qwk/orders/index\",\"createTime\":\"2023-07-01 17:07:39\",\"icon\":\"#\",\"isCache\":\"0\",\"isFrame\":\"1\",\"menuId\":2073,\"menuName\":\"商品订单 \",\"menuType\":\"C\",\"orderNum\":2,\"params\":{},\"parentId\":2012,\"path\":\"orders\",\"perms\":\"qwk:orders:list\",\"status\":\"0\",\"updateBy\":\"admin\",\"visible\":\"0\"}', '{\"msg\":\"操作成功\",\"code\":200}', 0, NULL, '2023-07-01 17:09:24', 112);
INSERT INTO `sys_oper_log` VALUES (415, '商品 ', 1, 'com.ruoyi.qwk.controller.GoodsController.add()', 'POST', 1, 'admin', NULL, '/qwk/goods', '127.0.0.1', '内网IP', '{\"costPrice\":\"12\",\"describe\":\"<p>1321313<img src=\\\"/dev-api/profile/upload/2023/07/03/2_20230703140413A014.jpg\\\"></p>\",\"id\":2,\"image\":\"/profile/upload/2023/07/03/1_20230703140331A011.jpg,/profile/upload/2023/07/03/login-logo_20230703140336A012.png,/profile/upload/2023/07/03/2_20230703140341A013.jpg\",\"inventory\":\"1\",\"name\":\"测试商品\",\"number\":\"123\",\"pSId\":1,\"params\":{},\"platformPrice\":\"13\",\"soldQuantity\":\"0\",\"sort\":2,\"supplier\":\"123\",\"type\":1}', '{\"msg\":\"操作成功\",\"code\":200}', 0, NULL, '2023-07-03 14:04:23', 3998);
INSERT INTO `sys_oper_log` VALUES (416, '代码生成', 3, 'com.ruoyi.generator.controller.GenController.remove()', 'DELETE', 1, 'admin', NULL, '/tool/gen/7', '127.0.0.1', '内网IP', '{}', '{\"msg\":\"操作成功\",\"code\":200}', 0, NULL, '2023-07-03 15:30:06', 140);
INSERT INTO `sys_oper_log` VALUES (417, '代码生成', 6, 'com.ruoyi.generator.controller.GenController.importTableSave()', 'POST', 1, 'admin', NULL, '/tool/gen/importTable', '127.0.0.1', '内网IP', '{\"tables\":\"goods\"}', '{\"msg\":\"操作成功\",\"code\":200}', 0, NULL, '2023-07-03 15:30:12', 281);
INSERT INTO `sys_oper_log` VALUES (418, '代码生成', 2, 'com.ruoyi.generator.controller.GenController.editSave()', 'PUT', 1, 'admin', NULL, '/tool/gen', '127.0.0.1', '内网IP', '{\"businessName\":\"goods\",\"className\":\"Goods\",\"columns\":[{\"capJavaField\":\"Id\",\"columnComment\":\"id\",\"columnId\":253,\"columnName\":\"id\",\"columnType\":\"int\",\"createBy\":\"admin\",\"createTime\":\"2023-07-03 15:30:12\",\"dictType\":\"\",\"edit\":false,\"htmlType\":\"input\",\"increment\":true,\"insert\":true,\"isIncrement\":\"1\",\"isInsert\":\"1\",\"isPk\":\"1\",\"javaField\":\"id\",\"javaType\":\"Long\",\"list\":false,\"params\":{},\"pk\":true,\"query\":false,\"queryType\":\"EQ\",\"required\":false,\"sort\":1,\"superColumn\":false,\"tableId\":21,\"updateBy\":\"\",\"usableColumn\":false},{\"capJavaField\":\"Type\",\"columnComment\":\"商品类型\",\"columnId\":254,\"columnName\":\"type\",\"columnType\":\"int\",\"createBy\":\"admin\",\"createTime\":\"2023-07-03 15:30:12\",\"dictType\":\"\",\"edit\":true,\"htmlType\":\"select\",\"increment\":false,\"insert\":true,\"isEdit\":\"1\",\"isIncrement\":\"0\",\"isInsert\":\"1\",\"isList\":\"1\",\"isPk\":\"0\",\"isQuery\":\"1\",\"isRequired\":\"1\",\"javaField\":\"type\",\"javaType\":\"Long\",\"list\":true,\"params\":{},\"pk\":false,\"query\":true,\"queryType\":\"EQ\",\"required\":true,\"sort\":2,\"superColumn\":false,\"tableId\":21,\"updateBy\":\"\",\"usableColumn\":false},{\"capJavaField\":\"Name\",\"columnComment\":\"商品名称\",\"columnId\":255,\"columnName\":\"name\",\"columnType\":\"varchar(64)\",\"createBy\":\"admin\",\"createTime\":\"2023-07-03 15:30:12\",\"dictType\":\"\",\"edit\":true,\"htmlType\":\"input\",\"increment\":false,\"insert\":true,\"isEdit\":\"1\",\"isIncrement\":\"0\",\"isInsert\":\"1\",\"isList\":\"1\",\"isPk\":\"0\",\"isQuery\":\"1\",\"isRequired\":\"1\",\"javaField\":\"name\",\"javaType\":\"String\",\"list\":true,\"params\":{},\"pk\":false,\"query\":true,\"queryType\":\"LIKE\",\"required\":true,\"sort\":3,\"superColumn\":false,\"tableId\":21,\"updateBy\":\"\",\"usableColumn\":false},{\"capJavaField\":\"Image\",\"columnComment\":\"商品图片\",\"columnId\":256,\"columnName\":\"image\",\"columnType\":\"varchar(1024)\",\"createBy\":\"admin\",\"createTime\":\"2023-07-03 15:30:12\",\"dictType\":\"\",\"edit\":true,\"htmlType\":\"imageUpload\",\"increment\":false,\"insert\":true,\"isEdit\":\"1\",\"isIncrement\":\"0\",\"isInsert\":\"1\",\"isList\":\"1\",\"isPk\":\"0\",\"isQuery\":\"1\",\"isRequired\":\"1\",\"javaField\":\"image\",\"javaType\":\"String\",\"list\":true,\"params\":', '{\"msg\":\"操作成功\",\"code\":200}', 0, NULL, '2023-07-03 15:43:01', 859);
INSERT INTO `sys_oper_log` VALUES (419, '代码生成', 2, 'com.ruoyi.generator.controller.GenController.editSave()', 'PUT', 1, 'admin', NULL, '/tool/gen', '127.0.0.1', '内网IP', '{\"businessName\":\"goods\",\"className\":\"Goods\",\"columns\":[{\"capJavaField\":\"Id\",\"columnComment\":\"id\",\"columnId\":253,\"columnName\":\"id\",\"columnType\":\"int\",\"createBy\":\"admin\",\"createTime\":\"2023-07-03 15:30:12\",\"dictType\":\"\",\"edit\":false,\"htmlType\":\"input\",\"increment\":true,\"insert\":true,\"isIncrement\":\"1\",\"isInsert\":\"1\",\"isPk\":\"1\",\"javaField\":\"id\",\"javaType\":\"Long\",\"list\":false,\"params\":{},\"pk\":true,\"query\":false,\"queryType\":\"EQ\",\"required\":false,\"sort\":1,\"superColumn\":false,\"tableId\":21,\"updateBy\":\"\",\"updateTime\":\"2023-07-03 15:43:00\",\"usableColumn\":false},{\"capJavaField\":\"Type\",\"columnComment\":\"商品类型\",\"columnId\":254,\"columnName\":\"type\",\"columnType\":\"int\",\"createBy\":\"admin\",\"createTime\":\"2023-07-03 15:30:12\",\"dictType\":\"\",\"edit\":true,\"htmlType\":\"select\",\"increment\":false,\"insert\":true,\"isEdit\":\"1\",\"isIncrement\":\"0\",\"isInsert\":\"1\",\"isList\":\"1\",\"isPk\":\"0\",\"isQuery\":\"1\",\"isRequired\":\"1\",\"javaField\":\"type\",\"javaType\":\"Long\",\"list\":true,\"params\":{},\"pk\":false,\"query\":true,\"queryType\":\"EQ\",\"required\":true,\"sort\":2,\"superColumn\":false,\"tableId\":21,\"updateBy\":\"\",\"updateTime\":\"2023-07-03 15:43:00\",\"usableColumn\":false},{\"capJavaField\":\"Name\",\"columnComment\":\"商品名称\",\"columnId\":255,\"columnName\":\"name\",\"columnType\":\"varchar(64)\",\"createBy\":\"admin\",\"createTime\":\"2023-07-03 15:30:12\",\"dictType\":\"\",\"edit\":true,\"htmlType\":\"input\",\"increment\":false,\"insert\":true,\"isEdit\":\"1\",\"isIncrement\":\"0\",\"isInsert\":\"1\",\"isList\":\"1\",\"isPk\":\"0\",\"isQuery\":\"1\",\"isRequired\":\"1\",\"javaField\":\"name\",\"javaType\":\"String\",\"list\":true,\"params\":{},\"pk\":false,\"query\":true,\"queryType\":\"LIKE\",\"required\":true,\"sort\":3,\"superColumn\":false,\"tableId\":21,\"updateBy\":\"\",\"updateTime\":\"2023-07-03 15:43:00\",\"usableColumn\":false},{\"capJavaField\":\"Image\",\"columnComment\":\"商品图片\",\"columnId\":256,\"columnName\":\"image\",\"columnType\":\"varchar(1024)\",\"createBy\":\"admin\",\"createTime\":\"2023-07-03 15:30:12\",\"dictType\":\"\",\"edit\":true,\"htmlType\":\"imageUpload\",\"increment\":false,\"insert\":true,\"isEdit\":\"1\",\"isIncrement\":\"0\",\"isInsert\":\"1\",\"isList\":\"1', '{\"msg\":\"操作成功\",\"code\":200}', 0, NULL, '2023-07-03 15:44:02', 304);
INSERT INTO `sys_oper_log` VALUES (420, '代码生成', 3, 'com.ruoyi.generator.controller.GenController.remove()', 'DELETE', 1, 'admin', NULL, '/tool/gen/21', '127.0.0.1', '内网IP', '{}', '{\"msg\":\"操作成功\",\"code\":200}', 0, NULL, '2023-07-03 15:49:34', 113);
INSERT INTO `sys_oper_log` VALUES (421, '代码生成', 6, 'com.ruoyi.generator.controller.GenController.importTableSave()', 'POST', 1, 'admin', NULL, '/tool/gen/importTable', '127.0.0.1', '内网IP', '{\"tables\":\"goods\"}', '{\"msg\":\"操作成功\",\"code\":200}', 0, NULL, '2023-07-03 15:49:38', 300);
INSERT INTO `sys_oper_log` VALUES (422, '代码生成', 3, 'com.ruoyi.generator.controller.GenController.remove()', 'DELETE', 1, 'admin', NULL, '/tool/gen/22', '127.0.0.1', '内网IP', '{}', '{\"msg\":\"操作成功\",\"code\":200}', 0, NULL, '2023-07-03 15:52:28', 125);
INSERT INTO `sys_oper_log` VALUES (423, '代码生成', 6, 'com.ruoyi.generator.controller.GenController.importTableSave()', 'POST', 1, 'admin', NULL, '/tool/gen/importTable', '127.0.0.1', '内网IP', '{\"tables\":\"goods\"}', '{\"msg\":\"操作成功\",\"code\":200}', 0, NULL, '2023-07-03 15:52:34', 310);
INSERT INTO `sys_oper_log` VALUES (424, '商品 ', 1, 'com.ruoyi.qwk.controller.GoodsController.add()', 'POST', 1, 'admin', NULL, '/qwk/goods', '127.0.0.1', '内网IP', '{\"costPrice\":\"80\",\"id\":3,\"image\":\"/profile/upload/2023/07/03/2_20230703160717A008.jpg\",\"inventory\":\"100\",\"name\":\"测试\",\"number\":\"123\",\"pSId\":\"1,2\",\"params\":{},\"platformPrice\":\"100\",\"soldQuantity\":\"0\",\"sort\":3,\"status\":\"3\",\"supplier\":\"测试\",\"type\":1}', '{\"msg\":\"操作成功\",\"code\":200}', 0, NULL, '2023-07-03 16:07:25', 606);
INSERT INTO `sys_oper_log` VALUES (425, '代码生成', 2, 'com.ruoyi.generator.controller.GenController.editSave()', 'PUT', 1, 'admin', NULL, '/tool/gen', '127.0.0.1', '内网IP', '{\"businessName\":\"goods\",\"className\":\"Goods\",\"columns\":[{\"capJavaField\":\"Id\",\"columnComment\":\"id\",\"columnId\":293,\"columnName\":\"id\",\"columnType\":\"int\",\"createBy\":\"admin\",\"createTime\":\"2023-07-03 15:52:34\",\"dictType\":\"\",\"edit\":false,\"htmlType\":\"input\",\"increment\":true,\"insert\":true,\"isIncrement\":\"1\",\"isInsert\":\"1\",\"isPk\":\"1\",\"javaField\":\"id\",\"javaType\":\"Long\",\"list\":false,\"params\":{},\"pk\":true,\"query\":false,\"queryType\":\"EQ\",\"required\":false,\"sort\":1,\"superColumn\":false,\"tableId\":23,\"updateBy\":\"\",\"usableColumn\":false},{\"capJavaField\":\"Type\",\"columnComment\":\"商品类型\",\"columnId\":294,\"columnName\":\"type\",\"columnType\":\"int\",\"createBy\":\"admin\",\"createTime\":\"2023-07-03 15:52:34\",\"dictType\":\"\",\"edit\":true,\"htmlType\":\"select\",\"increment\":false,\"insert\":true,\"isEdit\":\"1\",\"isIncrement\":\"0\",\"isInsert\":\"1\",\"isList\":\"1\",\"isPk\":\"0\",\"isQuery\":\"1\",\"isRequired\":\"1\",\"javaField\":\"type\",\"javaType\":\"Long\",\"list\":true,\"params\":{},\"pk\":false,\"query\":true,\"queryType\":\"EQ\",\"required\":true,\"sort\":2,\"superColumn\":false,\"tableId\":23,\"updateBy\":\"\",\"usableColumn\":false},{\"capJavaField\":\"Name\",\"columnComment\":\"商品名称\",\"columnId\":295,\"columnName\":\"name\",\"columnType\":\"varchar(64)\",\"createBy\":\"admin\",\"createTime\":\"2023-07-03 15:52:34\",\"dictType\":\"\",\"edit\":true,\"htmlType\":\"input\",\"increment\":false,\"insert\":true,\"isEdit\":\"1\",\"isIncrement\":\"0\",\"isInsert\":\"1\",\"isList\":\"1\",\"isPk\":\"0\",\"isQuery\":\"1\",\"isRequired\":\"1\",\"javaField\":\"name\",\"javaType\":\"String\",\"list\":true,\"params\":{},\"pk\":false,\"query\":true,\"queryType\":\"LIKE\",\"required\":true,\"sort\":3,\"superColumn\":false,\"tableId\":23,\"updateBy\":\"\",\"usableColumn\":false},{\"capJavaField\":\"Image\",\"columnComment\":\"商品图片\",\"columnId\":296,\"columnName\":\"image\",\"columnType\":\"varchar(1024)\",\"createBy\":\"admin\",\"createTime\":\"2023-07-03 15:52:34\",\"dictType\":\"\",\"edit\":true,\"htmlType\":\"imageUpload\",\"increment\":false,\"insert\":true,\"isEdit\":\"1\",\"isIncrement\":\"0\",\"isInsert\":\"1\",\"isList\":\"1\",\"isPk\":\"0\",\"isQuery\":\"1\",\"isRequired\":\"1\",\"javaField\":\"image\",\"javaType\":\"String\",\"list\":true,\"params\":', '{\"msg\":\"操作成功\",\"code\":200}', 0, NULL, '2023-07-03 16:15:00', 600);
INSERT INTO `sys_oper_log` VALUES (426, '商品 ', 2, 'com.ruoyi.qwk.controller.GoodsController.edit()', 'PUT', 1, 'admin', NULL, '/qwk/goods', '127.0.0.1', '内网IP', '{\"costPrice\":\"12\",\"describe\":\"<p>1321313<img src=\\\"/dev-api/profile/upload/2023/07/03/2_20230703140413A014.jpg\\\"></p>\",\"id\":2,\"image\":\"/profile/upload/2023/07/03/1_20230703140331A011.jpg,/profile/upload/2023/07/03/login-logo_20230703140336A012.png,/profile/upload/2023/07/03/2_20230703140341A013.jpg\",\"inventory\":\"1\",\"name\":\"测试商品\",\"number\":\"123\",\"pSId\":\"1\",\"params\":{},\"platformPrice\":\"13\",\"soldQuantity\":\"0\",\"sort\":2,\"status\":\"3\",\"supplier\":\"123\",\"type\":1,\"updatedBy\":\"admin\",\"updatedTime\":\"2023-07-03\"}', '{\"msg\":\"操作成功\",\"code\":200}', 0, NULL, '2023-07-03 16:33:46', 591);
INSERT INTO `sys_oper_log` VALUES (427, '代码生成', 2, 'com.ruoyi.generator.controller.GenController.editSave()', 'PUT', 1, 'admin', NULL, '/tool/gen', '127.0.0.1', '内网IP', '{\"businessName\":\"goods\",\"className\":\"Goods\",\"columns\":[{\"capJavaField\":\"Id\",\"columnComment\":\"id\",\"columnId\":293,\"columnName\":\"id\",\"columnType\":\"int\",\"createBy\":\"admin\",\"createTime\":\"2023-07-03 15:52:34\",\"dictType\":\"\",\"edit\":false,\"htmlType\":\"input\",\"increment\":true,\"insert\":true,\"isIncrement\":\"1\",\"isInsert\":\"1\",\"isPk\":\"1\",\"javaField\":\"id\",\"javaType\":\"Long\",\"list\":false,\"params\":{},\"pk\":true,\"query\":false,\"queryType\":\"EQ\",\"required\":false,\"sort\":1,\"superColumn\":false,\"tableId\":23,\"updateBy\":\"\",\"updateTime\":\"2023-07-03 16:15:00\",\"usableColumn\":false},{\"capJavaField\":\"Type\",\"columnComment\":\"商品类型\",\"columnId\":294,\"columnName\":\"type\",\"columnType\":\"int\",\"createBy\":\"admin\",\"createTime\":\"2023-07-03 15:52:34\",\"dictType\":\"\",\"edit\":true,\"htmlType\":\"select\",\"increment\":false,\"insert\":true,\"isEdit\":\"1\",\"isIncrement\":\"0\",\"isInsert\":\"1\",\"isList\":\"1\",\"isPk\":\"0\",\"isQuery\":\"1\",\"isRequired\":\"1\",\"javaField\":\"type\",\"javaType\":\"Long\",\"list\":true,\"params\":{},\"pk\":false,\"query\":true,\"queryType\":\"EQ\",\"required\":true,\"sort\":2,\"superColumn\":false,\"tableId\":23,\"updateBy\":\"\",\"updateTime\":\"2023-07-03 16:15:00\",\"usableColumn\":false},{\"capJavaField\":\"Name\",\"columnComment\":\"商品名称\",\"columnId\":295,\"columnName\":\"name\",\"columnType\":\"varchar(64)\",\"createBy\":\"admin\",\"createTime\":\"2023-07-03 15:52:34\",\"dictType\":\"\",\"edit\":true,\"htmlType\":\"input\",\"increment\":false,\"insert\":true,\"isEdit\":\"1\",\"isIncrement\":\"0\",\"isInsert\":\"1\",\"isList\":\"1\",\"isPk\":\"0\",\"isQuery\":\"1\",\"isRequired\":\"1\",\"javaField\":\"name\",\"javaType\":\"String\",\"list\":true,\"params\":{},\"pk\":false,\"query\":true,\"queryType\":\"LIKE\",\"required\":true,\"sort\":3,\"superColumn\":false,\"tableId\":23,\"updateBy\":\"\",\"updateTime\":\"2023-07-03 16:15:00\",\"usableColumn\":false},{\"capJavaField\":\"Image\",\"columnComment\":\"商品图片\",\"columnId\":296,\"columnName\":\"image\",\"columnType\":\"varchar(1024)\",\"createBy\":\"admin\",\"createTime\":\"2023-07-03 15:52:34\",\"dictType\":\"\",\"edit\":true,\"htmlType\":\"imageUpload\",\"increment\":false,\"insert\":true,\"isEdit\":\"1\",\"isIncrement\":\"0\",\"isInsert\":\"1\",\"isList\":\"1', '{\"msg\":\"操作成功\",\"code\":200}', 0, NULL, '2023-07-03 16:50:25', 649);
INSERT INTO `sys_oper_log` VALUES (428, '商品规格 ', 1, 'com.ruoyi.qwk.controller.ProductSpecificationsController.add()', 'POST', 1, 'admin', NULL, '/qwk/specifications', '127.0.0.1', '内网IP', '{\"id\":4,\"name\":\"测试\",\"params\":{},\"value\":\"1,2\"}', '{\"msg\":\"操作成功\",\"code\":200}', 0, NULL, '2023-07-03 17:55:02', 4012);
INSERT INTO `sys_oper_log` VALUES (429, '商品规格 ', 1, 'com.ruoyi.qwk.controller.ProductSpecificationsController.add()', 'POST', 1, 'admin', NULL, '/qwk/specifications', '127.0.0.1', '内网IP', '{\"id\":5,\"name\":\"测试3\",\"params\":{},\"value\":\"1,2,3\"}', '{\"msg\":\"操作成功\",\"code\":200}', 0, NULL, '2023-07-03 17:56:50', 78);
INSERT INTO `sys_oper_log` VALUES (430, '商品规格 ', 1, 'com.ruoyi.qwk.controller.ProductSpecificationsController.add()', 'POST', 1, 'admin', NULL, '/qwk/specifications', '127.0.0.1', '内网IP', '{\"id\":6,\"name\":\"测试4\",\"params\":{},\"value\":\"1,3,4\"}', '{\"msg\":\"操作成功\",\"code\":200}', 0, NULL, '2023-07-03 18:05:58', 524);
INSERT INTO `sys_oper_log` VALUES (431, '菜单管理', 2, 'com.ruoyi.web.controller.system.SysMenuController.edit()', 'PUT', 1, 'admin', NULL, '/system/menu', '127.0.0.1', '内网IP', '{\"children\":[],\"component\":\"qwk/goods/goodsAdd\",\"createTime\":\"2023-06-28 11:48:03\",\"icon\":\"#\",\"isCache\":\"0\",\"isFrame\":\"1\",\"menuId\":2021,\"menuName\":\"商品添加\",\"menuType\":\"C\",\"orderNum\":0,\"params\":{},\"parentId\":2012,\"path\":\"goodsAdd\",\"perms\":\"qwk:goods:goodsAdd\",\"status\":\"1\",\"updateBy\":\"admin\",\"visible\":\"1\"}', '{\"msg\":\"操作成功\",\"code\":200}', 0, NULL, '2023-07-03 18:09:17', 88);
INSERT INTO `sys_oper_log` VALUES (432, '菜单管理', 2, 'com.ruoyi.web.controller.system.SysMenuController.edit()', 'PUT', 1, 'admin', NULL, '/system/menu', '127.0.0.1', '内网IP', '{\"children\":[],\"component\":\"qwk/orders/index\",\"createTime\":\"2023-07-01 17:07:39\",\"icon\":\"#\",\"isCache\":\"0\",\"isFrame\":\"1\",\"menuId\":2073,\"menuName\":\"订单列表 \",\"menuType\":\"C\",\"orderNum\":2,\"params\":{},\"parentId\":2012,\"path\":\"orders\",\"perms\":\"qwk:orders:list\",\"status\":\"0\",\"updateBy\":\"admin\",\"visible\":\"0\"}', '{\"msg\":\"操作成功\",\"code\":200}', 0, NULL, '2023-07-03 18:10:17', 82);
INSERT INTO `sys_oper_log` VALUES (433, '菜单管理', 2, 'com.ruoyi.web.controller.system.SysMenuController.edit()', 'PUT', 1, 'admin', NULL, '/system/menu', '127.0.0.1', '内网IP', '{\"children\":[],\"component\":\"qwk/logistics/index\",\"createTime\":\"2023-06-30 18:01:04\",\"icon\":\"#\",\"isCache\":\"0\",\"isFrame\":\"1\",\"menuId\":2067,\"menuName\":\"物流列表\",\"menuType\":\"C\",\"orderNum\":3,\"params\":{},\"parentId\":2012,\"path\":\"logistics\",\"perms\":\"qwk:logistics:list\",\"status\":\"0\",\"updateBy\":\"admin\",\"visible\":\"0\"}', '{\"msg\":\"操作成功\",\"code\":200}', 0, NULL, '2023-07-03 18:10:33', 93);
INSERT INTO `sys_oper_log` VALUES (434, '代码生成', 6, 'com.ruoyi.generator.controller.GenController.importTableSave()', 'POST', 1, 'admin', NULL, '/tool/gen/importTable', '127.0.0.1', '内网IP', '{\"tables\":\"take_delivery_address\"}', '{\"msg\":\"操作成功\",\"code\":200}', 0, NULL, '2023-07-03 18:52:37', 184);
INSERT INTO `sys_oper_log` VALUES (435, '代码生成', 2, 'com.ruoyi.generator.controller.GenController.editSave()', 'PUT', 1, 'admin', NULL, '/tool/gen', '127.0.0.1', '内网IP', '{\"businessName\":\"takeDeliveryAddress\",\"className\":\"TakeDeliveryAddress\",\"columns\":[{\"capJavaField\":\"Id\",\"columnComment\":\"主键id\",\"columnId\":313,\"columnName\":\"id\",\"columnType\":\"int\",\"createBy\":\"admin\",\"createTime\":\"2023-07-03 18:52:36\",\"dictType\":\"\",\"edit\":false,\"htmlType\":\"input\",\"increment\":true,\"insert\":true,\"isIncrement\":\"1\",\"isInsert\":\"1\",\"isPk\":\"1\",\"javaField\":\"id\",\"javaType\":\"Long\",\"list\":false,\"params\":{},\"pk\":true,\"query\":false,\"queryType\":\"EQ\",\"required\":false,\"sort\":1,\"superColumn\":false,\"tableId\":24,\"updateBy\":\"\",\"usableColumn\":false},{\"capJavaField\":\"UserId\",\"columnComment\":\"用户id\",\"columnId\":314,\"columnName\":\"user_id\",\"columnType\":\"int\",\"createBy\":\"admin\",\"createTime\":\"2023-07-03 18:52:36\",\"dictType\":\"\",\"edit\":true,\"htmlType\":\"input\",\"increment\":false,\"insert\":true,\"isEdit\":\"1\",\"isIncrement\":\"0\",\"isInsert\":\"1\",\"isList\":\"1\",\"isPk\":\"0\",\"isQuery\":\"1\",\"isRequired\":\"1\",\"javaField\":\"userId\",\"javaType\":\"Long\",\"list\":true,\"params\":{},\"pk\":false,\"query\":true,\"queryType\":\"EQ\",\"required\":true,\"sort\":2,\"superColumn\":false,\"tableId\":24,\"updateBy\":\"\",\"usableColumn\":false},{\"capJavaField\":\"Consignee\",\"columnComment\":\"收货人姓名\",\"columnId\":315,\"columnName\":\"consignee\",\"columnType\":\"varchar(255)\",\"createBy\":\"admin\",\"createTime\":\"2023-07-03 18:52:36\",\"dictType\":\"\",\"edit\":true,\"htmlType\":\"input\",\"increment\":false,\"insert\":true,\"isEdit\":\"1\",\"isIncrement\":\"0\",\"isInsert\":\"1\",\"isList\":\"1\",\"isPk\":\"0\",\"isQuery\":\"1\",\"isRequired\":\"1\",\"javaField\":\"consignee\",\"javaType\":\"String\",\"list\":true,\"params\":{},\"pk\":false,\"query\":true,\"queryType\":\"LIKE\",\"required\":true,\"sort\":3,\"superColumn\":false,\"tableId\":24,\"updateBy\":\"\",\"usableColumn\":false},{\"capJavaField\":\"Phone\",\"columnComment\":\"收货人手机号\",\"columnId\":316,\"columnName\":\"phone\",\"columnType\":\"varchar(255)\",\"createBy\":\"admin\",\"createTime\":\"2023-07-03 18:52:36\",\"dictType\":\"\",\"edit\":true,\"htmlType\":\"input\",\"increment\":false,\"insert\":true,\"isEdit\":\"1\",\"isIncrement\":\"0\",\"isInsert\":\"1\",\"isList\":\"1\",\"isPk\":\"0\",\"isQuery\":\"1\",\"isRequired\":\"1\",\"javaField\":\"', '{\"msg\":\"操作成功\",\"code\":200}', 0, NULL, '2023-07-03 18:54:49', 174);
INSERT INTO `sys_oper_log` VALUES (436, '代码生成', 8, 'com.ruoyi.generator.controller.GenController.batchGenCode()', 'GET', 1, 'admin', NULL, '/tool/gen/batchGenCode', '127.0.0.1', '内网IP', '{\"tables\":\"take_delivery_address\"}', NULL, 0, NULL, '2023-07-03 18:54:57', 92);
INSERT INTO `sys_oper_log` VALUES (437, 'takeDeliveryAddress', 1, 'com.ruoyi.qwk.controller.TakeDeliveryAddressController.addTakeDeliveryAddress()', 'POST', 1, 'admin', NULL, '/qwk/takeDeliveryAddress/addTakeDeliveryAddress', '127.0.0.1', '内网IP', '{\"address\":\"湖北省武汉市**区**小区36栋3单元\",\"area\":\"湖北省,武汉市,江汉区\",\"consignee\":\"张三\",\"createBy\":\"string\",\"createTime\":\"2023-07-04 09:19:03\",\"id\":1,\"isDefault\":1,\"params\":{},\"phone\":\"111111111\",\"remark\":\"string\",\"updateBy\":\"string\",\"updateTime\":\"2023-07-04 09:19:03\",\"userId\":1,\"zipCode\":\"420000\"}', '{\"msg\":\"操作成功\",\"code\":200}', 0, NULL, '2023-07-04 09:19:29', 122);
INSERT INTO `sys_oper_log` VALUES (438, 'takeDeliveryAddress', 3, 'com.ruoyi.qwk.controller.TakeDeliveryAddressController.del()', 'DELETE', 1, 'admin', NULL, '/qwk/takeDeliveryAddress/del/1', '192.168.1.8', '内网IP', '{}', '{\"msg\":\"操作成功\",\"code\":200}', 0, NULL, '2023-07-04 09:27:21', 281);
INSERT INTO `sys_oper_log` VALUES (439, '代码生成', 3, 'com.ruoyi.generator.controller.GenController.remove()', 'DELETE', 1, 'admin', NULL, '/tool/gen/16', '127.0.0.1', '内网IP', '{}', '{\"msg\":\"操作成功\",\"code\":200}', 0, NULL, '2023-07-04 10:30:27', 125);
INSERT INTO `sys_oper_log` VALUES (440, '代码生成', 6, 'com.ruoyi.generator.controller.GenController.importTableSave()', 'POST', 1, 'admin', NULL, '/tool/gen/importTable', '127.0.0.1', '内网IP', '{\"tables\":\"recharge_bill\"}', '{\"msg\":\"操作成功\",\"code\":200}', 0, NULL, '2023-07-04 10:30:32', 233);
INSERT INTO `sys_oper_log` VALUES (441, '商品订单 ', 2, 'com.ruoyi.qwk.controller.OrdersController.edit()', 'PUT', 1, 'admin', NULL, '/qwk/orders', '127.0.0.1', '内网IP', '{\"goodsImage\":\"/profile/upload/2023/07/04/1_20230704104813A001.jpg\",\"goodsName\":\"测试\",\"goodsType\":1,\"id\":1,\"nickName\":\"若依\",\"orderNumber\":\"123132132\",\"params\":{},\"price\":\"11\",\"status\":1,\"userId\":1,\"userPhone\":\"111111\"}', '{\"msg\":\"操作成功\",\"code\":200}', 0, NULL, '2023-07-04 10:48:16', 85);
INSERT INTO `sys_oper_log` VALUES (442, '代码生成', 3, 'com.ruoyi.generator.controller.GenController.remove()', 'DELETE', 1, 'admin', NULL, '/tool/gen/12', '127.0.0.1', '内网IP', '{}', '{\"msg\":\"操作成功\",\"code\":200}', 0, NULL, '2023-07-04 14:38:16', 131);
INSERT INTO `sys_oper_log` VALUES (443, '代码生成', 6, 'com.ruoyi.generator.controller.GenController.importTableSave()', 'POST', 1, 'admin', NULL, '/tool/gen/importTable', '127.0.0.1', '内网IP', '{\"tables\":\"asset_details\"}', '{\"msg\":\"操作成功\",\"code\":200}', 0, NULL, '2023-07-04 14:38:23', 312);
INSERT INTO `sys_oper_log` VALUES (444, '代码生成', 2, 'com.ruoyi.generator.controller.GenController.editSave()', 'PUT', 1, 'admin', NULL, '/tool/gen', '127.0.0.1', '内网IP', '{\"businessName\":\"details\",\"className\":\"AssetDetails\",\"columns\":[{\"capJavaField\":\"Id\",\"columnComment\":\"id\",\"columnId\":335,\"columnName\":\"id\",\"columnType\":\"int\",\"createBy\":\"admin\",\"createTime\":\"2023-07-04 14:38:23\",\"dictType\":\"\",\"edit\":false,\"htmlType\":\"input\",\"increment\":true,\"insert\":true,\"isIncrement\":\"1\",\"isInsert\":\"1\",\"isPk\":\"1\",\"javaField\":\"id\",\"javaType\":\"Long\",\"list\":false,\"params\":{},\"pk\":true,\"query\":false,\"queryType\":\"EQ\",\"required\":false,\"sort\":1,\"superColumn\":false,\"tableId\":26,\"updateBy\":\"\",\"usableColumn\":false},{\"capJavaField\":\"UserId\",\"columnComment\":\"用户id\",\"columnId\":336,\"columnName\":\"user_id\",\"columnType\":\"int\",\"createBy\":\"admin\",\"createTime\":\"2023-07-04 14:38:23\",\"dictType\":\"\",\"edit\":true,\"htmlType\":\"input\",\"increment\":false,\"insert\":true,\"isEdit\":\"1\",\"isIncrement\":\"0\",\"isInsert\":\"1\",\"isList\":\"1\",\"isPk\":\"0\",\"isQuery\":\"1\",\"isRequired\":\"1\",\"javaField\":\"userId\",\"javaType\":\"Long\",\"list\":true,\"params\":{},\"pk\":false,\"query\":true,\"queryType\":\"EQ\",\"required\":true,\"sort\":2,\"superColumn\":false,\"tableId\":26,\"updateBy\":\"\",\"usableColumn\":false},{\"capJavaField\":\"UserPhone\",\"columnComment\":\"用户手机号\",\"columnId\":337,\"columnName\":\"user_phone\",\"columnType\":\"varchar(32)\",\"createBy\":\"admin\",\"createTime\":\"2023-07-04 14:38:23\",\"dictType\":\"\",\"edit\":true,\"htmlType\":\"input\",\"increment\":false,\"insert\":true,\"isEdit\":\"1\",\"isIncrement\":\"0\",\"isInsert\":\"1\",\"isList\":\"1\",\"isPk\":\"0\",\"isQuery\":\"1\",\"isRequired\":\"1\",\"javaField\":\"userPhone\",\"javaType\":\"String\",\"list\":true,\"params\":{},\"pk\":false,\"query\":true,\"queryType\":\"EQ\",\"required\":true,\"sort\":3,\"superColumn\":false,\"tableId\":26,\"updateBy\":\"\",\"usableColumn\":false},{\"capJavaField\":\"Type\",\"columnComment\":\"类型\",\"columnId\":338,\"columnName\":\"type\",\"columnType\":\"int\",\"createBy\":\"admin\",\"createTime\":\"2023-07-04 14:38:23\",\"dictType\":\"\",\"edit\":true,\"htmlType\":\"select\",\"increment\":false,\"insert\":true,\"isEdit\":\"1\",\"isIncrement\":\"0\",\"isInsert\":\"1\",\"isList\":\"1\",\"isPk\":\"0\",\"isQuery\":\"1\",\"javaField\":\"type\",\"javaType\":\"Long\",\"list\":true,\"params\":{},\"pk\":f', '{\"msg\":\"操作成功\",\"code\":200}', 0, NULL, '2023-07-04 15:04:10', 664);
INSERT INTO `sys_oper_log` VALUES (445, '代码生成', 2, 'com.ruoyi.generator.controller.GenController.editSave()', 'PUT', 1, 'admin', NULL, '/tool/gen', '127.0.0.1', '内网IP', '{\"businessName\":\"details\",\"className\":\"AssetDetails\",\"columns\":[{\"capJavaField\":\"Id\",\"columnComment\":\"id\",\"columnId\":335,\"columnName\":\"id\",\"columnType\":\"int\",\"createBy\":\"admin\",\"createTime\":\"2023-07-04 14:38:23\",\"dictType\":\"\",\"edit\":false,\"htmlType\":\"input\",\"increment\":true,\"insert\":true,\"isIncrement\":\"1\",\"isInsert\":\"1\",\"isPk\":\"1\",\"javaField\":\"id\",\"javaType\":\"Long\",\"list\":false,\"params\":{},\"pk\":true,\"query\":false,\"queryType\":\"EQ\",\"required\":false,\"sort\":1,\"superColumn\":false,\"tableId\":26,\"updateBy\":\"\",\"updateTime\":\"2023-07-04 15:04:09\",\"usableColumn\":false},{\"capJavaField\":\"UserId\",\"columnComment\":\"用户id\",\"columnId\":336,\"columnName\":\"user_id\",\"columnType\":\"int\",\"createBy\":\"admin\",\"createTime\":\"2023-07-04 14:38:23\",\"dictType\":\"\",\"edit\":true,\"htmlType\":\"input\",\"increment\":false,\"insert\":true,\"isEdit\":\"1\",\"isIncrement\":\"0\",\"isInsert\":\"1\",\"isList\":\"1\",\"isPk\":\"0\",\"isQuery\":\"1\",\"isRequired\":\"1\",\"javaField\":\"userId\",\"javaType\":\"Long\",\"list\":true,\"params\":{},\"pk\":false,\"query\":true,\"queryType\":\"EQ\",\"required\":true,\"sort\":2,\"superColumn\":false,\"tableId\":26,\"updateBy\":\"\",\"updateTime\":\"2023-07-04 15:04:10\",\"usableColumn\":false},{\"capJavaField\":\"UserPhone\",\"columnComment\":\"用户手机号\",\"columnId\":337,\"columnName\":\"user_phone\",\"columnType\":\"varchar(32)\",\"createBy\":\"admin\",\"createTime\":\"2023-07-04 14:38:23\",\"dictType\":\"\",\"edit\":true,\"htmlType\":\"input\",\"increment\":false,\"insert\":true,\"isEdit\":\"1\",\"isIncrement\":\"0\",\"isInsert\":\"1\",\"isList\":\"1\",\"isPk\":\"0\",\"isQuery\":\"1\",\"isRequired\":\"1\",\"javaField\":\"userPhone\",\"javaType\":\"String\",\"list\":true,\"params\":{},\"pk\":false,\"query\":true,\"queryType\":\"EQ\",\"required\":true,\"sort\":3,\"superColumn\":false,\"tableId\":26,\"updateBy\":\"\",\"updateTime\":\"2023-07-04 15:04:10\",\"usableColumn\":false},{\"capJavaField\":\"Type\",\"columnComment\":\"类型\",\"columnId\":338,\"columnName\":\"type\",\"columnType\":\"int\",\"createBy\":\"admin\",\"createTime\":\"2023-07-04 14:38:23\",\"dictType\":\"wtb_asset_type\",\"edit\":true,\"htmlType\":\"select\",\"increment\":false,\"insert\":true,\"isEdit\":\"1\",\"isIncrement\":\"0\",\"', '{\"msg\":\"操作成功\",\"code\":200}', 0, NULL, '2023-07-04 15:06:05', 224);
INSERT INTO `sys_oper_log` VALUES (446, '菜单管理', 2, 'com.ruoyi.web.controller.system.SysMenuController.edit()', 'PUT', 1, 'admin', NULL, '/system/menu', '127.0.0.1', '内网IP', '{\"children\":[],\"component\":\"qwk/assetDetails/index\",\"createTime\":\"2023-06-30 12:00:13\",\"icon\":\"#\",\"isCache\":\"0\",\"isFrame\":\"1\",\"menuId\":2048,\"menuName\":\"资产详情 \",\"menuType\":\"C\",\"orderNum\":2,\"params\":{},\"parentId\":2047,\"path\":\"assetDetails\",\"perms\":\"qwk:assetDetails:list\",\"status\":\"1\",\"updateBy\":\"admin\",\"visible\":\"1\"}', '{\"msg\":\"操作成功\",\"code\":200}', 0, NULL, '2023-07-05 09:20:32', 89);
INSERT INTO `sys_oper_log` VALUES (447, '角色管理', 2, 'com.ruoyi.web.controller.system.SysRoleController.edit()', 'PUT', 1, 'admin', NULL, '/system/role', '127.0.0.1', '内网IP', '{\"admin\":false,\"createTime\":\"2023-06-26 10:21:56\",\"dataScope\":\"2\",\"delFlag\":\"0\",\"deptCheckStrictly\":true,\"flag\":false,\"menuCheckStrictly\":true,\"menuIds\":[1,2,2012,2021,2013,2014,2015,2016,2017,2018,2073,2074,2075,2076,2077,2078,2067,2068,2069,2070,2071,2072,2000,2001,2002,2003,2004,2005,2006,2007,2008,2009,2010,2011,103,1016,1017,1018,1019,105,1025,1026,1027,1028,1029,109,1046,1047,1048,111,112,2019,2020,2022,2023,2024,2025,2026,2027,2028,2029,2030,2031,2032,2033,2034,2035,2036,2037,2038,2039,2040,2047,2041,2042,2043,2044,2045,2046,2048,2049,2050,2051,2052,2053,2060,2054,2055,2056,2057,2058,2059,2061,2062,2063,2064,2065,2066],\"params\":{},\"remark\":\"普通角色\",\"roleId\":2,\"roleKey\":\"common\",\"roleName\":\"普通角色\",\"roleSort\":2,\"status\":\"0\",\"updateBy\":\"admin\"}', '{\"msg\":\"操作成功\",\"code\":200}', 0, NULL, '2023-07-05 18:38:22', 464);
INSERT INTO `sys_oper_log` VALUES (448, '用户管理', 2, 'com.ruoyi.web.controller.system.SysUserController.edit()', 'PUT', 1, 'admin', NULL, '/system/user', '127.0.0.1', '内网IP', '{\"admin\":false,\"avatar\":\"\",\"createBy\":\"admin\",\"createTime\":\"2023-06-26 10:21:54\",\"delFlag\":\"0\",\"dept\":{\"ancestors\":\"0,100,101\",\"children\":[],\"deptId\":105,\"deptName\":\"测试部门\",\"leader\":\"若依\",\"orderNum\":3,\"params\":{},\"parentId\":101,\"status\":\"0\"},\"deptId\":105,\"email\":\"ry@qq.com\",\"loginDate\":\"2023-06-26 10:21:54\",\"loginIp\":\"127.0.0.1\",\"nickName\":\"若依2\",\"params\":{},\"phonenumber\":\"15666666666\",\"postIds\":[2],\"remark\":\"测试员\",\"roleIds\":[2],\"roles\":[{\"admin\":false,\"dataScope\":\"2\",\"deptCheckStrictly\":false,\"flag\":false,\"menuCheckStrictly\":false,\"params\":{},\"roleId\":2,\"roleKey\":\"common\",\"roleName\":\"普通角色\",\"roleSort\":2,\"status\":\"0\"}],\"sex\":\"1\",\"status\":\"0\",\"updateBy\":\"admin\",\"userId\":2,\"userName\":\"ry\"}', '{\"msg\":\"操作成功\",\"code\":200}', 0, NULL, '2023-07-05 18:38:35', 119);
INSERT INTO `sys_oper_log` VALUES (449, '用户管理', 2, 'com.ruoyi.web.controller.system.SysUserController.edit()', 'PUT', 1, 'admin', NULL, '/system/user', '127.0.0.1', '内网IP', '{\"admin\":false,\"avatar\":\"\",\"createBy\":\"admin\",\"createTime\":\"2023-06-26 10:21:54\",\"delFlag\":\"0\",\"dept\":{\"ancestors\":\"0,100,101\",\"children\":[],\"deptId\":105,\"deptName\":\"测试部门\",\"leader\":\"若依\",\"orderNum\":3,\"params\":{},\"parentId\":101,\"status\":\"0\"},\"deptId\":105,\"email\":\"ry@qq.com\",\"loginDate\":\"2023-06-26 10:21:54\",\"loginIp\":\"127.0.0.1\",\"nickName\":\"测试账号\",\"params\":{},\"phonenumber\":\"15666666666\",\"postIds\":[4],\"remark\":\"测试员\",\"roleIds\":[2],\"roles\":[{\"admin\":false,\"dataScope\":\"2\",\"deptCheckStrictly\":false,\"flag\":false,\"menuCheckStrictly\":false,\"params\":{},\"roleId\":2,\"roleKey\":\"common\",\"roleName\":\"普通角色\",\"roleSort\":2,\"status\":\"0\"}],\"sex\":\"1\",\"status\":\"0\",\"updateBy\":\"admin\",\"userId\":2,\"userName\":\"ry\"}', '{\"msg\":\"操作成功\",\"code\":200}', 0, NULL, '2023-07-05 18:39:05', 130);
INSERT INTO `sys_oper_log` VALUES (450, '用户管理', 2, 'com.ruoyi.web.controller.system.SysUserController.edit()', 'PUT', 1, 'admin', NULL, '/system/user', '127.0.0.1', '内网IP', '{\"admin\":false,\"avatar\":\"\",\"createBy\":\"admin\",\"createTime\":\"2023-06-26 10:21:54\",\"delFlag\":\"0\",\"dept\":{\"ancestors\":\"0,100,101\",\"children\":[],\"deptId\":105,\"deptName\":\"测试部门\",\"leader\":\"若依\",\"orderNum\":3,\"params\":{},\"parentId\":101,\"status\":\"0\"},\"deptId\":105,\"email\":\"ry@qq.com\",\"loginDate\":\"2023-06-26 10:21:54\",\"loginIp\":\"127.0.0.1\",\"nickName\":\"测试账号\",\"params\":{},\"phonenumber\":\"15666666666\",\"postIds\":[4],\"realName\":\"测试\",\"remark\":\"测试员\",\"roleIds\":[2],\"roles\":[{\"admin\":false,\"dataScope\":\"2\",\"deptCheckStrictly\":false,\"flag\":false,\"menuCheckStrictly\":false,\"params\":{},\"roleId\":2,\"roleKey\":\"common\",\"roleName\":\"普通角色\",\"roleSort\":2,\"status\":\"0\"}],\"sex\":\"1\",\"status\":\"0\",\"updateBy\":\"admin\",\"userId\":2,\"userName\":\"ry\"}', '{\"msg\":\"操作成功\",\"code\":200}', 0, NULL, '2023-07-05 18:39:26', 142);
INSERT INTO `sys_oper_log` VALUES (451, '物流 ', 1, 'com.ruoyi.qwk.controller.LogisticsController.add()', 'POST', 1, 'admin', NULL, '/qwk/logistics', '127.0.0.1', '内网IP', '{\"consigneeAddress\":\"湖北省武汉市江汉区万松街道125号\",\"consigneeName\":\"测试\",\"consigneePhone\":\"11111111111\",\"createdTime\":\"2023-07-06\",\"expressCompany\":\"顺丰\",\"goodsImage\":\"/profile/upload/2023/07/06/1_20230706092027A001.jpg\",\"goodsName\":\"测试\",\"id\":1,\"orderNumber\":\"123132132\",\"params\":{},\"trackingNumber\":\"111111111\"}', '{\"msg\":\"操作成功\",\"code\":200}', 0, NULL, '2023-07-06 09:21:26', 97);
INSERT INTO `sys_oper_log` VALUES (452, '用户头像', 2, 'com.ruoyi.web.controller.system.SysProfileController.avatar()', 'POST', 1, 'admin', NULL, '/system/user/profile/avatar', '127.0.0.1', '内网IP', '', '{\"msg\":\"操作成功\",\"imgUrl\":\"/profile/avatar/2023/07/10/blob_20230710134539A001.png\",\"code\":200}', 0, NULL, '2023-07-10 13:45:44', 144);
INSERT INTO `sys_oper_log` VALUES (453, '代码生成', 3, 'com.ruoyi.generator.controller.GenController.remove()', 'DELETE', 1, 'admin', NULL, '/tool/gen/5', '127.0.0.1', '内网IP', '{}', '{\"msg\":\"操作成功\",\"code\":200}', 0, NULL, '2023-07-10 15:15:55', 185);
INSERT INTO `sys_oper_log` VALUES (454, '代码生成', 6, 'com.ruoyi.generator.controller.GenController.importTableSave()', 'POST', 1, 'admin', NULL, '/tool/gen/importTable', '127.0.0.1', '内网IP', '{\"tables\":\"sys_user\"}', '{\"msg\":\"操作成功\",\"code\":200}', 0, NULL, '2023-07-10 15:16:01', 397);
INSERT INTO `sys_oper_log` VALUES (455, '代码生成', 3, 'com.ruoyi.generator.controller.GenController.remove()', 'DELETE', 1, 'admin', NULL, '/tool/gen/10', '127.0.0.1', '内网IP', '{}', '{\"msg\":\"操作成功\",\"code\":200}', 0, NULL, '2023-07-10 18:20:33', 97);
INSERT INTO `sys_oper_log` VALUES (456, '代码生成', 6, 'com.ruoyi.generator.controller.GenController.importTableSave()', 'POST', 1, 'admin', NULL, '/tool/gen/importTable', '127.0.0.1', '内网IP', '{\"tables\":\"warehouse_details\"}', '{\"msg\":\"操作成功\",\"code\":200}', 0, NULL, '2023-07-10 18:20:42', 155);
INSERT INTO `sys_oper_log` VALUES (457, '代码生成', 3, 'com.ruoyi.generator.controller.GenController.remove()', 'DELETE', 1, 'admin', NULL, '/tool/gen/27', '127.0.0.1', '内网IP', '{}', '{\"msg\":\"操作成功\",\"code\":200}', 0, NULL, '2023-07-10 18:21:28', 93);
INSERT INTO `sys_oper_log` VALUES (458, '代码生成', 6, 'com.ruoyi.generator.controller.GenController.importTableSave()', 'POST', 1, 'admin', NULL, '/tool/gen/importTable', '127.0.0.1', '内网IP', '{\"tables\":\"warehouse_details\"}', '{\"msg\":\"操作成功\",\"code\":200}', 0, NULL, '2023-07-10 18:22:51', 343);
INSERT INTO `sys_oper_log` VALUES (459, '代码生成', 3, 'com.ruoyi.generator.controller.GenController.remove()', 'DELETE', 1, 'admin', NULL, '/tool/gen/28', '127.0.0.1', '内网IP', '{}', '{\"msg\":\"操作成功\",\"code\":200}', 0, NULL, '2023-07-10 18:25:32', 102);
INSERT INTO `sys_oper_log` VALUES (460, '代码生成', 6, 'com.ruoyi.generator.controller.GenController.importTableSave()', 'POST', 1, 'admin', NULL, '/tool/gen/importTable', '127.0.0.1', '内网IP', '{\"tables\":\"warehouse_details\"}', '{\"msg\":\"操作成功\",\"code\":200}', 0, NULL, '2023-07-10 18:25:38', 171);
INSERT INTO `sys_oper_log` VALUES (461, '代码生成', 3, 'com.ruoyi.generator.controller.GenController.remove()', 'DELETE', 1, 'admin', NULL, '/tool/gen/19', '127.0.0.1', '内网IP', '{}', '{\"msg\":\"操作成功\",\"code\":200}', 0, NULL, '2023-07-10 18:31:49', 98);
INSERT INTO `sys_oper_log` VALUES (462, '代码生成', 6, 'com.ruoyi.generator.controller.GenController.importTableSave()', 'POST', 1, 'admin', NULL, '/tool/gen/importTable', '127.0.0.1', '内网IP', '{\"tables\":\"points_details\"}', '{\"msg\":\"操作成功\",\"code\":200}', 0, NULL, '2023-07-10 18:31:53', 157);
INSERT INTO `sys_oper_log` VALUES (463, '代码生成', 2, 'com.ruoyi.generator.controller.GenController.editSave()', 'PUT', 1, 'admin', NULL, '/tool/gen', '127.0.0.1', '内网IP', '{\"businessName\":\"pointsDetails\",\"className\":\"PointsDetails\",\"columns\":[{\"capJavaField\":\"Id\",\"columnComment\":\"id\",\"columnId\":378,\"columnName\":\"id\",\"columnType\":\"int\",\"createBy\":\"admin\",\"createTime\":\"2023-07-10 18:31:53\",\"dictType\":\"\",\"edit\":false,\"htmlType\":\"input\",\"increment\":true,\"insert\":true,\"isIncrement\":\"1\",\"isInsert\":\"1\",\"isPk\":\"1\",\"javaField\":\"id\",\"javaType\":\"Long\",\"list\":false,\"params\":{},\"pk\":true,\"query\":false,\"queryType\":\"EQ\",\"required\":false,\"sort\":1,\"superColumn\":false,\"tableId\":30,\"updateBy\":\"\",\"usableColumn\":false},{\"capJavaField\":\"WDId\",\"columnComment\":\"仓库详情id\",\"columnId\":379,\"columnName\":\"w_d_id\",\"columnType\":\"int\",\"createBy\":\"admin\",\"createTime\":\"2023-07-10 18:31:53\",\"dictType\":\"\",\"edit\":true,\"htmlType\":\"input\",\"increment\":false,\"insert\":true,\"isEdit\":\"1\",\"isIncrement\":\"0\",\"isInsert\":\"1\",\"isList\":\"1\",\"isPk\":\"0\",\"isQuery\":\"1\",\"isRequired\":\"1\",\"javaField\":\"wDId\",\"javaType\":\"Long\",\"list\":true,\"params\":{},\"pk\":false,\"query\":true,\"queryType\":\"EQ\",\"required\":true,\"sort\":2,\"superColumn\":false,\"tableId\":30,\"updateBy\":\"\",\"usableColumn\":false},{\"capJavaField\":\"GoodsId\",\"columnComment\":\"商品id\",\"columnId\":380,\"columnName\":\"goods_id\",\"columnType\":\"int\",\"createBy\":\"admin\",\"createTime\":\"2023-07-10 18:31:53\",\"dictType\":\"\",\"edit\":true,\"htmlType\":\"input\",\"increment\":false,\"insert\":true,\"isEdit\":\"1\",\"isIncrement\":\"0\",\"isInsert\":\"1\",\"isList\":\"1\",\"isPk\":\"0\",\"isQuery\":\"1\",\"javaField\":\"goodsId\",\"javaType\":\"Long\",\"list\":true,\"params\":{},\"pk\":false,\"query\":true,\"queryType\":\"EQ\",\"required\":false,\"sort\":3,\"superColumn\":false,\"tableId\":30,\"updateBy\":\"\",\"usableColumn\":false},{\"capJavaField\":\"GoodsName\",\"columnComment\":\"商品名称\",\"columnId\":381,\"columnName\":\"goods_name\",\"columnType\":\"varchar(128)\",\"createBy\":\"admin\",\"createTime\":\"2023-07-10 18:31:53\",\"dictType\":\"\",\"edit\":true,\"htmlType\":\"input\",\"increment\":false,\"insert\":true,\"isEdit\":\"1\",\"isIncrement\":\"0\",\"isInsert\":\"1\",\"isList\":\"1\",\"isPk\":\"0\",\"isQuery\":\"1\",\"javaField\":\"goodsName\",\"javaType\":\"String\",\"list\":true,\"params\":{},\"pk\":fa', '{\"msg\":\"操作成功\",\"code\":200}', 0, NULL, '2023-07-10 18:35:57', 199);
INSERT INTO `sys_oper_log` VALUES (464, '代码生成', 8, 'com.ruoyi.generator.controller.GenController.batchGenCode()', 'GET', 1, 'admin', NULL, '/tool/gen/batchGenCode', '127.0.0.1', '内网IP', '{\"tables\":\"points_details\"}', NULL, 0, NULL, '2023-07-10 18:36:01', 62);
INSERT INTO `sys_oper_log` VALUES (465, '代码生成', 3, 'com.ruoyi.generator.controller.GenController.remove()', 'DELETE', 1, 'admin', NULL, '/tool/gen/20', '127.0.0.1', '内网IP', '{}', '{\"msg\":\"操作成功\",\"code\":200}', 0, NULL, '2023-07-11 09:44:47', 134);
INSERT INTO `sys_oper_log` VALUES (466, '代码生成', 6, 'com.ruoyi.generator.controller.GenController.importTableSave()', 'POST', 1, 'admin', NULL, '/tool/gen/importTable', '127.0.0.1', '内网IP', '{\"tables\":\"orders\"}', '{\"msg\":\"操作成功\",\"code\":200}', 0, NULL, '2023-07-11 09:44:54', 283);
INSERT INTO `sys_oper_log` VALUES (467, '代码生成', 3, 'com.ruoyi.generator.controller.GenController.remove()', 'DELETE', 1, 'admin', NULL, '/tool/gen/29', '127.0.0.1', '内网IP', '{}', '{\"msg\":\"操作成功\",\"code\":200}', 0, NULL, '2023-07-11 15:30:08', 167);
INSERT INTO `sys_oper_log` VALUES (468, '代码生成', 6, 'com.ruoyi.generator.controller.GenController.importTableSave()', 'POST', 1, 'admin', NULL, '/tool/gen/importTable', '127.0.0.1', '内网IP', '{\"tables\":\"warehouse_details\"}', '{\"msg\":\"操作成功\",\"code\":200}', 0, NULL, '2023-07-11 15:30:12', 179);
INSERT INTO `sys_oper_log` VALUES (469, '代码生成', 3, 'com.ruoyi.generator.controller.GenController.remove()', 'DELETE', 1, 'admin', NULL, '/tool/gen/32', '127.0.0.1', '内网IP', '{}', '{\"msg\":\"操作成功\",\"code\":200}', 0, NULL, '2023-07-11 15:59:35', 130);
INSERT INTO `sys_oper_log` VALUES (470, '代码生成', 6, 'com.ruoyi.generator.controller.GenController.importTableSave()', 'POST', 1, 'admin', NULL, '/tool/gen/importTable', '127.0.0.1', '内网IP', '{\"tables\":\"warehouse_details\"}', '{\"msg\":\"操作成功\",\"code\":200}', 0, NULL, '2023-07-11 15:59:41', 212);

-- ----------------------------
-- Table structure for sys_post
-- ----------------------------
DROP TABLE IF EXISTS `sys_post`;
CREATE TABLE `sys_post`  (
  `post_id` bigint(0) NOT NULL AUTO_INCREMENT COMMENT '岗位ID',
  `post_code` varchar(64) CHARACTER SET utf8mb4 COLLATE utf8mb4_0900_ai_ci NOT NULL COMMENT '岗位编码',
  `post_name` varchar(50) CHARACTER SET utf8mb4 COLLATE utf8mb4_0900_ai_ci NOT NULL COMMENT '岗位名称',
  `post_sort` int(0) NOT NULL COMMENT '显示顺序',
  `status` char(1) CHARACTER SET utf8mb4 COLLATE utf8mb4_0900_ai_ci NOT NULL COMMENT '状态（0正常 1停用）',
  `create_by` varchar(64) CHARACTER SET utf8mb4 COLLATE utf8mb4_0900_ai_ci NULL DEFAULT '' COMMENT '创建者',
  `create_time` datetime(0) NULL DEFAULT NULL COMMENT '创建时间',
  `update_by` varchar(64) CHARACTER SET utf8mb4 COLLATE utf8mb4_0900_ai_ci NULL DEFAULT '' COMMENT '更新者',
  `update_time` datetime(0) NULL DEFAULT NULL COMMENT '更新时间',
  `remark` varchar(500) CHARACTER SET utf8mb4 COLLATE utf8mb4_0900_ai_ci NULL DEFAULT NULL COMMENT '备注',
  PRIMARY KEY (`post_id`) USING BTREE
) ENGINE = InnoDB AUTO_INCREMENT = 5 CHARACTER SET = utf8mb4 COLLATE = utf8mb4_0900_ai_ci COMMENT = '岗位信息表' ROW_FORMAT = Dynamic;

-- ----------------------------
-- Records of sys_post
-- ----------------------------
INSERT INTO `sys_post` VALUES (1, 'ceo', '董事长', 1, '0', 'admin', '2023-06-26 10:21:55', '', NULL, '');
INSERT INTO `sys_post` VALUES (2, 'se', '项目经理', 2, '0', 'admin', '2023-06-26 10:21:55', '', NULL, '');
INSERT INTO `sys_post` VALUES (3, 'hr', '人力资源', 3, '0', 'admin', '2023-06-26 10:21:55', '', NULL, '');
INSERT INTO `sys_post` VALUES (4, 'user', '普通员工', 4, '0', 'admin', '2023-06-26 10:21:55', '', NULL, '');

-- ----------------------------
-- Table structure for sys_role
-- ----------------------------
DROP TABLE IF EXISTS `sys_role`;
CREATE TABLE `sys_role`  (
  `role_id` bigint(0) NOT NULL AUTO_INCREMENT COMMENT '角色ID',
  `role_name` varchar(30) CHARACTER SET utf8mb4 COLLATE utf8mb4_0900_ai_ci NOT NULL COMMENT '角色名称',
  `role_key` varchar(100) CHARACTER SET utf8mb4 COLLATE utf8mb4_0900_ai_ci NOT NULL COMMENT '角色权限字符串',
  `role_sort` int(0) NOT NULL COMMENT '显示顺序',
  `data_scope` char(1) CHARACTER SET utf8mb4 COLLATE utf8mb4_0900_ai_ci NULL DEFAULT '1' COMMENT '数据范围（1：全部数据权限 2：自定数据权限 3：本部门数据权限 4：本部门及以下数据权限）',
  `menu_check_strictly` tinyint(1) NULL DEFAULT 1 COMMENT '菜单树选择项是否关联显示',
  `dept_check_strictly` tinyint(1) NULL DEFAULT 1 COMMENT '部门树选择项是否关联显示',
  `status` char(1) CHARACTER SET utf8mb4 COLLATE utf8mb4_0900_ai_ci NOT NULL COMMENT '角色状态（0正常 1停用）',
  `del_flag` char(1) CHARACTER SET utf8mb4 COLLATE utf8mb4_0900_ai_ci NULL DEFAULT '0' COMMENT '删除标志（0代表存在 2代表删除）',
  `create_by` varchar(64) CHARACTER SET utf8mb4 COLLATE utf8mb4_0900_ai_ci NULL DEFAULT '' COMMENT '创建者',
  `create_time` datetime(0) NULL DEFAULT NULL COMMENT '创建时间',
  `update_by` varchar(64) CHARACTER SET utf8mb4 COLLATE utf8mb4_0900_ai_ci NULL DEFAULT '' COMMENT '更新者',
  `update_time` datetime(0) NULL DEFAULT NULL COMMENT '更新时间',
  `remark` varchar(500) CHARACTER SET utf8mb4 COLLATE utf8mb4_0900_ai_ci NULL DEFAULT NULL COMMENT '备注',
  PRIMARY KEY (`role_id`) USING BTREE
) ENGINE = InnoDB AUTO_INCREMENT = 101 CHARACTER SET = utf8mb4 COLLATE = utf8mb4_0900_ai_ci COMMENT = '角色信息表' ROW_FORMAT = Dynamic;

-- ----------------------------
-- Records of sys_role
-- ----------------------------
INSERT INTO `sys_role` VALUES (1, '超级管理员', 'admin', 1, '1', 1, 1, '0', '0', 'admin', '2023-06-26 10:21:56', '', NULL, '超级管理员');
INSERT INTO `sys_role` VALUES (2, '普通角色', 'common', 2, '2', 1, 1, '0', '0', 'admin', '2023-06-26 10:21:56', 'admin', '2023-07-05 18:38:21', '普通角色');
INSERT INTO `sys_role` VALUES (100, '游戏用户', 'game', 3, '1', 1, 1, '0', '0', 'admin', '2023-06-27 09:29:37', '', NULL, NULL);

-- ----------------------------
-- Table structure for sys_role_dept
-- ----------------------------
DROP TABLE IF EXISTS `sys_role_dept`;
CREATE TABLE `sys_role_dept`  (
  `role_id` bigint(0) NOT NULL COMMENT '角色ID',
  `dept_id` bigint(0) NOT NULL COMMENT '部门ID',
  PRIMARY KEY (`role_id`, `dept_id`) USING BTREE
) ENGINE = InnoDB CHARACTER SET = utf8mb4 COLLATE = utf8mb4_0900_ai_ci COMMENT = '角色和部门关联表' ROW_FORMAT = Dynamic;

-- ----------------------------
-- Records of sys_role_dept
-- ----------------------------
INSERT INTO `sys_role_dept` VALUES (2, 100);
INSERT INTO `sys_role_dept` VALUES (2, 101);
INSERT INTO `sys_role_dept` VALUES (2, 105);

-- ----------------------------
-- Table structure for sys_role_menu
-- ----------------------------
DROP TABLE IF EXISTS `sys_role_menu`;
CREATE TABLE `sys_role_menu`  (
  `role_id` bigint(0) NOT NULL COMMENT '角色ID',
  `menu_id` bigint(0) NOT NULL COMMENT '菜单ID',
  PRIMARY KEY (`role_id`, `menu_id`) USING BTREE
) ENGINE = InnoDB CHARACTER SET = utf8mb4 COLLATE = utf8mb4_0900_ai_ci COMMENT = '角色和菜单关联表' ROW_FORMAT = Dynamic;

-- ----------------------------
-- Records of sys_role_menu
-- ----------------------------
INSERT INTO `sys_role_menu` VALUES (2, 1);
INSERT INTO `sys_role_menu` VALUES (2, 2);
INSERT INTO `sys_role_menu` VALUES (2, 103);
INSERT INTO `sys_role_menu` VALUES (2, 105);
INSERT INTO `sys_role_menu` VALUES (2, 109);
INSERT INTO `sys_role_menu` VALUES (2, 111);
INSERT INTO `sys_role_menu` VALUES (2, 112);
INSERT INTO `sys_role_menu` VALUES (2, 1016);
INSERT INTO `sys_role_menu` VALUES (2, 1017);
INSERT INTO `sys_role_menu` VALUES (2, 1018);
INSERT INTO `sys_role_menu` VALUES (2, 1019);
INSERT INTO `sys_role_menu` VALUES (2, 1025);
INSERT INTO `sys_role_menu` VALUES (2, 1026);
INSERT INTO `sys_role_menu` VALUES (2, 1027);
INSERT INTO `sys_role_menu` VALUES (2, 1028);
INSERT INTO `sys_role_menu` VALUES (2, 1029);
INSERT INTO `sys_role_menu` VALUES (2, 1046);
INSERT INTO `sys_role_menu` VALUES (2, 1047);
INSERT INTO `sys_role_menu` VALUES (2, 1048);
INSERT INTO `sys_role_menu` VALUES (2, 2000);
INSERT INTO `sys_role_menu` VALUES (2, 2001);
INSERT INTO `sys_role_menu` VALUES (2, 2002);
INSERT INTO `sys_role_menu` VALUES (2, 2003);
INSERT INTO `sys_role_menu` VALUES (2, 2004);
INSERT INTO `sys_role_menu` VALUES (2, 2005);
INSERT INTO `sys_role_menu` VALUES (2, 2006);
INSERT INTO `sys_role_menu` VALUES (2, 2007);
INSERT INTO `sys_role_menu` VALUES (2, 2008);
INSERT INTO `sys_role_menu` VALUES (2, 2009);
INSERT INTO `sys_role_menu` VALUES (2, 2010);
INSERT INTO `sys_role_menu` VALUES (2, 2011);
INSERT INTO `sys_role_menu` VALUES (2, 2012);
INSERT INTO `sys_role_menu` VALUES (2, 2013);
INSERT INTO `sys_role_menu` VALUES (2, 2014);
INSERT INTO `sys_role_menu` VALUES (2, 2015);
INSERT INTO `sys_role_menu` VALUES (2, 2016);
INSERT INTO `sys_role_menu` VALUES (2, 2017);
INSERT INTO `sys_role_menu` VALUES (2, 2018);
INSERT INTO `sys_role_menu` VALUES (2, 2019);
INSERT INTO `sys_role_menu` VALUES (2, 2020);
INSERT INTO `sys_role_menu` VALUES (2, 2021);
INSERT INTO `sys_role_menu` VALUES (2, 2022);
INSERT INTO `sys_role_menu` VALUES (2, 2023);
INSERT INTO `sys_role_menu` VALUES (2, 2024);
INSERT INTO `sys_role_menu` VALUES (2, 2025);
INSERT INTO `sys_role_menu` VALUES (2, 2026);
INSERT INTO `sys_role_menu` VALUES (2, 2027);
INSERT INTO `sys_role_menu` VALUES (2, 2028);
INSERT INTO `sys_role_menu` VALUES (2, 2029);
INSERT INTO `sys_role_menu` VALUES (2, 2030);
INSERT INTO `sys_role_menu` VALUES (2, 2031);
INSERT INTO `sys_role_menu` VALUES (2, 2032);
INSERT INTO `sys_role_menu` VALUES (2, 2033);
INSERT INTO `sys_role_menu` VALUES (2, 2034);
INSERT INTO `sys_role_menu` VALUES (2, 2035);
INSERT INTO `sys_role_menu` VALUES (2, 2036);
INSERT INTO `sys_role_menu` VALUES (2, 2037);
INSERT INTO `sys_role_menu` VALUES (2, 2038);
INSERT INTO `sys_role_menu` VALUES (2, 2039);
INSERT INTO `sys_role_menu` VALUES (2, 2040);
INSERT INTO `sys_role_menu` VALUES (2, 2041);
INSERT INTO `sys_role_menu` VALUES (2, 2042);
INSERT INTO `sys_role_menu` VALUES (2, 2043);
INSERT INTO `sys_role_menu` VALUES (2, 2044);
INSERT INTO `sys_role_menu` VALUES (2, 2045);
INSERT INTO `sys_role_menu` VALUES (2, 2046);
INSERT INTO `sys_role_menu` VALUES (2, 2047);
INSERT INTO `sys_role_menu` VALUES (2, 2048);
INSERT INTO `sys_role_menu` VALUES (2, 2049);
INSERT INTO `sys_role_menu` VALUES (2, 2050);
INSERT INTO `sys_role_menu` VALUES (2, 2051);
INSERT INTO `sys_role_menu` VALUES (2, 2052);
INSERT INTO `sys_role_menu` VALUES (2, 2053);
INSERT INTO `sys_role_menu` VALUES (2, 2054);
INSERT INTO `sys_role_menu` VALUES (2, 2055);
INSERT INTO `sys_role_menu` VALUES (2, 2056);
INSERT INTO `sys_role_menu` VALUES (2, 2057);
INSERT INTO `sys_role_menu` VALUES (2, 2058);
INSERT INTO `sys_role_menu` VALUES (2, 2059);
INSERT INTO `sys_role_menu` VALUES (2, 2060);
INSERT INTO `sys_role_menu` VALUES (2, 2061);
INSERT INTO `sys_role_menu` VALUES (2, 2062);
INSERT INTO `sys_role_menu` VALUES (2, 2063);
INSERT INTO `sys_role_menu` VALUES (2, 2064);
INSERT INTO `sys_role_menu` VALUES (2, 2065);
INSERT INTO `sys_role_menu` VALUES (2, 2066);
INSERT INTO `sys_role_menu` VALUES (2, 2067);
INSERT INTO `sys_role_menu` VALUES (2, 2068);
INSERT INTO `sys_role_menu` VALUES (2, 2069);
INSERT INTO `sys_role_menu` VALUES (2, 2070);
INSERT INTO `sys_role_menu` VALUES (2, 2071);
INSERT INTO `sys_role_menu` VALUES (2, 2072);
INSERT INTO `sys_role_menu` VALUES (2, 2073);
INSERT INTO `sys_role_menu` VALUES (2, 2074);
INSERT INTO `sys_role_menu` VALUES (2, 2075);
INSERT INTO `sys_role_menu` VALUES (2, 2076);
INSERT INTO `sys_role_menu` VALUES (2, 2077);
INSERT INTO `sys_role_menu` VALUES (2, 2078);
INSERT INTO `sys_role_menu` VALUES (100, 2012);
INSERT INTO `sys_role_menu` VALUES (100, 2013);
INSERT INTO `sys_role_menu` VALUES (100, 2014);
INSERT INTO `sys_role_menu` VALUES (100, 2015);
INSERT INTO `sys_role_menu` VALUES (100, 2016);
INSERT INTO `sys_role_menu` VALUES (100, 2017);
INSERT INTO `sys_role_menu` VALUES (100, 2018);

-- ----------------------------
-- Table structure for sys_user
-- ----------------------------
DROP TABLE IF EXISTS `sys_user`;
CREATE TABLE `sys_user`  (
  `user_id` bigint(0) NOT NULL AUTO_INCREMENT COMMENT '用户ID',
  `dept_id` bigint(0) NULL DEFAULT NULL COMMENT '部门ID',
  `real_name` varchar(30) CHARACTER SET utf8mb4 COLLATE utf8mb4_0900_ai_ci NULL DEFAULT NULL COMMENT '真实姓名',
  `user_name` varchar(30) CHARACTER SET utf8mb4 COLLATE utf8mb4_0900_ai_ci NOT NULL COMMENT '用户账号',
  `nick_name` varchar(30) CHARACTER SET utf8mb4 COLLATE utf8mb4_0900_ai_ci NOT NULL COMMENT '用户昵称',
  `user_type` varchar(2) CHARACTER SET utf8mb4 COLLATE utf8mb4_0900_ai_ci NULL DEFAULT '00' COMMENT '用户类型（00系统用户）',
  `im_user_id` varchar(255) CHARACTER SET utf8mb4 COLLATE utf8mb4_0900_ai_ci NULL DEFAULT NULL COMMENT '即时通讯的用户id',
  `im_user_sig` varchar(255) CHARACTER SET utf8mb4 COLLATE utf8mb4_0900_ai_ci NULL DEFAULT NULL COMMENT '即时通讯的密码',
  `email` varchar(50) CHARACTER SET utf8mb4 COLLATE utf8mb4_0900_ai_ci NULL DEFAULT '' COMMENT '用户邮箱',
  `id_card` varchar(50) CHARACTER SET utf8mb4 COLLATE utf8mb4_0900_ai_ci NULL DEFAULT NULL COMMENT '身份证号',
  `phonenumber` varchar(11) CHARACTER SET utf8mb4 COLLATE utf8mb4_0900_ai_ci NULL DEFAULT '' COMMENT '手机号码',
  `wechat` varchar(255) CHARACTER SET utf8mb4 COLLATE utf8mb4_0900_ai_ci NULL DEFAULT NULL COMMENT '关联微信',
  `sex` char(1) CHARACTER SET utf8mb4 COLLATE utf8mb4_0900_ai_ci NULL DEFAULT '0' COMMENT '用户性别（0男 1女 2未知）',
  `avatar` varchar(100) CHARACTER SET utf8mb4 COLLATE utf8mb4_0900_ai_ci NULL DEFAULT '' COMMENT '头像地址',
  `password` varchar(100) CHARACTER SET utf8mb4 COLLATE utf8mb4_0900_ai_ci NULL DEFAULT '' COMMENT '密码',
  `status` char(1) CHARACTER SET utf8mb4 COLLATE utf8mb4_0900_ai_ci NULL DEFAULT '0' COMMENT '帐号状态（0正常 1停用）',
  `del_flag` char(1) CHARACTER SET utf8mb4 COLLATE utf8mb4_0900_ai_ci NULL DEFAULT '0' COMMENT '删除标志（0代表存在 2代表删除）',
  `login_ip` varchar(128) CHARACTER SET utf8mb4 COLLATE utf8mb4_0900_ai_ci NULL DEFAULT '' COMMENT '最后登录IP',
  `login_date` datetime(0) NULL DEFAULT NULL COMMENT '最后登录时间',
  `create_by` varchar(64) CHARACTER SET utf8mb4 COLLATE utf8mb4_0900_ai_ci NULL DEFAULT '' COMMENT '创建者',
  `create_time` datetime(0) NULL DEFAULT NULL COMMENT '创建时间',
  `update_by` varchar(64) CHARACTER SET utf8mb4 COLLATE utf8mb4_0900_ai_ci NULL DEFAULT '' COMMENT '更新者',
  `update_time` datetime(0) NULL DEFAULT NULL COMMENT '更新时间',
  `remark` varchar(500) CHARACTER SET utf8mb4 COLLATE utf8mb4_0900_ai_ci NULL DEFAULT NULL COMMENT '备注',
  PRIMARY KEY (`user_id`) USING BTREE
) ENGINE = InnoDB AUTO_INCREMENT = 109 CHARACTER SET = utf8mb4 COLLATE = utf8mb4_0900_ai_ci COMMENT = '用户信息表' ROW_FORMAT = Dynamic;

-- ----------------------------
-- Records of sys_user
-- ----------------------------
INSERT INTO `sys_user` VALUES (1, 103, NULL, 'admin', '若依', '00', NULL, NULL, 'ry@163.com', NULL, '18571940502', NULL, '0', '/profile/avatar/2023/07/10/blob_20230710134539A001.png', '$2a$10$7JB720yubVSZvUI0rEqK/.VqGOZTH.ulu33dHOiBE8ByOhJIrdAu2', '0', '0', '127.0.0.1', '2023-07-11 18:49:03', 'admin', '2023-06-26 10:21:54', '', '2023-07-11 18:49:08', '管理员');
INSERT INTO `sys_user` VALUES (2, 105, '测试', 'ry', '测试账号', '00', NULL, NULL, 'ry@qq.com', NULL, '15666666666', NULL, '1', '', '$2a$10$7JB720yubVSZvUI0rEqK/.VqGOZTH.ulu33dHOiBE8ByOhJIrdAu2', '0', '0', '127.0.0.1', '2023-07-05 18:39:45', 'admin', '2023-06-26 10:21:54', 'admin', '2023-07-05 18:39:46', '测试员');
INSERT INTO `sys_user` VALUES (100, 200, '测试1', 'yx', '游戏用户1', '00', NULL, NULL, '', NULL, '13871252331', NULL, '0', '/profile/avatar/2023/06/27/blob_20230627170332A002.png', '$2a$10$IsnHpgUxGc1E0sMlbmiPDe1AOJWkQlX/hN5OPwD7440F1Et8m23A.', '0', '0', '192.168.1.13', '2023-07-06 15:07:33', 'admin', '2023-06-27 09:28:00', 'admin', '2023-07-06 15:07:33', NULL);
INSERT INTO `sys_user` VALUES (101, 200, '测试', 'cs', '游戏用户2', '00', NULL, NULL, '', NULL, '15963989898', NULL, '0', '/profile/avatar/2023/06/27/blob_20230627170256A001.png', '$2a$10$Cjw0Fs.nfY8TU2iUB6g4o.p5bNx3zOUyo2CMwGDntEsv5Cn9Aceea', '0', '0', '127.0.0.1', '2023-06-27 17:02:39', 'admin', '2023-06-27 11:18:35', '', '2023-06-27 17:02:38', NULL);
INSERT INTO `sys_user` VALUES (102, 200, '测试3', '123', '游戏用户3', '00', NULL, NULL, '', NULL, '15963989890', NULL, '1', '/profile/avatar/2023/06/27/blob_20230627170420A003.png', '$2a$10$cqC83qqqCWiAPa2W3bD6LOz.g5S3nkGSjOf5QH1cA7NAyRxnhXGPy', '0', '0', '127.0.0.1', '2023-06-27 17:03:55', 'admin', '2023-06-27 14:46:59', '', '2023-06-27 17:03:54', NULL);
INSERT INTO `sys_user` VALUES (108, NULL, NULL, '13871252330', '13871252330', '00', NULL, NULL, '', NULL, '13871252330', NULL, '0', '', '$2a$10$pFVRfvSxOUJNmCVOXOmEyeqxMsZSr.lQHIUyUrgw0f40MnSdzB8ly', '0', '0', '', NULL, '', '2023-07-06 15:03:01', '', NULL, NULL);

-- ----------------------------
-- Table structure for sys_user_post
-- ----------------------------
DROP TABLE IF EXISTS `sys_user_post`;
CREATE TABLE `sys_user_post`  (
  `user_id` bigint(0) NOT NULL COMMENT '用户ID',
  `post_id` bigint(0) NOT NULL COMMENT '岗位ID',
  PRIMARY KEY (`user_id`, `post_id`) USING BTREE
) ENGINE = InnoDB CHARACTER SET = utf8mb4 COLLATE = utf8mb4_0900_ai_ci COMMENT = '用户与岗位关联表' ROW_FORMAT = Dynamic;

-- ----------------------------
-- Records of sys_user_post
-- ----------------------------
INSERT INTO `sys_user_post` VALUES (1, 1);
INSERT INTO `sys_user_post` VALUES (2, 4);

-- ----------------------------
-- Table structure for sys_user_role
-- ----------------------------
DROP TABLE IF EXISTS `sys_user_role`;
CREATE TABLE `sys_user_role`  (
  `user_id` bigint(0) NOT NULL COMMENT '用户ID',
  `role_id` bigint(0) NOT NULL COMMENT '角色ID',
  PRIMARY KEY (`user_id`, `role_id`) USING BTREE
) ENGINE = InnoDB CHARACTER SET = utf8mb4 COLLATE = utf8mb4_0900_ai_ci COMMENT = '用户和角色关联表' ROW_FORMAT = Dynamic;

-- ----------------------------
-- Records of sys_user_role
-- ----------------------------
INSERT INTO `sys_user_role` VALUES (1, 1);
INSERT INTO `sys_user_role` VALUES (2, 2);
INSERT INTO `sys_user_role` VALUES (100, 100);
INSERT INTO `sys_user_role` VALUES (101, 100);
INSERT INTO `sys_user_role` VALUES (102, 100);
INSERT INTO `sys_user_role` VALUES (108, 100);

-- ----------------------------
-- Table structure for user_friends
-- ----------------------------
DROP TABLE IF EXISTS `user_friends`;
CREATE TABLE `user_friends`  (
  `user_id` bigint(0) NOT NULL COMMENT '用户id',
  `friends_id` varchar(32) CHARACTER SET utf8mb4 COLLATE utf8mb4_0900_ai_ci NOT NULL COMMENT '好友id',
  `create_time` datetime(0) NOT NULL COMMENT '创建时间',
  `deleted` bit(1) NOT NULL DEFAULT b'1' COMMENT '是否删除'
) ENGINE = InnoDB CHARACTER SET = utf8mb4 COLLATE = utf8mb4_0900_ai_ci COMMENT = '用户好友 ' ROW_FORMAT = Dynamic;

-- ----------------------------
-- Records of user_friends
-- ----------------------------
INSERT INTO `user_friends` VALUES (100, '101', '2023-06-27 11:53:39', b'1');
INSERT INTO `user_friends` VALUES (100, '102', '2023-06-27 14:47:23', b'1');
INSERT INTO `user_friends` VALUES (1, '2', '2023-06-29 19:54:39', b'1');
INSERT INTO `user_friends` VALUES (1, '100', '2023-06-29 19:54:52', b'1');

SET FOREIGN_KEY_CHECKS = 1;
